name,m,L,cv,f,split,method,candidate_cost,reference_cost,improvement_pct,improvement_ci_low,improvement_ci_high,absolute_improvement,absolute_ci_low,absolute_ci_high,paths
perish_m7_L2_cv1.5_f0,7,2,1.5,0.0,discovery,baseline_age_discount,154.02734375,176.62916666666666,12.79620084451888,12.524639827081986,13.067738683481513,22.601822916666663,22.022916666666674,23.177910156249997,128
perish_m7_L2_cv1.5_f0,7,2,1.5,0.0,discovery,baseline_base_stock,155.07265625000002,170.17890625,8.87668767703106,8.64118664897422,9.114269401045807,15.106249999999989,14.64894531250002,15.570058593750003,128
perish_m7_L2_cv1.5_f0,7,2,1.5,0.0,discovery,baseline_bsp_low_ew_mixed_l2,150.18515624999998,168.30052083333334,10.763700845152382,10.460588900750768,11.041380776132934,18.11536458333336,17.523691406249995,18.66798828125,128
perish_m7_L2_cv1.5_f0,7,2,1.5,0.0,discovery,baseline_capped_base_stock,154.64427083333334,171.79895833333333,9.985326841572329,9.746306557083146,10.224088586067671,17.154687499999994,16.678378906250046,17.649218750000017,128
perish_m7_L2_cv1.5_f0,7,2,1.5,0.0,discovery,baseline_constant,171.86041666666665,172.27942708333333,0.24321558514586902,-0.1730365383818149,0.6374333456856444,0.41901041666667993,-0.2963606770833415,1.1062565104166835,128
perish_m7_L2_cv1.5_f0,7,2,1.5,0.0,discovery,best_of_n_r1,141.80677083333333,149.65130208333335,5.24187303471091,4.960303783893677,5.527056203928712,7.844531250000017,7.398404947916666,8.290117187500012,128
perish_m7_L2_cv1.5_f0,7,2,1.5,0.0,discovery,best_of_n_r2,141.87786458333335,150.12369791666666,5.492692657964336,5.2010159174289186,5.793600564154217,8.245833333333309,7.785924479166683,8.72972005208329,128
perish_m7_L2_cv1.5_f0,7,2,1.5,0.0,discovery,best_of_n_r3,144.26744791666664,152.77213541666669,5.5669101415677575,5.2890769598136975,5.855870061634714,8.504687500000045,8.067434895833319,8.953665364583353,128
perish_m7_L2_cv1.5_f0,7,2,1.5,0.0,discovery,evolution_r1,142.66822916666666,155.12057291666665,8.027525631103483,7.699943648789817,8.340018052837218,12.452343749999983,11.949993489583322,12.93463541666668,128
perish_m7_L2_cv1.5_f0,7,2,1.5,0.0,discovery,evolution_r2,141.92578125,166.23072916666666,14.621212358575395,14.219039052664293,15.040911509348174,24.304947916666663,23.678378906249993,24.972154947916675,128
perish_m7_L2_cv1.5_f0,7,2,1.5,0.0,discovery,evolution_r3,141.91354166666667,151.77994791666669,6.500467542271833,6.181856959484966,6.8247549994868555,9.866406250000011,9.38070963541664,10.354993489583341,128
perish_m7_L2_cv1.5_f0,7,2,1.5,0.0,discovery,one_query_r1,143.60729166666667,158.375,9.324519863193894,9.033575663751137,9.605105572928737,14.767708333333331,14.310904947916688,15.19899088541667,128
perish_m7_L2_cv1.5_f0,7,2,1.5,0.0,discovery,one_query_r2,144.7734375,155.2791666666667,6.76570424235921,6.534540213552987,7.001683284019409,10.505729166666697,10.141386718750017,10.890377604166671,128
perish_m7_L2_cv1.5_f0,7,2,1.5,0.0,discovery,one_query_r3,146.29557291666666,157.74296875,7.256992767440439,6.997274903422935,7.513189655811666,11.447395833333331,11.039550781249993,11.846386718750018,128
perish_m7_L2_cv1.5_f0.5,7,2,1.5,0.5,discovery,baseline_age_discount,122.54322916666666,158.13359375000002,22.506517267671562,22.104502562056766,22.898404942842628,35.590364583333354,34.82799479166667,36.35234374999999,128
perish_m7_L2_cv1.5_f0.5,7,2,1.5,0.5,discovery,baseline_base_stock,127.34531249999999,152.21875,16.340587148429485,15.979002697164663,16.683672523320237,24.87343750000001,24.216334635416672,25.499739583333337,128
perish_m7_L2_cv1.5_f0.5,7,2,1.5,0.5,discovery,baseline_bsp_low_ew_mixed_l2,122.15312499999999,153.36744791666666,20.352638933932845,19.970628981293604,20.733013326687505,31.214322916666674,30.53173828124998,31.913027343749988,128
perish_m7_L2_cv1.5_f0.5,7,2,1.5,0.5,discovery,baseline_capped_base_stock,123.91927083333334,152.70494791666664,18.850520219581927,18.465709707216753,19.226743722455716,28.785677083333297,28.08358723958331,29.463808593749974,128
perish_m7_L2_cv1.5_f0.5,7,2,1.5,0.5,discovery,baseline_constant,134.17786458333333,141.35260416666665,5.075774603256475,4.480529544004969,5.649318670186941,7.17473958333332,6.30360026041671,8.03492838541667,128
perish_m7_L2_cv1.5_f0.5,7,2,1.5,0.5,discovery,best_of_n_r1,122.03515625,125.37916666666666,2.667118075171975,2.441453935271055,2.877153335676683,3.344010416666663,3.049986979166664,3.6182486979166657,128
perish_m7_L2_cv1.5_f0.5,7,2,1.5,0.5,discovery,best_of_n_r2,121.94375,127.53046875,4.380693339214282,4.095489279568223,4.661844230221714,5.586718750000003,5.201803385416671,5.962278645833329,128
perish_m7_L2_cv1.5_f0.5,7,2,1.5,0.5,discovery,best_of_n_r3,121.84062499999999,124.41458333333333,2.068855808034297,1.8533599775674914,2.2903988279214094,2.573958333333337,2.3096093750000137,2.8437565104166804,128
perish_m7_L2_cv1.5_f0.5,7,2,1.5,0.5,discovery,evolution_r1,122.00651041666666,122.76692708333334,0.6193986318078322,0.5103749725123147,0.7300900356927871,0.7604166666666856,0.6262955729166617,0.8979231770833407,128
perish_m7_L2_cv1.5_f0.5,7,2,1.5,0.5,discovery,evolution_r2,122.15390625,125.20703125,2.4384612984743974,2.204785687686925,2.6657025248658583,3.0531249999999943,2.7718554687499943,3.3338671874999743,128
perish_m7_L2_cv1.5_f0.5,7,2,1.5,0.5,discovery,evolution_r3,122.07109375000002,126.04244791666665,3.1508069164860255,2.9535396310060325,3.357528632980725,3.9713541666666288,3.7252539062499905,4.22867838541665,128
perish_m7_L2_cv1.5_f0.5,7,2,1.5,0.5,discovery,one_query_r1,121.95677083333334,123.15989583333332,0.9768804949527726,0.8839684779594463,1.0699560193772262,1.2031249999999858,1.0869726562500126,1.3166731770833293,128
perish_m7_L2_cv1.5_f0.5,7,2,1.5,0.5,discovery,one_query_r2,121.93385416666666,126.92526041666665,3.932555453196894,3.6856598301796404,4.168756426429038,4.991406249999983,4.665345052083329,5.31123046874999,128
perish_m7_L2_cv1.5_f0.5,7,2,1.5,0.5,discovery,one_query_r3,121.86510416666667,122.80963541666667,0.7691019086535075,0.6851867411632101,0.8555466344951824,0.9445312499999972,0.8419270833333456,1.0502604166666742,128
perish_m7_L2_cv2_f0,7,2,2.0,0.0,discovery,baseline_age_discount,191.4239583333333,201.10442708333335,4.813652732760909,4.622905399571421,5.001874135227983,9.680468750000045,9.263776041666693,10.077871093750003,128
perish_m7_L2_cv2_f0,7,2,2.0,0.0,discovery,baseline_base_stock,192.27473958333331,197.68802083333333,2.738295030311339,2.597070099123601,2.8752593734917182,5.413281250000011,5.118216145833346,5.70833984374998,128
perish_m7_L2_cv2_f0,7,2,2.0,0.0,discovery,baseline_bsp_low_ew_mixed_l2,188.25859375,195.39609374999998,3.6528365859412117,3.4682307732197892,3.8317813929732765,7.137499999999989,6.746595052083354,7.505468750000034,128
perish_m7_L2_cv2_f0,7,2,2.0,0.0,discovery,baseline_capped_base_stock,192.05520833333333,198.49713541666665,3.245350150676499,3.093578328629835,3.3964062192908258,6.441927083333326,6.123951822916654,6.760677083333321,128
perish_m7_L2_cv2_f0,7,2,2.0,0.0,discovery,baseline_constant,202.55729166666666,202.55729166666666,0.0,0.0,0.0,0.0,0.0,0.0,128
perish_m7_L2_cv2_f0,7,2,2.0,0.0,discovery,best_of_n_r1,180.49453125,188.19739583333333,4.092970866693052,3.882074896067094,4.312077260319659,7.702864583333337,7.299993489583317,8.115930989583351,128
perish_m7_L2_cv2_f0,7,2,2.0,0.0,discovery,best_of_n_r2,180.115625,187.51432291666669,3.9456708168126173,3.7431022611090503,4.14937310097291,7.398697916666691,7.0054622395833395,7.788300781250012,128
perish_m7_L2_cv2_f0,7,2,2.0,0.0,discovery,best_of_n_r3,180.15078124999997,191.76406250000002,6.056025878154337,5.859155278621829,6.261121592126622,11.613281250000057,11.253111979166679,12.002871093750015,128
perish_m7_L2_cv2_f0,7,2,2.0,0.0,discovery,evolution_r1,180.32526041666665,197.72630208333334,8.800570021955338,8.52747197641762,9.080540594714709,17.401041666666686,16.901809895833342,17.89922526041668,128
perish_m7_L2_cv2_f0,7,2,2.0,0.0,discovery,evolution_r2,180.01692708333334,209.63828125,14.129744810940469,13.78592012646401,14.469863483641685,29.621354166666663,28.958066406250012,30.26642578124999,128
perish_m7_L2_cv2_f0,7,2,2.0,0.0,discovery,evolution_r3,180.73671875,193.74739583333331,6.715278431161703,6.4620098187251145,6.978637670197183,13.01067708333332,12.535664062499965,13.494303385416664,128
perish_m7_L2_cv2_f0,7,2,2.0,0.0,discovery,one_query_r1,183.10026041666669,201.11197916666669,8.956064588809612,8.703942602524272,9.210767013802663,18.01171875,17.558294270833336,18.47813802083331,128
perish_m7_L2_cv2_f0,7,2,2.0,0.0,discovery,one_query_r2,182.65364583333331,194.07447916666666,5.884768251020477,5.6812441504302535,6.082127590081514,11.420833333333348,11.023938802083325,11.804179687500007,128
perish_m7_L2_cv2_f0,7,2,2.0,0.0,discovery,one_query_r3,184.86197916666669,200.44036458333335,7.772079964557203,7.507182260012072,8.040762957685525,15.578385416666663,15.088268229166662,16.057558593749988,128
perish_m7_L2_cv2_f0.5,7,2,2.0,0.5,discovery,baseline_age_discount,164.29140625000002,179.66276041666666,8.555670708285906,8.311043386644789,8.789935172115602,15.371354166666634,14.835338541666674,15.88649088541667,128
perish_m7_L2_cv2_f0.5,7,2,2.0,0.5,discovery,baseline_base_stock,168.70520833333333,178.59427083333333,5.5371667040924315,5.337597610581754,5.7311450823891485,9.889062499999994,9.489843750000006,10.28385416666663,128
perish_m7_L2_cv2_f0.5,7,2,2.0,0.5,discovery,baseline_bsp_low_ew_mixed_l2,164.11458333333334,178.0236979166667,7.8130691284955995,7.572484181349277,8.04465989995834,13.909114583333348,13.41171223958334,14.382819010416666,128
perish_m7_L2_cv2_f0.5,7,2,2.0,0.5,discovery,baseline_capped_base_stock,165.75729166666667,178.27994791666669,7.024152966352375,6.814122551001791,7.236638083245423,12.522656250000011,12.071341145833319,12.96511067708333,128
perish_m7_L2_cv2_f0.5,7,2,2.0,0.5,discovery,baseline_constant,170.81666666666666,170.81666666666666,0.0,0.0,0.0,0.0,0.0,0.0,128
perish_m7_L2_cv2_f0.5,7,2,2.0,0.5,discovery,best_of_n_r1,163.88541666666666,165.559375,1.0110924454343535,0.892401646014829,1.1258048641856753,1.6739583333333314,1.473678385416651,1.8651106770833628,128
perish_m7_L2_cv2_f0.5,7,2,2.0,0.5,discovery,best_of_n_r2,163.83697916666668,166.37239583333334,1.5239407078122287,1.3768772847635495,1.6631621885042913,2.535416666666663,2.2825325520833415,2.778919270833367,128
perish_m7_L2_cv2_f0.5,7,2,2.0,0.5,discovery,best_of_n_r3,165.07578124999998,169.79453125,2.779094217735607,2.473923862065691,3.0902122947956285,4.718750000000028,4.2242057291666715,5.231523437500012,128
perish_m7_L2_cv2_f0.5,7,2,2.0,0.5,discovery,evolution_r1,164.6,165.94244791666665,0.8089840384545917,0.6372928368234368,0.9807957956171524,1.3424479166666572,1.0611914062500183,1.6203385416666773,128
perish_m7_L2_cv2_f0.5,7,2,2.0,0.5,discovery,evolution_r2,165.43671875,170.84296875,3.164455663323867,2.8394665332646936,3.492165709220341,5.40625,4.872395833333342,5.943229166666641,128
perish_m7_L2_cv2_f0.5,7,2,2.0,0.5,discovery,evolution_r3,164.17031250000002,170.52447916666665,3.7262489806265378,3.492352658268778,3.956067273614226,6.354166666666629,5.975247395833324,6.723971354166648,128
perish_m7_L2_cv2_f0.5,7,2,2.0,0.5,discovery,one_query_r1,164.08098958333332,166.5390625,1.4759737924348408,1.292977086129792,1.665250088056956,2.45807291666668,2.1601367187499987,2.7588802083333173,128
perish_m7_L2_cv2_f0.5,7,2,2.0,0.5,discovery,one_query_r2,163.79583333333335,166.37421875,1.5497505779672747,1.434688516552835,1.6646908696998608,2.578385416666663,2.388535156250002,2.768496093750015,128
perish_m7_L2_cv2_f0.5,7,2,2.0,0.5,discovery,one_query_r3,163.8416666666667,166.32135416666665,1.4909014614654466,1.3220484441345064,1.6640788274080398,2.4796874999999545,2.207278645833329,2.755729166666641,128
perish_m8_L2_cv1.5_f0,8,2,1.5,0.0,transfer,baseline_age_discount,141.58072916666669,171.82578124999998,17.602161831191033,17.297659901142353,17.909429288542597,30.24505208333329,29.565071614583353,30.932337239583322,128
perish_m8_L2_cv1.5_f0,8,2,1.5,0.0,transfer,baseline_base_stock,142.1934895833333,163.68932291666667,13.132092521560967,12.832168681683214,13.430883900066599,21.495833333333366,20.89842447916664,22.084127604166664,128
perish_m8_L2_cv1.5_f0,8,2,1.5,0.0,transfer,baseline_bsp_low_ew_mixed_l2,137.73567708333331,163.14218749999998,15.573231428361634,15.236179998072796,15.911528984627253,25.406510416666663,24.73723958333335,26.078131510416668,128
perish_m8_L2_cv1.5_f0,8,2,1.5,0.0,transfer,baseline_capped_base_stock,142.21744791666669,165.64166666666665,14.141501484127362,13.820015533985465,14.466594763383638,23.424218749999966,22.773430989583332,24.07109374999999,128
perish_m8_L2_cv1.5_f0,8,2,1.5,0.0,transfer,baseline_constant,162.10416666666666,164.45364583333333,1.4286573914255232,0.9830770662529774,1.860933878067633,2.3494791666666686,1.6067252604166762,3.080729166666658,128
perish_m8_L2_cv1.5_f0,8,2,1.5,0.0,transfer,best_of_n_r1,128.01354166666667,138.59661458333332,7.635881257621497,7.32184669120943,7.945591695461093,10.583072916666652,10.121575520833325,11.045605468750018,128
perish_m8_L2_cv1.5_f0,8,2,1.5,0.0,transfer,best_of_n_r2,128.4296875,140.29557291666669,8.457776086573189,8.137524904599836,8.776267753029995,11.865885416666686,11.377076822916665,12.360957031250004,128
perish_m8_L2_cv1.5_f0,8,2,1.5,0.0,transfer,best_of_n_r3,128.28671875,140.86953125,8.93224559515952,8.62494758722171,9.247806555409086,12.582812499999989,12.122643229166673,13.036458333333314,128
perish_m8_L2_cv1.5_f0,8,2,1.5,0.0,transfer,evolution_r1,128.38151041666666,142.02395833333333,9.605737001532901,9.307249702618064,9.913298330863526,13.642447916666669,13.215846354166652,14.073444010416663,128
perish_m8_L2_cv1.5_f0,8,2,1.5,0.0,transfer,evolution_r2,127.94036458333332,148.53020833333332,13.86239471487983,13.428044067195401,14.330899688867456,20.58984375,19.956503906250006,21.263027343749997,128
perish_m8_L2_cv1.5_f0,8,2,1.5,0.0,transfer,evolution_r3,128.26536458333334,137.35468749999998,6.617410065940885,6.308821043827071,6.918007108672112,9.089322916666646,8.663528645833313,9.495312500000011,128
perish_m8_L2_cv1.5_f0,8,2,1.5,0.0,transfer,one_query_r1,130.415625,147.2950520833333,11.459602236865114,11.102718594813016,11.826689433376352,16.879427083333297,16.35285156250001,17.408613281249995,128
perish_m8_L2_cv1.5_f0,8,2,1.5,0.0,transfer,one_query_r2,130.92526041666667,143.98098958333333,9.06767567332926,8.781882833311697,9.353552202254301,13.055729166666652,12.626816406249974,13.481783854166704,128
perish_m8_L2_cv1.5_f0,8,2,1.5,0.0,transfer,one_query_r3,133.0296875,145.04739583333333,8.28536649299259,8.009344446713897,8.564366195436536,12.017708333333331,11.60129557291667,12.428645833333348,128
perish_m8_L2_cv1.5_f0.5,8,2,1.5,0.5,transfer,baseline_age_discount,109.95442708333334,156.31666666666666,29.65917875039982,29.19521956447367,30.094642810835975,46.36223958333332,45.470820312499995,47.20965494791668,128
perish_m8_L2_cv1.5_f0.5,8,2,1.5,0.5,transfer,baseline_base_stock,113.54869791666667,147.92526041666667,23.239142796281204,22.85433358899835,23.63661834240775,34.376562500000006,33.68641276041664,35.07661458333335,128
perish_m8_L2_cv1.5_f0.5,8,2,1.5,0.5,transfer,baseline_bsp_low_ew_mixed_l2,109.46041666666667,150.09869791666668,27.074372938639332,26.657019113376393,27.5060936363429,40.638281250000006,39.84473958333335,41.44947916666668,128
perish_m8_L2_cv1.5_f0.5,8,2,1.5,0.5,transfer,baseline_capped_base_stock,111.2453125,148.99244791666666,25.334932034796225,24.889394543104693,25.789318711739018,37.747135416666666,36.93300130208334,38.58985026041667,128
perish_m8_L2_cv1.5_f0.5,8,2,1.5,0.5,transfer,baseline_constant,123.68802083333334,134.00130208333334,7.6964037585144744,7.0212195622796,8.337056575345747,10.313281250000003,9.352070312500022,11.235729166666662,128
perish_m8_L2_cv1.5_f0.5,8,2,1.5,0.5,transfer,best_of_n_r1,109.24296874999999,116.48984375,6.221035900393692,5.886749345453494,6.54748049745425,7.246875000000017,6.831764322916671,7.659915364583351,128
perish_m8_L2_cv1.5_f0.5,8,2,1.5,0.5,transfer,best_of_n_r2,109.26796875,119.83098958333333,8.814932489552348,8.449144573998487,9.188113570523285,10.56302083333334,10.091380208333339,11.051569010416655,128
perish_m8_L2_cv1.5_f0.5,8,2,1.5,0.5,transfer,best_of_n_r3,109.26979166666666,110.071875,0.7286905336475306,0.5861882159597415,0.8727538663408793,0.8020833333333428,0.6442643229166709,0.9624999999999918,128
perish_m8_L2_cv1.5_f0.5,8,2,1.5,0.5,transfer,evolution_r1,109.32343750000001,112.51640625,2.83778060144006,2.585747263770863,3.090831784216772,3.1929687499999915,2.9007161458333277,3.493242187500013,128
perish_m8_L2_cv1.5_f0.5,8,2,1.5,0.5,transfer,evolution_r2,109.29270833333334,109.7328125,0.4010688841741455,0.3150074751960899,0.48880385116046743,0.4401041666666572,0.3460937499999943,0.5361979166666657,128
perish_m8_L2_cv1.5_f0.5,8,2,1.5,0.5,transfer,evolution_r3,109.27057291666667,112.8984375,3.213387770165849,2.9687838122741628,3.4535467887500593,3.6278645833333343,3.3489388020833424,3.904440104166665,128
perish_m8_L2_cv1.5_f0.5,8,2,1.5,0.5,transfer,one_query_r1,109.55312500000001,111.50598958333333,1.7513539771546185,1.5746505391855683,1.9326945135089766,1.952864583333323,1.7525716145833243,2.1570507812499886,128
perish_m8_L2_cv1.5_f0.5,8,2,1.5,0.5,transfer,one_query_r2,109.46770833333333,117.76432291666666,7.045100228873427,6.720127189454812,7.374607442671248,8.296614583333323,7.887233072916645,8.72007812500001,128
perish_m8_L2_cv1.5_f0.5,8,2,1.5,0.5,transfer,one_query_r3,109.37890625,111.84296875000001,2.2031447551324153,2.0032562432579994,2.399627983101728,2.4640625000000114,2.2356705729166624,2.6968945312499915,128
perish_m8_L2_cv2_f0,8,2,2.0,0.0,transfer,baseline_age_discount,180.01510416666667,194.94244791666665,7.6573080463117345,7.437413699148459,7.872615803871845,14.927343749999977,14.453098958333362,15.393020833333328,128
perish_m8_L2_cv2_f0,8,2,2.0,0.0,transfer,baseline_base_stock,180.51666666666668,189.9580729166667,4.97025796536792,4.782481575428738,5.160719153728827,9.441406250000028,9.040865885416697,9.839856770833332,128
perish_m8_L2_cv2_f0,8,2,2.0,0.0,transfer,baseline_bsp_low_ew_mixed_l2,176.08489583333335,188.64192708333334,6.6565431365917265,6.403546230124241,6.899102835061499,12.557031249999994,12.031204427083361,13.077363281250012,128
perish_m8_L2_cv2_f0,8,2,2.0,0.0,transfer,baseline_capped_base_stock,180.48098958333333,191.24921875,5.630469623378101,5.4338553879455675,5.824096739126181,10.768229166666686,10.34552734375003,11.181002604166677,128
perish_m8_L2_cv2_f0,8,2,2.0,0.0,transfer,baseline_constant,194.01901041666667,194.01901041666667,0.0,0.0,0.0,0.0,0.0,0.0,128
perish_m8_L2_cv2_f0,8,2,2.0,0.0,transfer,best_of_n_r1,166.89270833333333,176.3848958333333,5.381519463531148,5.156649128024541,5.617265229189105,9.492187499999972,9.084889322916627,9.921367187500007,128
perish_m8_L2_cv2_f0,8,2,2.0,0.0,transfer,best_of_n_r2,166.92682291666668,177.00416666666666,5.6932805254113505,5.455156283403278,5.939626645182757,10.077343749999983,9.643489583333348,10.530221354166653,128
perish_m8_L2_cv2_f0,8,2,2.0,0.0,transfer,best_of_n_r3,167.14947916666665,179.09921874999998,6.672133841082614,6.434175259299029,6.906641849179577,11.949739583333326,11.534628906250008,12.35600260416666,128
perish_m8_L2_cv2_f0,8,2,2.0,0.0,transfer,evolution_r1,167.20807291666665,182.77083333333331,8.514903681750825,8.268028811220908,8.76040393871616,15.562760416666663,15.157005208333322,15.962773437500003,128
perish_m8_L2_cv2_f0,8,2,2.0,0.0,transfer,evolution_r2,166.89322916666666,191.07239583333333,12.654453073251581,12.316989650301787,13.003690983104956,24.179166666666674,23.614049479166685,24.7523763020833,128
perish_m8_L2_cv2_f0,8,2,2.0,0.0,transfer,evolution_r3,166.63229166666667,178.17890624999998,6.480348783336023,6.196967642883054,6.768643051703324,11.546614583333309,11.070553385416662,12.027428385416693,128
perish_m8_L2_cv2_f0,8,2,2.0,0.0,transfer,one_query_r1,169.70755208333335,189.33619791666666,10.367085665242177,10.076090612636014,10.65121428146449,19.62864583333331,19.130195312499982,20.115117187499973,128
perish_m8_L2_cv2_f0,8,2,2.0,0.0,transfer,one_query_r2,169.65989583333334,181.54739583333333,6.547876903127334,6.327067718556271,6.77380735976645,11.887499999999989,11.479947916666703,12.294811197916696,128
perish_m8_L2_cv2_f0,8,2,2.0,0.0,transfer,one_query_r3,172.21223958333331,186.15625,7.4904873817917395,7.2357746012515305,7.7565851516735735,13.944010416666686,13.498157552083333,14.406777343749992,128
perish_m8_L2_cv2_f0.5,8,2,2.0,0.5,transfer,baseline_age_discount,152.78020833333332,175.95416666666665,13.170451585403395,12.883293384065567,13.443019964394304,23.17395833333333,22.543710937499988,23.78024088541668,128
perish_m8_L2_cv2_f0.5,8,2,2.0,0.5,transfer,baseline_base_stock,156.26927083333334,172.83697916666665,9.585742827266772,9.326563849566785,9.849772943213885,16.567708333333314,16.021054687499976,17.123450520833355,128
perish_m8_L2_cv2_f0.5,8,2,2.0,0.5,transfer,baseline_bsp_low_ew_mixed_l2,152.63984375,173.48828125000003,12.017202170535663,11.730689839278975,12.30674270430696,20.848437500000017,20.238789062499993,21.464628906250002,128
perish_m8_L2_cv2_f0.5,8,2,2.0,0.5,transfer,baseline_capped_base_stock,154.6296875,173.22005208333334,10.732224335315308,10.50095660576805,10.973774858050433,18.590364583333354,18.10571614583333,19.10573567708333,128
perish_m8_L2_cv2_f0.5,8,2,2.0,0.5,transfer,baseline_constant,161.82994791666664,161.82994791666664,0.0,0.0,0.0,0.0,0.0,0.0,128
perish_m8_L2_cv2_f0.5,8,2,2.0,0.5,transfer,best_of_n_r1,152.09140625,155.7375,2.3411790673408817,2.159970138635001,2.5246058385171914,3.6460937500000057,3.3523177083333793,3.94895833333331,128
perish_m8_L2_cv2_f0.5,8,2,2.0,0.5,transfer,best_of_n_r2,152.10520833333334,157.73177083333331,3.567171325265386,3.359820453899977,3.7591892881229216,5.626562499999977,5.273919270833326,5.966406249999978,128
perish_m8_L2_cv2_f0.5,8,2,2.0,0.5,transfer,best_of_n_r3,152.17161458333334,153.52890624999998,0.8840626171442163,0.7307041657925197,1.0386042361572323,1.3572916666666401,1.1278645833333478,1.5875065104166437,128
perish_m8_L2_cv2_f0.5,8,2,2.0,0.5,transfer,evolution_r1,152.47604166666667,152.9828125,0.3312599795047696,0.2503263395447924,0.4106275624938338,0.5067708333333201,0.3828125,0.6278710937500143,128
perish_m8_L2_cv2_f0.5,8,2,2.0,0.5,transfer,evolution_r2,152.18151041666667,154.04973958333332,1.2127441251895343,1.0183798231048595,1.4075054096373543,1.8682291666666515,1.5812434895833163,2.15522786458332,128
perish_m8_L2_cv2_f0.5,8,2,2.0,0.5,transfer,evolution_r3,152.18020833333333,155.93645833333335,2.408833726344212,2.2333063947947793,2.5901231983520923,3.7562500000000227,3.4895638020833424,4.030214843750014,128
perish_m8_L2_cv2_f0.5,8,2,2.0,0.5,transfer,one_query_r1,152.77057291666665,153.47604166666667,0.45966050618651244,0.33336763976445327,0.5852016929527644,0.7054687500000227,0.5132812500000334,0.8937630208333166,128
perish_m8_L2_cv2_f0.5,8,2,2.0,0.5,transfer,one_query_r2,152.22161458333332,155.12916666666666,1.8742781553006964,1.7355335826141982,2.0152037042202458,2.907552083333343,2.68177083333336,3.13620442708334,128
perish_m8_L2_cv2_f0.5,8,2,2.0,0.5,transfer,one_query_r3,152.20963541666666,152.81640625,0.39705869822687495,0.317296425123734,0.4797025475229389,0.6067708333333428,0.4867187499999943,0.73046875,128
