name,m,L,cv,f,split,candidate,reference,candidate_cost,reference_cost,improvement_pct,improvement_ci_low,improvement_ci_high,absolute_improvement,absolute_ci_low,absolute_ci_high,paths
perish_m7_L2_cv1.5_f0,7,2,1.5,0.0,discovery,evolution,one_query,142.1691840277778,144.89210069444445,1.8792719917898653,1.6994001910874454,2.052752726367602,2.722916666666663,2.461890190972208,2.975707465277791,128
perish_m7_L2_cv1.5_f0,7,2,1.5,0.0,discovery,evolution,best_of_n,142.1691840277778,142.65069444444444,0.3375450912047295,0.21841027428830787,0.45558316026921525,0.48151041666667993,0.3120572916666447,0.6503472222222229,128
perish_m7_L2_cv1.5_f0,7,2,1.5,0.0,discovery,evolution,baek,142.1691840277778,142.05034722222223,-0.08365822954985416,-0.18014691508663394,0.011075952281598796,-0.11883680555553156,-0.2551236979166781,0.01580512152777506,128
perish_m7_L2_cv1.5_f0,7,2,1.5,0.0,discovery,evolution,baseline_constant,142.1691840277778,171.86041666666665,17.276364863281334,16.911748964944945,17.644062384262543,29.69123263888889,29.05987847222226,30.320661892361105,128
perish_m7_L2_cv1.5_f0,7,2,1.5,0.0,discovery,evolution,baseline_base_stock,142.1691840277778,155.07265625000002,8.320920357113094,8.058684035430725,8.586390463030703,12.903472222222263,12.47925130208335,13.335681423611115,128
perish_m7_L2_cv1.5_f0,7,2,1.5,0.0,discovery,evolution,baseline_capped_base_stock,142.1691840277778,154.64427083333334,8.066956983489227,7.803403596010008,8.326297869609137,12.475086805555577,12.041644965277797,12.898619791666665,128
perish_m7_L2_cv1.5_f0,7,2,1.5,0.0,discovery,evolution,baseline_age_discount,142.1691840277778,154.02734375,7.698736752526929,7.439011316278059,7.964841660478597,11.85815972222224,11.443797743055521,12.285505642361105,128
perish_m7_L2_cv1.5_f0,7,2,1.5,0.0,discovery,evolution,baseline_bsp_low_ew_mixed_l2,142.1691840277778,150.18515624999998,5.337393136828207,5.046375851251764,5.611023746844057,8.015972222222217,7.565273437499989,8.429509548611113,128
perish_m7_L2_cv1.5_f0.5,7,2,1.5,0.5,discovery,evolution,one_query,122.07717013888889,121.9185763888889,-0.13008169443688472,-0.19469648664263886,-0.06771091302269049,-0.15859374999999432,-0.23672309027779975,-0.08272135416667055,128
perish_m7_L2_cv1.5_f0.5,7,2,1.5,0.5,discovery,evolution,best_of_n,122.07717013888889,121.93984374999998,-0.11261814405013132,-0.1586035709715868,-0.06540890895523212,-0.13732638888888005,-0.19262803819445473,-0.07968749999999147,128
perish_m7_L2_cv1.5_f0.5,7,2,1.5,0.5,discovery,evolution,baek,122.07717013888889,121.91493055555556,-0.13307605770189102,-0.19661493740716518,-0.06918803825235542,-0.16223958333333144,-0.24001736111111427,-0.08463107638888025,128
perish_m7_L2_cv1.5_f0.5,7,2,1.5,0.5,discovery,evolution,baseline_constant,122.07717013888889,134.17786458333333,9.018398438536131,8.608094389250905,9.45566114243388,12.100694444444457,11.54138454861112,12.692814670138896,128
perish_m7_L2_cv1.5_f0.5,7,2,1.5,0.5,discovery,evolution,baseline_base_stock,122.07717013888889,127.34531249999999,4.136895389149968,3.917321977669323,4.364586826481665,5.268142361111117,4.9880859375000295,5.555818142361123,128
perish_m7_L2_cv1.5_f0.5,7,2,1.5,0.5,discovery,evolution,baseline_capped_base_stock,122.07717013888889,123.91927083333334,1.4865328710027863,1.3422453341576543,1.6384712086536954,1.8421006944444684,1.6612825520833314,2.033943142361129,128
perish_m7_L2_cv1.5_f0.5,7,2,1.5,0.5,discovery,evolution,baseline_age_discount,122.07717013888889,122.54322916666666,0.3803221368876434,0.29119338071236517,0.4690564177235391,0.4660590277777885,0.35685329861111936,0.5750911458333351,128
perish_m7_L2_cv1.5_f0.5,7,2,1.5,0.5,discovery,evolution,baseline_bsp_low_ew_mixed_l2,122.07717013888889,122.15312499999999,0.06218003928357484,-0.022140379757977988,0.1461794163054232,0.07595486111111427,-0.027000868055546332,0.1788216145833459,128
perish_m7_L2_cv2_f0,7,2,2.0,0.0,discovery,evolution,one_query,180.3596354166667,183.53862847222226,1.7320566694965054,1.5786288132689292,1.8861909486968256,3.1789930555555372,2.89130425347224,3.4685004340277814,128
perish_m7_L2_cv2_f0,7,2,2.0,0.0,discovery,evolution,best_of_n,180.3596354166667,180.2536458333333,-0.05880024386932766,-0.12488603792641638,0.00814694108824542,-0.10598958333335418,-0.22526258680554676,0.01476562500001309,128
perish_m7_L2_cv2_f0,7,2,2.0,0.0,discovery,evolution,baek,180.3596354166667,180.46336805555555,0.057481271687738464,-0.02034332330666323,0.1374993039713984,0.10373263888885731,-0.036549479166674816,0.24800564236108325,128
perish_m7_L2_cv2_f0,7,2,2.0,0.0,discovery,evolution,baseline_constant,180.3596354166667,202.55729166666666,10.958705098866044,10.734643824429314,11.182913553492083,22.197656249999966,21.69478515624998,22.68110460069445,128
perish_m7_L2_cv2_f0,7,2,2.0,0.0,discovery,evolution,baseline_base_stock,180.3596354166667,192.27473958333331,6.196916034049563,5.965121764712675,6.425858464286933,11.915104166666623,11.449207899305584,12.378828125000002,128
perish_m7_L2_cv2_f0,7,2,2.0,0.0,discovery,evolution,baseline_capped_base_stock,180.3596354166667,192.05520833333333,6.089693176332743,5.853042588122331,6.324686503203463,11.695572916666634,11.210922309027778,12.168771701388906,128
perish_m7_L2_cv2_f0,7,2,2.0,0.0,discovery,evolution,baseline_age_discount,180.3596354166667,191.4239583333333,5.780009468511729,5.550218201925736,6.007225301779353,11.064322916666612,10.592185329861106,11.531770833333299,128
perish_m7_L2_cv2_f0,7,2,2.0,0.0,discovery,evolution,baseline_bsp_low_ew_mixed_l2,180.3596354166667,188.25859375,4.1958022611296055,3.9935080058839074,4.3961649917543015,7.898958333333297,7.507107204861092,8.296534288194477,128
perish_m7_L2_cv2_f0.5,7,2,2.0,0.5,discovery,evolution,one_query,164.73567708333334,163.90616319444447,-0.5060907245475592,-0.5653578953919511,-0.44737275541670796,-0.8295138888888687,-0.9293467881944502,-0.730896267361105,128
perish_m7_L2_cv2_f0.5,7,2,2.0,0.5,discovery,evolution,best_of_n,164.73567708333334,164.26605902777777,-0.2858886725200666,-0.3297620309265245,-0.2424473577408729,-0.4696180555555429,-0.5432356770833294,-0.3980881076388933,128
perish_m7_L2_cv2_f0.5,7,2,2.0,0.5,discovery,evolution,baek,164.73567708333334,163.81163194444443,-0.5640900636422697,-0.6265346363216066,-0.5000691603175701,-0.9240451388888573,-1.0291796875000294,-0.8157096354166484,128
perish_m7_L2_cv2_f0.5,7,2,2.0,0.5,discovery,evolution,baseline_constant,164.73567708333334,170.81666666666666,3.559950970826431,3.3531425174989793,3.773800684054228,6.0809895833333485,5.720486111111143,6.455996093750014,128
perish_m7_L2_cv2_f0.5,7,2,2.0,0.5,discovery,evolution,baseline_base_stock,164.73567708333334,168.70520833333333,2.3529393604475364,2.1630801237230513,2.54460610279997,3.969531250000017,3.644694010416665,4.290364583333315,128
perish_m7_L2_cv2_f0.5,7,2,2.0,0.5,discovery,evolution,baseline_capped_base_stock,164.73567708333334,165.75729166666667,0.6163316093434963,0.503497920499928,0.7336719710988712,1.0216145833333599,0.8335590277777826,1.217365451388936,128
perish_m7_L2_cv2_f0.5,7,2,2.0,0.5,discovery,evolution,baseline_age_discount,164.73567708333334,164.29140625000002,-0.2704163555927269,-0.3374766386462898,-0.20625893607074774,-0.44427083333329165,-0.5558203125000396,-0.33801432291666494,128
perish_m7_L2_cv2_f0.5,7,2,2.0,0.5,discovery,evolution,baseline_bsp_low_ew_mixed_l2,164.73567708333334,164.11458333333334,-0.3784512853062346,-0.4506834547529171,-0.3073314531084284,-0.6210937499999716,-0.742020399305558,-0.5026909722222662,128
perish_m8_L2_cv1.5_f0,8,2,1.5,0.0,transfer,evolution,one_query,128.19574652777777,131.4568576388889,2.4807462841302432,2.3011867811353963,2.6639320527644816,3.26111111111112,3.0228276909722034,3.496095920138889,128
perish_m8_L2_cv1.5_f0,8,2,1.5,0.0,transfer,evolution,best_of_n,128.19574652777777,128.24331597222223,0.0370931179405389,-0.05907035424336719,0.13546384732440342,0.04756944444443434,-0.07604166666664085,0.17363715277775246,128
perish_m8_L2_cv1.5_f0,8,2,1.5,0.0,transfer,evolution,baek,128.19574652777777,128.390625,0.15178559355266674,0.03702394580289881,0.2653960689004373,0.19487847222222854,0.04774088541665478,0.34115017361112115,128
perish_m8_L2_cv1.5_f0,8,2,1.5,0.0,transfer,evolution,baseline_constant,128.19574652777777,162.10416666666666,20.9176733924517,20.492338888331357,21.32781345183538,33.908420138888886,33.21203993055554,34.58646918402777,128
perish_m8_L2_cv1.5_f0,8,2,1.5,0.0,transfer,evolution,baseline_base_stock,128.19574652777777,142.1934895833333,9.844151864176647,9.540822348897645,10.151812851000177,13.997743055555532,13.561796874999997,14.445054253472254,128
perish_m8_L2_cv1.5_f0,8,2,1.5,0.0,transfer,evolution,baseline_capped_base_stock,128.19574652777777,142.21744791666669,9.85933976055106,9.546068449919762,10.170156100645059,14.021701388888914,13.575518663194483,14.469622395833348,128
perish_m8_L2_cv1.5_f0,8,2,1.5,0.0,transfer,evolution,baseline_age_discount,128.19574652777777,141.58072916666669,9.453957976959078,9.145044254070143,9.74475180797189,13.384982638888914,12.921514756944449,13.806946614583357,128
perish_m8_L2_cv1.5_f0,8,2,1.5,0.0,transfer,evolution,baseline_bsp_low_ew_mixed_l2,128.19574652777777,137.73567708333331,6.926259599234889,6.627183476229362,7.2190213679491,9.539930555555543,9.124733072916671,9.95037543402776,128
perish_m8_L2_cv1.5_f0.5,8,2,1.5,0.5,transfer,evolution,one_query,109.29557291666667,109.46657986111113,0.15621840443120893,0.09861010182383297,0.21335986010289007,0.17100694444444287,0.1078971354166736,0.23368272569443993,128
perish_m8_L2_cv1.5_f0.5,8,2,1.5,0.5,transfer,evolution,best_of_n,109.29557291666667,109.26024305555556,-0.03233551392811622,-0.07153897533168156,0.006125408879696985,-0.035329861111122796,-0.07812499999998615,0.006686197916655314,128
perish_m8_L2_cv1.5_f0.5,8,2,1.5,0.5,transfer,evolution,baek,109.29557291666667,109.35972222222222,0.05865898728710417,0.011025832363413347,0.1085377375025929,0.06414930555554577,0.012150607638882606,0.11840711805556546,128
perish_m8_L2_cv1.5_f0.5,8,2,1.5,0.5,transfer,evolution,baseline_constant,109.29557291666667,123.68802083333334,11.63608878183939,11.194263378294597,12.088464890433778,14.392447916666669,13.813956163194451,14.976516927083333,128
perish_m8_L2_cv1.5_f0.5,8,2,1.5,0.5,transfer,evolution,baseline_base_stock,109.29557291666667,113.54869791666667,3.745639604886851,3.497430524525421,3.9893424010763865,4.253124999999997,3.9690733506944396,4.5322916666666515,128
perish_m8_L2_cv1.5_f0.5,8,2,1.5,0.5,transfer,evolution,baseline_capped_base_stock,109.29557291666667,111.2453125,1.752648753926891,1.6003410202213644,1.9045554669023832,1.9497395833333258,1.7815104166666764,2.116679687500007,128
perish_m8_L2_cv1.5_f0.5,8,2,1.5,0.5,transfer,evolution,baseline_age_discount,109.29557291666667,109.95442708333334,0.5992065841672137,0.5010672875072634,0.6938232479069901,0.6588541666666714,0.5496527777777939,0.7628493923611085,128
perish_m8_L2_cv1.5_f0.5,8,2,1.5,0.5,transfer,evolution,baseline_bsp_low_ew_mixed_l2,109.29557291666667,109.46041666666667,0.15059667688091463,0.07061513444887027,0.22737503402812176,0.16484375000000284,0.07725694444444287,0.24913845486109512,128
perish_m8_L2_cv2_f0,8,2,2.0,0.0,transfer,evolution,one_query,166.91119791666665,170.5265625,2.120118138975187,1.9595028424989307,2.2861417962103516,3.61536458333336,3.345642361111112,3.891312934027795,128
perish_m8_L2_cv2_f0,8,2,2.0,0.0,transfer,evolution,best_of_n,166.91119791666665,166.9896701388889,0.04699226135182503,-0.02305053055263055,0.11796721388457543,0.07847222222221717,-0.03837239583334338,0.19739800347221956,128
perish_m8_L2_cv2_f0,8,2,2.0,0.0,transfer,evolution,baek,166.91119791666665,166.9232638888889,0.007228454525234546,-0.08856772238709167,0.11454475989332812,0.012065972222245591,-0.1481792534722537,0.19046223958331848,128
perish_m8_L2_cv2_f0,8,2,2.0,0.0,transfer,evolution,baseline_constant,166.91119791666665,194.01901041666667,13.971730111283673,13.711384799395734,14.242993184787744,27.107812500000023,26.58688151041668,27.649053819444465,128
perish_m8_L2_cv2_f0,8,2,2.0,0.0,transfer,evolution,baseline_base_stock,166.91119791666665,180.51666666666668,7.536959883667266,7.273901831850892,7.799407319262713,13.605468750000028,13.12507595486111,14.091432291666644,128
perish_m8_L2_cv2_f0,8,2,2.0,0.0,transfer,evolution,baseline_capped_base_stock,166.91119791666665,180.48098958333333,7.518681994150473,7.253948555272911,7.78231952427192,13.569791666666674,13.07473307291666,14.055058593749994,128
perish_m8_L2_cv2_f0,8,2,2.0,0.0,transfer,evolution,baseline_age_discount,166.91119791666665,180.01510416666667,7.279337092662955,7.021123916101901,7.546301814017228,13.103906250000023,12.618213975694486,13.59275824652779,128
perish_m8_L2_cv2_f0,8,2,2.0,0.0,transfer,evolution,baseline_bsp_low_ew_mixed_l2,166.91119791666665,176.08489583333335,5.209815341203212,4.973562672203669,5.449706948593309,9.173697916666697,8.765080295138867,9.592628038194405,128
perish_m8_L2_cv2_f0.5,8,2,2.0,0.5,transfer,evolution,one_query,152.27925347222222,152.40060763888889,0.07962840079628153,0.03778480102428768,0.1214343646277429,0.12135416666666288,0.057549913194431215,0.18498480902781364,128
perish_m8_L2_cv2_f0.5,8,2,2.0,0.5,transfer,evolution,best_of_n,152.27925347222222,152.12274305555556,-0.10288429824691298,-0.13252001135174615,-0.07150371780164519,-0.15651041666666288,-0.20217230902779165,-0.10841796875001466,128
perish_m8_L2_cv2_f0.5,8,2,2.0,0.5,transfer,evolution,baek,152.27925347222222,152.28237847222223,0.002052108741231,-0.033990930164929704,0.03982831146783536,0.003124999999982947,-0.051825086805568785,0.060503472222195855,128
perish_m8_L2_cv2_f0.5,8,2,2.0,0.5,transfer,evolution,baseline_constant,152.27925347222222,161.82994791666664,5.901685421886492,5.634329720288444,6.164887740880836,9.550694444444417,9.08418619791669,10.016501736111099,128
perish_m8_L2_cv2_f0.5,8,2,2.0,0.5,transfer,evolution,baseline_base_stock,152.27925347222222,156.26927083333334,2.553296204579215,2.3526022688199837,2.7608520355249113,3.9900173611111143,3.677473958333281,4.315377604166681,128
perish_m8_L2_cv2_f0.5,8,2,2.0,0.5,transfer,evolution,baseline_capped_base_stock,152.27925347222222,154.6296875,1.5200405987871934,1.3915533975537748,1.6510932122245416,2.3504340277777658,2.1452235243055453,2.560690104166664,128
perish_m8_L2_cv2_f0.5,8,2,2.0,0.5,transfer,evolution,baseline_age_discount,152.27925347222222,152.78020833333332,0.32789251080095544,0.26467164371590174,0.38913229165500307,0.5009548611110972,0.4030360243055462,0.5963541666666572,128
perish_m8_L2_cv2_f0.5,8,2,2.0,0.5,transfer,evolution,baseline_bsp_low_ew_mixed_l2,152.27925347222222,152.63984375,0.23623601080749174,0.15712801423361927,0.31344759991958454,0.3605902777777885,0.24035807291669187,0.4779644097222578,128
