name,m,L,cv,f,split,method,cost,paths
perish_m7_L2_cv1.5_f0,7,2,1.5,0.0,discovery,baek_r1,142.01927083333334,128
perish_m7_L2_cv1.5_f0,7,2,1.5,0.0,discovery,baek_r2,142.11536458333333,128
perish_m7_L2_cv1.5_f0,7,2,1.5,0.0,discovery,baek_r3,142.01640625,128
perish_m7_L2_cv1.5_f0,7,2,1.5,0.0,discovery,baseline_age_discount,154.02734375,128
perish_m7_L2_cv1.5_f0,7,2,1.5,0.0,discovery,baseline_age_discount_without_tuning,176.62916666666666,128
perish_m7_L2_cv1.5_f0,7,2,1.5,0.0,discovery,baseline_base_stock,155.07265625000002,128
perish_m7_L2_cv1.5_f0,7,2,1.5,0.0,discovery,baseline_base_stock_without_tuning,170.17890625,128
perish_m7_L2_cv1.5_f0,7,2,1.5,0.0,discovery,baseline_bsp_low_ew_mixed_l2,150.18515624999998,128
perish_m7_L2_cv1.5_f0,7,2,1.5,0.0,discovery,baseline_bsp_low_ew_mixed_l2_without_tuning,168.30052083333334,128
perish_m7_L2_cv1.5_f0,7,2,1.5,0.0,discovery,baseline_capped_base_stock,154.64427083333334,128
perish_m7_L2_cv1.5_f0,7,2,1.5,0.0,discovery,baseline_capped_base_stock_without_tuning,171.79895833333333,128
perish_m7_L2_cv1.5_f0,7,2,1.5,0.0,discovery,baseline_constant,171.86041666666665,128
perish_m7_L2_cv1.5_f0,7,2,1.5,0.0,discovery,baseline_constant_without_tuning,172.27942708333333,128
perish_m7_L2_cv1.5_f0,7,2,1.5,0.0,discovery,best_of_n_r1,141.80677083333333,128
perish_m7_L2_cv1.5_f0,7,2,1.5,0.0,discovery,best_of_n_r1_without_tuning,149.65130208333335,128
perish_m7_L2_cv1.5_f0,7,2,1.5,0.0,discovery,best_of_n_r2,141.87786458333335,128
perish_m7_L2_cv1.5_f0,7,2,1.5,0.0,discovery,best_of_n_r2_without_tuning,150.12369791666666,128
perish_m7_L2_cv1.5_f0,7,2,1.5,0.0,discovery,best_of_n_r3,144.26744791666664,128
perish_m7_L2_cv1.5_f0,7,2,1.5,0.0,discovery,best_of_n_r3_without_tuning,152.77213541666669,128
perish_m7_L2_cv1.5_f0,7,2,1.5,0.0,discovery,evolution_r1,142.66822916666666,128
perish_m7_L2_cv1.5_f0,7,2,1.5,0.0,discovery,evolution_r1_without_tuning,155.12057291666665,128
perish_m7_L2_cv1.5_f0,7,2,1.5,0.0,discovery,evolution_r2,141.92578125,128
perish_m7_L2_cv1.5_f0,7,2,1.5,0.0,discovery,evolution_r2_without_tuning,166.23072916666666,128
perish_m7_L2_cv1.5_f0,7,2,1.5,0.0,discovery,evolution_r3,141.91354166666667,128
perish_m7_L2_cv1.5_f0,7,2,1.5,0.0,discovery,evolution_r3_without_tuning,151.77994791666669,128
perish_m7_L2_cv1.5_f0,7,2,1.5,0.0,discovery,one_query_r1,143.60729166666667,128
perish_m7_L2_cv1.5_f0,7,2,1.5,0.0,discovery,one_query_r1_without_tuning,158.375,128
perish_m7_L2_cv1.5_f0,7,2,1.5,0.0,discovery,one_query_r2,144.7734375,128
perish_m7_L2_cv1.5_f0,7,2,1.5,0.0,discovery,one_query_r2_without_tuning,155.2791666666667,128
perish_m7_L2_cv1.5_f0,7,2,1.5,0.0,discovery,one_query_r3,146.29557291666666,128
perish_m7_L2_cv1.5_f0,7,2,1.5,0.0,discovery,one_query_r3_without_tuning,157.74296875,128
perish_m7_L2_cv1.5_f0.5,7,2,1.5,0.5,discovery,baek_r1,121.93645833333332,128
perish_m7_L2_cv1.5_f0.5,7,2,1.5,0.5,discovery,baek_r2,121.95364583333334,128
perish_m7_L2_cv1.5_f0.5,7,2,1.5,0.5,discovery,baek_r3,121.85468750000001,128
perish_m7_L2_cv1.5_f0.5,7,2,1.5,0.5,discovery,baseline_age_discount,122.54322916666666,128
perish_m7_L2_cv1.5_f0.5,7,2,1.5,0.5,discovery,baseline_age_discount_without_tuning,158.13359375000002,128
perish_m7_L2_cv1.5_f0.5,7,2,1.5,0.5,discovery,baseline_base_stock,127.34531249999999,128
perish_m7_L2_cv1.5_f0.5,7,2,1.5,0.5,discovery,baseline_base_stock_without_tuning,152.21875,128
perish_m7_L2_cv1.5_f0.5,7,2,1.5,0.5,discovery,baseline_bsp_low_ew_mixed_l2,122.15312499999999,128
perish_m7_L2_cv1.5_f0.5,7,2,1.5,0.5,discovery,baseline_bsp_low_ew_mixed_l2_without_tuning,153.36744791666666,128
perish_m7_L2_cv1.5_f0.5,7,2,1.5,0.5,discovery,baseline_capped_base_stock,123.91927083333334,128
perish_m7_L2_cv1.5_f0.5,7,2,1.5,0.5,discovery,baseline_capped_base_stock_without_tuning,152.70494791666664,128
perish_m7_L2_cv1.5_f0.5,7,2,1.5,0.5,discovery,baseline_constant,134.17786458333333,128
perish_m7_L2_cv1.5_f0.5,7,2,1.5,0.5,discovery,baseline_constant_without_tuning,141.35260416666665,128
perish_m7_L2_cv1.5_f0.5,7,2,1.5,0.5,discovery,best_of_n_r1,122.03515625,128
perish_m7_L2_cv1.5_f0.5,7,2,1.5,0.5,discovery,best_of_n_r1_without_tuning,125.37916666666666,128
perish_m7_L2_cv1.5_f0.5,7,2,1.5,0.5,discovery,best_of_n_r2,121.94375,128
perish_m7_L2_cv1.5_f0.5,7,2,1.5,0.5,discovery,best_of_n_r2_without_tuning,127.53046875,128
perish_m7_L2_cv1.5_f0.5,7,2,1.5,0.5,discovery,best_of_n_r3,121.84062499999999,128
perish_m7_L2_cv1.5_f0.5,7,2,1.5,0.5,discovery,best_of_n_r3_without_tuning,124.41458333333333,128
perish_m7_L2_cv1.5_f0.5,7,2,1.5,0.5,discovery,evolution_r1,122.00651041666666,128
perish_m7_L2_cv1.5_f0.5,7,2,1.5,0.5,discovery,evolution_r1_without_tuning,122.76692708333334,128
perish_m7_L2_cv1.5_f0.5,7,2,1.5,0.5,discovery,evolution_r2,122.15390625,128
perish_m7_L2_cv1.5_f0.5,7,2,1.5,0.5,discovery,evolution_r2_without_tuning,125.20703125,128
perish_m7_L2_cv1.5_f0.5,7,2,1.5,0.5,discovery,evolution_r3,122.07109375000002,128
perish_m7_L2_cv1.5_f0.5,7,2,1.5,0.5,discovery,evolution_r3_without_tuning,126.04244791666665,128
perish_m7_L2_cv1.5_f0.5,7,2,1.5,0.5,discovery,one_query_r1,121.95677083333334,128
perish_m7_L2_cv1.5_f0.5,7,2,1.5,0.5,discovery,one_query_r1_without_tuning,123.15989583333332,128
perish_m7_L2_cv1.5_f0.5,7,2,1.5,0.5,discovery,one_query_r2,121.93385416666666,128
perish_m7_L2_cv1.5_f0.5,7,2,1.5,0.5,discovery,one_query_r2_without_tuning,126.92526041666665,128
perish_m7_L2_cv1.5_f0.5,7,2,1.5,0.5,discovery,one_query_r3,121.86510416666667,128
perish_m7_L2_cv1.5_f0.5,7,2,1.5,0.5,discovery,one_query_r3_without_tuning,122.80963541666667,128
perish_m7_L2_cv2_f0,7,2,2.0,0.0,discovery,baek_r1,180.384375,128
perish_m7_L2_cv2_f0,7,2,2.0,0.0,discovery,baek_r2,180.55130208333333,128
perish_m7_L2_cv2_f0,7,2,2.0,0.0,discovery,baek_r3,180.45442708333334,128
perish_m7_L2_cv2_f0,7,2,2.0,0.0,discovery,baseline_age_discount,191.4239583333333,128
perish_m7_L2_cv2_f0,7,2,2.0,0.0,discovery,baseline_age_discount_without_tuning,201.10442708333335,128
perish_m7_L2_cv2_f0,7,2,2.0,0.0,discovery,baseline_base_stock,192.27473958333331,128
perish_m7_L2_cv2_f0,7,2,2.0,0.0,discovery,baseline_base_stock_without_tuning,197.68802083333333,128
perish_m7_L2_cv2_f0,7,2,2.0,0.0,discovery,baseline_bsp_low_ew_mixed_l2,188.25859375,128
perish_m7_L2_cv2_f0,7,2,2.0,0.0,discovery,baseline_bsp_low_ew_mixed_l2_without_tuning,195.39609374999998,128
perish_m7_L2_cv2_f0,7,2,2.0,0.0,discovery,baseline_capped_base_stock,192.05520833333333,128
perish_m7_L2_cv2_f0,7,2,2.0,0.0,discovery,baseline_capped_base_stock_without_tuning,198.49713541666665,128
perish_m7_L2_cv2_f0,7,2,2.0,0.0,discovery,baseline_constant,202.55729166666666,128
perish_m7_L2_cv2_f0,7,2,2.0,0.0,discovery,baseline_constant_without_tuning,202.55729166666666,128
perish_m7_L2_cv2_f0,7,2,2.0,0.0,discovery,best_of_n_r1,180.49453125,128
perish_m7_L2_cv2_f0,7,2,2.0,0.0,discovery,best_of_n_r1_without_tuning,188.19739583333333,128
perish_m7_L2_cv2_f0,7,2,2.0,0.0,discovery,best_of_n_r2,180.115625,128
perish_m7_L2_cv2_f0,7,2,2.0,0.0,discovery,best_of_n_r2_without_tuning,187.51432291666669,128
perish_m7_L2_cv2_f0,7,2,2.0,0.0,discovery,best_of_n_r3,180.15078124999997,128
perish_m7_L2_cv2_f0,7,2,2.0,0.0,discovery,best_of_n_r3_without_tuning,191.76406250000002,128
perish_m7_L2_cv2_f0,7,2,2.0,0.0,discovery,evolution_r1,180.32526041666665,128
perish_m7_L2_cv2_f0,7,2,2.0,0.0,discovery,evolution_r1_without_tuning,197.72630208333334,128
perish_m7_L2_cv2_f0,7,2,2.0,0.0,discovery,evolution_r2,180.01692708333334,128
perish_m7_L2_cv2_f0,7,2,2.0,0.0,discovery,evolution_r2_without_tuning,209.63828125,128
perish_m7_L2_cv2_f0,7,2,2.0,0.0,discovery,evolution_r3,180.73671875,128
perish_m7_L2_cv2_f0,7,2,2.0,0.0,discovery,evolution_r3_without_tuning,193.74739583333331,128
perish_m7_L2_cv2_f0,7,2,2.0,0.0,discovery,one_query_r1,183.10026041666669,128
perish_m7_L2_cv2_f0,7,2,2.0,0.0,discovery,one_query_r1_without_tuning,201.11197916666669,128
perish_m7_L2_cv2_f0,7,2,2.0,0.0,discovery,one_query_r2,182.65364583333331,128
perish_m7_L2_cv2_f0,7,2,2.0,0.0,discovery,one_query_r2_without_tuning,194.07447916666666,128
perish_m7_L2_cv2_f0,7,2,2.0,0.0,discovery,one_query_r3,184.86197916666669,128
perish_m7_L2_cv2_f0,7,2,2.0,0.0,discovery,one_query_r3_without_tuning,200.44036458333335,128
perish_m7_L2_cv2_f0.5,7,2,2.0,0.5,discovery,baek_r1,163.84609375000002,128
perish_m7_L2_cv2_f0.5,7,2,2.0,0.5,discovery,baek_r2,163.79427083333331,128
perish_m7_L2_cv2_f0.5,7,2,2.0,0.5,discovery,baek_r3,163.79453124999998,128
perish_m7_L2_cv2_f0.5,7,2,2.0,0.5,discovery,baseline_age_discount,164.29140625000002,128
perish_m7_L2_cv2_f0.5,7,2,2.0,0.5,discovery,baseline_age_discount_without_tuning,179.66276041666666,128
perish_m7_L2_cv2_f0.5,7,2,2.0,0.5,discovery,baseline_base_stock,168.70520833333333,128
perish_m7_L2_cv2_f0.5,7,2,2.0,0.5,discovery,baseline_base_stock_without_tuning,178.59427083333333,128
perish_m7_L2_cv2_f0.5,7,2,2.0,0.5,discovery,baseline_bsp_low_ew_mixed_l2,164.11458333333334,128
perish_m7_L2_cv2_f0.5,7,2,2.0,0.5,discovery,baseline_bsp_low_ew_mixed_l2_without_tuning,178.0236979166667,128
perish_m7_L2_cv2_f0.5,7,2,2.0,0.5,discovery,baseline_capped_base_stock,165.75729166666667,128
perish_m7_L2_cv2_f0.5,7,2,2.0,0.5,discovery,baseline_capped_base_stock_without_tuning,178.27994791666669,128
perish_m7_L2_cv2_f0.5,7,2,2.0,0.5,discovery,baseline_constant,170.81666666666666,128
perish_m7_L2_cv2_f0.5,7,2,2.0,0.5,discovery,baseline_constant_without_tuning,170.81666666666666,128
perish_m7_L2_cv2_f0.5,7,2,2.0,0.5,discovery,best_of_n_r1,163.88541666666666,128
perish_m7_L2_cv2_f0.5,7,2,2.0,0.5,discovery,best_of_n_r1_without_tuning,165.559375,128
perish_m7_L2_cv2_f0.5,7,2,2.0,0.5,discovery,best_of_n_r2,163.83697916666668,128
perish_m7_L2_cv2_f0.5,7,2,2.0,0.5,discovery,best_of_n_r2_without_tuning,166.37239583333334,128
perish_m7_L2_cv2_f0.5,7,2,2.0,0.5,discovery,best_of_n_r3,165.07578124999998,128
perish_m7_L2_cv2_f0.5,7,2,2.0,0.5,discovery,best_of_n_r3_without_tuning,169.79453125,128
perish_m7_L2_cv2_f0.5,7,2,2.0,0.5,discovery,evolution_r1,164.6,128
perish_m7_L2_cv2_f0.5,7,2,2.0,0.5,discovery,evolution_r1_without_tuning,165.94244791666665,128
perish_m7_L2_cv2_f0.5,7,2,2.0,0.5,discovery,evolution_r2,165.43671875,128
perish_m7_L2_cv2_f0.5,7,2,2.0,0.5,discovery,evolution_r2_without_tuning,170.84296875,128
perish_m7_L2_cv2_f0.5,7,2,2.0,0.5,discovery,evolution_r3,164.17031250000002,128
perish_m7_L2_cv2_f0.5,7,2,2.0,0.5,discovery,evolution_r3_without_tuning,170.52447916666665,128
perish_m7_L2_cv2_f0.5,7,2,2.0,0.5,discovery,one_query_r1,164.08098958333332,128
perish_m7_L2_cv2_f0.5,7,2,2.0,0.5,discovery,one_query_r1_without_tuning,166.5390625,128
perish_m7_L2_cv2_f0.5,7,2,2.0,0.5,discovery,one_query_r2,163.79583333333335,128
perish_m7_L2_cv2_f0.5,7,2,2.0,0.5,discovery,one_query_r2_without_tuning,166.37421875,128
perish_m7_L2_cv2_f0.5,7,2,2.0,0.5,discovery,one_query_r3,163.8416666666667,128
perish_m7_L2_cv2_f0.5,7,2,2.0,0.5,discovery,one_query_r3_without_tuning,166.32135416666665,128
perish_m8_L2_cv1.5_f0,8,2,1.5,0.0,transfer,baek_r1,128.54427083333334,128
perish_m8_L2_cv1.5_f0,8,2,1.5,0.0,transfer,baek_r2,128.28098958333334,128
perish_m8_L2_cv1.5_f0,8,2,1.5,0.0,transfer,baek_r3,128.34661458333332,128
perish_m8_L2_cv1.5_f0,8,2,1.5,0.0,transfer,baseline_age_discount,141.58072916666669,128
perish_m8_L2_cv1.5_f0,8,2,1.5,0.0,transfer,baseline_age_discount_without_tuning,171.82578124999998,128
perish_m8_L2_cv1.5_f0,8,2,1.5,0.0,transfer,baseline_base_stock,142.1934895833333,128
perish_m8_L2_cv1.5_f0,8,2,1.5,0.0,transfer,baseline_base_stock_without_tuning,163.68932291666667,128
perish_m8_L2_cv1.5_f0,8,2,1.5,0.0,transfer,baseline_bsp_low_ew_mixed_l2,137.73567708333331,128
perish_m8_L2_cv1.5_f0,8,2,1.5,0.0,transfer,baseline_bsp_low_ew_mixed_l2_without_tuning,163.14218749999998,128
perish_m8_L2_cv1.5_f0,8,2,1.5,0.0,transfer,baseline_capped_base_stock,142.21744791666669,128
perish_m8_L2_cv1.5_f0,8,2,1.5,0.0,transfer,baseline_capped_base_stock_without_tuning,165.64166666666665,128
perish_m8_L2_cv1.5_f0,8,2,1.5,0.0,transfer,baseline_constant,162.10416666666666,128
perish_m8_L2_cv1.5_f0,8,2,1.5,0.0,transfer,baseline_constant_without_tuning,164.45364583333333,128
perish_m8_L2_cv1.5_f0,8,2,1.5,0.0,transfer,best_of_n_r1,128.01354166666667,128
perish_m8_L2_cv1.5_f0,8,2,1.5,0.0,transfer,best_of_n_r1_without_tuning,138.59661458333332,128
perish_m8_L2_cv1.5_f0,8,2,1.5,0.0,transfer,best_of_n_r2,128.4296875,128
perish_m8_L2_cv1.5_f0,8,2,1.5,0.0,transfer,best_of_n_r2_without_tuning,140.29557291666669,128
perish_m8_L2_cv1.5_f0,8,2,1.5,0.0,transfer,best_of_n_r3,128.28671875,128
perish_m8_L2_cv1.5_f0,8,2,1.5,0.0,transfer,best_of_n_r3_without_tuning,140.86953125,128
perish_m8_L2_cv1.5_f0,8,2,1.5,0.0,transfer,evolution_r1,128.38151041666666,128
perish_m8_L2_cv1.5_f0,8,2,1.5,0.0,transfer,evolution_r1_without_tuning,142.02395833333333,128
perish_m8_L2_cv1.5_f0,8,2,1.5,0.0,transfer,evolution_r2,127.94036458333332,128
perish_m8_L2_cv1.5_f0,8,2,1.5,0.0,transfer,evolution_r2_without_tuning,148.53020833333332,128
perish_m8_L2_cv1.5_f0,8,2,1.5,0.0,transfer,evolution_r3,128.26536458333334,128
perish_m8_L2_cv1.5_f0,8,2,1.5,0.0,transfer,evolution_r3_without_tuning,137.35468749999998,128
perish_m8_L2_cv1.5_f0,8,2,1.5,0.0,transfer,one_query_r1,130.415625,128
perish_m8_L2_cv1.5_f0,8,2,1.5,0.0,transfer,one_query_r1_without_tuning,147.2950520833333,128
perish_m8_L2_cv1.5_f0,8,2,1.5,0.0,transfer,one_query_r2,130.92526041666667,128
perish_m8_L2_cv1.5_f0,8,2,1.5,0.0,transfer,one_query_r2_without_tuning,143.98098958333333,128
perish_m8_L2_cv1.5_f0,8,2,1.5,0.0,transfer,one_query_r3,133.0296875,128
perish_m8_L2_cv1.5_f0,8,2,1.5,0.0,transfer,one_query_r3_without_tuning,145.04739583333333,128
perish_m8_L2_cv1.5_f0.5,8,2,1.5,0.5,transfer,baek_r1,109.35572916666666,128
perish_m8_L2_cv1.5_f0.5,8,2,1.5,0.5,transfer,baek_r2,109.42369791666667,128
perish_m8_L2_cv1.5_f0.5,8,2,1.5,0.5,transfer,baek_r3,109.29973958333332,128
perish_m8_L2_cv1.5_f0.5,8,2,1.5,0.5,transfer,baseline_age_discount,109.95442708333334,128
perish_m8_L2_cv1.5_f0.5,8,2,1.5,0.5,transfer,baseline_age_discount_without_tuning,156.31666666666666,128
perish_m8_L2_cv1.5_f0.5,8,2,1.5,0.5,transfer,baseline_base_stock,113.54869791666667,128
perish_m8_L2_cv1.5_f0.5,8,2,1.5,0.5,transfer,baseline_base_stock_without_tuning,147.92526041666667,128
perish_m8_L2_cv1.5_f0.5,8,2,1.5,0.5,transfer,baseline_bsp_low_ew_mixed_l2,109.46041666666667,128
perish_m8_L2_cv1.5_f0.5,8,2,1.5,0.5,transfer,baseline_bsp_low_ew_mixed_l2_without_tuning,150.09869791666668,128
perish_m8_L2_cv1.5_f0.5,8,2,1.5,0.5,transfer,baseline_capped_base_stock,111.2453125,128
perish_m8_L2_cv1.5_f0.5,8,2,1.5,0.5,transfer,baseline_capped_base_stock_without_tuning,148.99244791666666,128
perish_m8_L2_cv1.5_f0.5,8,2,1.5,0.5,transfer,baseline_constant,123.68802083333334,128
perish_m8_L2_cv1.5_f0.5,8,2,1.5,0.5,transfer,baseline_constant_without_tuning,134.00130208333334,128
perish_m8_L2_cv1.5_f0.5,8,2,1.5,0.5,transfer,best_of_n_r1,109.24296874999999,128
perish_m8_L2_cv1.5_f0.5,8,2,1.5,0.5,transfer,best_of_n_r1_without_tuning,116.48984375,128
perish_m8_L2_cv1.5_f0.5,8,2,1.5,0.5,transfer,best_of_n_r2,109.26796875,128
perish_m8_L2_cv1.5_f0.5,8,2,1.5,0.5,transfer,best_of_n_r2_without_tuning,119.83098958333333,128
perish_m8_L2_cv1.5_f0.5,8,2,1.5,0.5,transfer,best_of_n_r3,109.26979166666666,128
perish_m8_L2_cv1.5_f0.5,8,2,1.5,0.5,transfer,best_of_n_r3_without_tuning,110.071875,128
perish_m8_L2_cv1.5_f0.5,8,2,1.5,0.5,transfer,evolution_r1,109.32343750000001,128
perish_m8_L2_cv1.5_f0.5,8,2,1.5,0.5,transfer,evolution_r1_without_tuning,112.51640625,128
perish_m8_L2_cv1.5_f0.5,8,2,1.5,0.5,transfer,evolution_r2,109.29270833333334,128
perish_m8_L2_cv1.5_f0.5,8,2,1.5,0.5,transfer,evolution_r2_without_tuning,109.7328125,128
perish_m8_L2_cv1.5_f0.5,8,2,1.5,0.5,transfer,evolution_r3,109.27057291666667,128
perish_m8_L2_cv1.5_f0.5,8,2,1.5,0.5,transfer,evolution_r3_without_tuning,112.8984375,128
perish_m8_L2_cv1.5_f0.5,8,2,1.5,0.5,transfer,one_query_r1,109.55312500000001,128
perish_m8_L2_cv1.5_f0.5,8,2,1.5,0.5,transfer,one_query_r1_without_tuning,111.50598958333333,128
perish_m8_L2_cv1.5_f0.5,8,2,1.5,0.5,transfer,one_query_r2,109.46770833333333,128
perish_m8_L2_cv1.5_f0.5,8,2,1.5,0.5,transfer,one_query_r2_without_tuning,117.76432291666666,128
perish_m8_L2_cv1.5_f0.5,8,2,1.5,0.5,transfer,one_query_r3,109.37890625,128
perish_m8_L2_cv1.5_f0.5,8,2,1.5,0.5,transfer,one_query_r3_without_tuning,111.84296875000001,128
perish_m8_L2_cv2_f0,8,2,2.0,0.0,transfer,baek_r1,166.97864583333336,128
perish_m8_L2_cv2_f0,8,2,2.0,0.0,transfer,baek_r2,166.98229166666667,128
perish_m8_L2_cv2_f0,8,2,2.0,0.0,transfer,baek_r3,166.80885416666666,128
perish_m8_L2_cv2_f0,8,2,2.0,0.0,transfer,baseline_age_discount,180.01510416666667,128
perish_m8_L2_cv2_f0,8,2,2.0,0.0,transfer,baseline_age_discount_without_tuning,194.94244791666665,128
perish_m8_L2_cv2_f0,8,2,2.0,0.0,transfer,baseline_base_stock,180.51666666666668,128
perish_m8_L2_cv2_f0,8,2,2.0,0.0,transfer,baseline_base_stock_without_tuning,189.9580729166667,128
perish_m8_L2_cv2_f0,8,2,2.0,0.0,transfer,baseline_bsp_low_ew_mixed_l2,176.08489583333335,128
perish_m8_L2_cv2_f0,8,2,2.0,0.0,transfer,baseline_bsp_low_ew_mixed_l2_without_tuning,188.64192708333334,128
perish_m8_L2_cv2_f0,8,2,2.0,0.0,transfer,baseline_capped_base_stock,180.48098958333333,128
perish_m8_L2_cv2_f0,8,2,2.0,0.0,transfer,baseline_capped_base_stock_without_tuning,191.24921875,128
perish_m8_L2_cv2_f0,8,2,2.0,0.0,transfer,baseline_constant,194.01901041666667,128
perish_m8_L2_cv2_f0,8,2,2.0,0.0,transfer,baseline_constant_without_tuning,194.01901041666667,128
perish_m8_L2_cv2_f0,8,2,2.0,0.0,transfer,best_of_n_r1,166.89270833333333,128
perish_m8_L2_cv2_f0,8,2,2.0,0.0,transfer,best_of_n_r1_without_tuning,176.3848958333333,128
perish_m8_L2_cv2_f0,8,2,2.0,0.0,transfer,best_of_n_r2,166.92682291666668,128
perish_m8_L2_cv2_f0,8,2,2.0,0.0,transfer,best_of_n_r2_without_tuning,177.00416666666666,128
perish_m8_L2_cv2_f0,8,2,2.0,0.0,transfer,best_of_n_r3,167.14947916666665,128
perish_m8_L2_cv2_f0,8,2,2.0,0.0,transfer,best_of_n_r3_without_tuning,179.09921874999998,128
perish_m8_L2_cv2_f0,8,2,2.0,0.0,transfer,evolution_r1,167.20807291666665,128
perish_m8_L2_cv2_f0,8,2,2.0,0.0,transfer,evolution_r1_without_tuning,182.77083333333331,128
perish_m8_L2_cv2_f0,8,2,2.0,0.0,transfer,evolution_r2,166.89322916666666,128
perish_m8_L2_cv2_f0,8,2,2.0,0.0,transfer,evolution_r2_without_tuning,191.07239583333333,128
perish_m8_L2_cv2_f0,8,2,2.0,0.0,transfer,evolution_r3,166.63229166666667,128
perish_m8_L2_cv2_f0,8,2,2.0,0.0,transfer,evolution_r3_without_tuning,178.17890624999998,128
perish_m8_L2_cv2_f0,8,2,2.0,0.0,transfer,one_query_r1,169.70755208333335,128
perish_m8_L2_cv2_f0,8,2,2.0,0.0,transfer,one_query_r1_without_tuning,189.33619791666666,128
perish_m8_L2_cv2_f0,8,2,2.0,0.0,transfer,one_query_r2,169.65989583333334,128
perish_m8_L2_cv2_f0,8,2,2.0,0.0,transfer,one_query_r2_without_tuning,181.54739583333333,128
perish_m8_L2_cv2_f0,8,2,2.0,0.0,transfer,one_query_r3,172.21223958333331,128
perish_m8_L2_cv2_f0,8,2,2.0,0.0,transfer,one_query_r3_without_tuning,186.15625,128
perish_m8_L2_cv2_f0.5,8,2,2.0,0.5,transfer,baek_r1,152.13020833333331,128
perish_m8_L2_cv2_f0.5,8,2,2.0,0.5,transfer,baek_r2,152.18098958333331,128
perish_m8_L2_cv2_f0.5,8,2,2.0,0.5,transfer,baek_r3,152.53593750000002,128
perish_m8_L2_cv2_f0.5,8,2,2.0,0.5,transfer,baseline_age_discount,152.78020833333332,128
perish_m8_L2_cv2_f0.5,8,2,2.0,0.5,transfer,baseline_age_discount_without_tuning,175.95416666666665,128
perish_m8_L2_cv2_f0.5,8,2,2.0,0.5,transfer,baseline_base_stock,156.26927083333334,128
perish_m8_L2_cv2_f0.5,8,2,2.0,0.5,transfer,baseline_base_stock_without_tuning,172.83697916666665,128
perish_m8_L2_cv2_f0.5,8,2,2.0,0.5,transfer,baseline_bsp_low_ew_mixed_l2,152.63984375,128
perish_m8_L2_cv2_f0.5,8,2,2.0,0.5,transfer,baseline_bsp_low_ew_mixed_l2_without_tuning,173.48828125000003,128
perish_m8_L2_cv2_f0.5,8,2,2.0,0.5,transfer,baseline_capped_base_stock,154.6296875,128
perish_m8_L2_cv2_f0.5,8,2,2.0,0.5,transfer,baseline_capped_base_stock_without_tuning,173.22005208333334,128
perish_m8_L2_cv2_f0.5,8,2,2.0,0.5,transfer,baseline_constant,161.82994791666664,128
perish_m8_L2_cv2_f0.5,8,2,2.0,0.5,transfer,baseline_constant_without_tuning,161.82994791666664,128
perish_m8_L2_cv2_f0.5,8,2,2.0,0.5,transfer,best_of_n_r1,152.09140625,128
perish_m8_L2_cv2_f0.5,8,2,2.0,0.5,transfer,best_of_n_r1_without_tuning,155.7375,128
perish_m8_L2_cv2_f0.5,8,2,2.0,0.5,transfer,best_of_n_r2,152.10520833333334,128
perish_m8_L2_cv2_f0.5,8,2,2.0,0.5,transfer,best_of_n_r2_without_tuning,157.73177083333331,128
perish_m8_L2_cv2_f0.5,8,2,2.0,0.5,transfer,best_of_n_r3,152.17161458333334,128
perish_m8_L2_cv2_f0.5,8,2,2.0,0.5,transfer,best_of_n_r3_without_tuning,153.52890624999998,128
perish_m8_L2_cv2_f0.5,8,2,2.0,0.5,transfer,evolution_r1,152.47604166666667,128
perish_m8_L2_cv2_f0.5,8,2,2.0,0.5,transfer,evolution_r1_without_tuning,152.9828125,128
perish_m8_L2_cv2_f0.5,8,2,2.0,0.5,transfer,evolution_r2,152.18151041666667,128
perish_m8_L2_cv2_f0.5,8,2,2.0,0.5,transfer,evolution_r2_without_tuning,154.04973958333332,128
perish_m8_L2_cv2_f0.5,8,2,2.0,0.5,transfer,evolution_r3,152.18020833333333,128
perish_m8_L2_cv2_f0.5,8,2,2.0,0.5,transfer,evolution_r3_without_tuning,155.93645833333335,128
perish_m8_L2_cv2_f0.5,8,2,2.0,0.5,transfer,one_query_r1,152.77057291666665,128
perish_m8_L2_cv2_f0.5,8,2,2.0,0.5,transfer,one_query_r1_without_tuning,153.47604166666667,128
perish_m8_L2_cv2_f0.5,8,2,2.0,0.5,transfer,one_query_r2,152.22161458333332,128
perish_m8_L2_cv2_f0.5,8,2,2.0,0.5,transfer,one_query_r2_without_tuning,155.12916666666666,128
perish_m8_L2_cv2_f0.5,8,2,2.0,0.5,transfer,one_query_r3,152.20963541666666,128
perish_m8_L2_cv2_f0.5,8,2,2.0,0.5,transfer,one_query_r3_without_tuning,152.81640625,128
