session_id,level,family,repeat,required_scenario_ids,status,selected_attempt,selected_artifact_id,first_attempt_invalid,attempts,selection_rule
l1_poisson_r1,L1,poisson,1,"[""poisson_L6_c1_2""]",selected,1,l1_poisson_r1,False,"[{""attempt"": 1, ""artifact_id"": ""l1_poisson_r1"", ""status"": ""qualified"", ""code_sha256"": ""0426285529394c174fbc083480ff83a6775f12a147278cbe711d760c38d49bf5"", ""validated_scenarios"": 1, ""required_scenarios"": 1, ""invalidity"": [], ""review"": []}, {""attempt"": 2, ""artifact_id"": ""l1_poisson_r1_retry_1"", ""status"": ""not_run"", ""validated_scenarios"": 0, ""required_scenarios"": 1}]",earliest_attempt_passing_entire_required_synthetic_grid; no_test_scores
l2_poisson_r1,L2,poisson,1,"[""poisson_L2_c1_2"", ""poisson_L2_c1_5"", ""poisson_L4_c1_2"", ""poisson_L4_c1_5"", ""poisson_L6_c1_2"", ""poisson_L6_c1_5""]",selected,1,l2_poisson_r1,False,"[{""attempt"": 1, ""artifact_id"": ""l2_poisson_r1"", ""status"": ""qualified"", ""code_sha256"": ""3e2c0c91ebd5da94da4691cbcae33d10933c8b2ba9a0c12794ccd9689548220b"", ""validated_scenarios"": 6, ""required_scenarios"": 6, ""invalidity"": [], ""review"": []}, {""attempt"": 2, ""artifact_id"": ""l2_poisson_r1_retry_1"", ""status"": ""not_run"", ""validated_scenarios"": 0, ""required_scenarios"": 6}]",earliest_attempt_passing_entire_required_synthetic_grid; no_test_scores
l1_normal_r1,L1,normal,1,"[""normal_std30_L6_c1_2""]",selected,1,l1_normal_r1,False,"[{""attempt"": 1, ""artifact_id"": ""l1_normal_r1"", ""status"": ""qualified"", ""code_sha256"": ""483a2a4913e3e2c705e062fd5af57a151de3ed057db799d53f594bde03c86136"", ""validated_scenarios"": 1, ""required_scenarios"": 1, ""invalidity"": [], ""review"": []}, {""attempt"": 2, ""artifact_id"": ""l1_normal_r1_retry_1"", ""status"": ""not_run"", ""validated_scenarios"": 0, ""required_scenarios"": 1}]",earliest_attempt_passing_entire_required_synthetic_grid; no_test_scores
l2_normal_r1,L2,normal,1,"[""normal_std10_L2_c1_2"", ""normal_std10_L2_c1_5"", ""normal_std10_L4_c1_2"", ""normal_std10_L4_c1_5"", ""normal_std10_L6_c1_2"", ""normal_std10_L6_c1_5"", ""normal_std30_L2_c1_2"", ""normal_std30_L2_c1_5"", ""normal_std30_L4_c1_2"", ""normal_std30_L4_c1_5"", ""normal_std30_L6_c1_2"", ""normal_std30_L6_c1_5"", ""normal_std50_L2_c1_2"", ""normal_std50_L2_c1_5"", ""normal_std50_L4_c1_2"", ""normal_std50_L4_c1_5"", ""normal_std50_L6_c1_2"", ""normal_std50_L6_c1_5""]",selected,1,l2_normal_r1,False,"[{""attempt"": 1, ""artifact_id"": ""l2_normal_r1"", ""status"": ""qualified"", ""code_sha256"": ""a010eff51eba471c88205fc5980faa221e7f38b7a4e3d64674635e4a1ee5de1c"", ""validated_scenarios"": 18, ""required_scenarios"": 18, ""invalidity"": [], ""review"": []}, {""attempt"": 2, ""artifact_id"": ""l2_normal_r1_retry_1"", ""status"": ""not_run"", ""validated_scenarios"": 0, ""required_scenarios"": 18}]",earliest_attempt_passing_entire_required_synthetic_grid; no_test_scores
l1_exponential_r1,L1,exponential,1,"[""exponential_L6_c1_2""]",selected,1,l1_exponential_r1,False,"[{""attempt"": 1, ""artifact_id"": ""l1_exponential_r1"", ""status"": ""qualified"", ""code_sha256"": ""b6a758a1d299c9e09623fc9789134853ccc8317b9a2db91a9ed0b1469894620c"", ""validated_scenarios"": 1, ""required_scenarios"": 1, ""invalidity"": [], ""review"": []}, {""attempt"": 2, ""artifact_id"": ""l1_exponential_r1_retry_1"", ""status"": ""not_run"", ""validated_scenarios"": 0, ""required_scenarios"": 1}]",earliest_attempt_passing_entire_required_synthetic_grid; no_test_scores
l2_exponential_r1,L2,exponential,1,"[""exponential_L2_c1_2"", ""exponential_L2_c1_5"", ""exponential_L4_c1_2"", ""exponential_L4_c1_5"", ""exponential_L6_c1_2"", ""exponential_L6_c1_5""]",selected,1,l2_exponential_r1,False,"[{""attempt"": 1, ""artifact_id"": ""l2_exponential_r1"", ""status"": ""qualified"", ""code_sha256"": ""b8211a44683af33150d35e8129f93f7434fd63a6fb5a866f00fa07cb30077191"", ""validated_scenarios"": 6, ""required_scenarios"": 6, ""invalidity"": [], ""review"": []}, {""attempt"": 2, ""artifact_id"": ""l2_exponential_r1_retry_1"", ""status"": ""not_run"", ""validated_scenarios"": 0, ""required_scenarios"": 6}]",earliest_attempt_passing_entire_required_synthetic_grid; no_test_scores
l1_poisson_r2,L1,poisson,2,"[""poisson_L6_c1_2""]",selected,1,l1_poisson_r2,False,"[{""attempt"": 1, ""artifact_id"": ""l1_poisson_r2"", ""status"": ""qualified"", ""code_sha256"": ""ebbe0a69288d0179c5facec8fbcdaba9205850cee9b91bc5c8943abafd9697bb"", ""validated_scenarios"": 1, ""required_scenarios"": 1, ""invalidity"": [], ""review"": []}, {""attempt"": 2, ""artifact_id"": ""l1_poisson_r2_retry_1"", ""status"": ""not_run"", ""validated_scenarios"": 0, ""required_scenarios"": 1}]",earliest_attempt_passing_entire_required_synthetic_grid; no_test_scores
l2_poisson_r2,L2,poisson,2,"[""poisson_L2_c1_2"", ""poisson_L2_c1_5"", ""poisson_L4_c1_2"", ""poisson_L4_c1_5"", ""poisson_L6_c1_2"", ""poisson_L6_c1_5""]",selected,1,l2_poisson_r2,False,"[{""attempt"": 1, ""artifact_id"": ""l2_poisson_r2"", ""status"": ""qualified"", ""code_sha256"": ""cfdd9b12ea25e0ddec4600382c025ba0ff282ca74392ba5e18d9615e50bbcbe4"", ""validated_scenarios"": 6, ""required_scenarios"": 6, ""invalidity"": [], ""review"": []}, {""attempt"": 2, ""artifact_id"": ""l2_poisson_r2_retry_1"", ""status"": ""not_run"", ""validated_scenarios"": 0, ""required_scenarios"": 6}]",earliest_attempt_passing_entire_required_synthetic_grid; no_test_scores
l1_normal_r2,L1,normal,2,"[""normal_std30_L6_c1_2""]",selected,1,l1_normal_r2,False,"[{""attempt"": 1, ""artifact_id"": ""l1_normal_r2"", ""status"": ""qualified"", ""code_sha256"": ""9feeb105f700d46a2dcbf8aa3de49687fb197ce851ff0a07fa72cb84bf9bad7b"", ""validated_scenarios"": 1, ""required_scenarios"": 1, ""invalidity"": [], ""review"": []}, {""attempt"": 2, ""artifact_id"": ""l1_normal_r2_retry_1"", ""status"": ""not_run"", ""validated_scenarios"": 0, ""required_scenarios"": 1}]",earliest_attempt_passing_entire_required_synthetic_grid; no_test_scores
l2_normal_r2,L2,normal,2,"[""normal_std10_L2_c1_2"", ""normal_std10_L2_c1_5"", ""normal_std10_L4_c1_2"", ""normal_std10_L4_c1_5"", ""normal_std10_L6_c1_2"", ""normal_std10_L6_c1_5"", ""normal_std30_L2_c1_2"", ""normal_std30_L2_c1_5"", ""normal_std30_L4_c1_2"", ""normal_std30_L4_c1_5"", ""normal_std30_L6_c1_2"", ""normal_std30_L6_c1_5"", ""normal_std50_L2_c1_2"", ""normal_std50_L2_c1_5"", ""normal_std50_L4_c1_2"", ""normal_std50_L4_c1_5"", ""normal_std50_L6_c1_2"", ""normal_std50_L6_c1_5""]",selected,1,l2_normal_r2,False,"[{""attempt"": 1, ""artifact_id"": ""l2_normal_r2"", ""status"": ""qualified"", ""code_sha256"": ""a89d42fc7ba99ef0d2b5abe37cf4a28c0856cb9507ef05f931b7de54cb4c27f1"", ""validated_scenarios"": 18, ""required_scenarios"": 18, ""invalidity"": [], ""review"": []}, {""attempt"": 2, ""artifact_id"": ""l2_normal_r2_retry_1"", ""status"": ""not_run"", ""validated_scenarios"": 0, ""required_scenarios"": 18}]",earliest_attempt_passing_entire_required_synthetic_grid; no_test_scores
l1_exponential_r2,L1,exponential,2,"[""exponential_L6_c1_2""]",selected,1,l1_exponential_r2,False,"[{""attempt"": 1, ""artifact_id"": ""l1_exponential_r2"", ""status"": ""qualified"", ""code_sha256"": ""f067c3a919bbad265bcab7f707116c1fd9c957e82c96a6d26e5170b51b6cd2b9"", ""validated_scenarios"": 1, ""required_scenarios"": 1, ""invalidity"": [], ""review"": []}, {""attempt"": 2, ""artifact_id"": ""l1_exponential_r2_retry_1"", ""status"": ""not_run"", ""validated_scenarios"": 0, ""required_scenarios"": 1}]",earliest_attempt_passing_entire_required_synthetic_grid; no_test_scores
l2_exponential_r2,L2,exponential,2,"[""exponential_L2_c1_2"", ""exponential_L2_c1_5"", ""exponential_L4_c1_2"", ""exponential_L4_c1_5"", ""exponential_L6_c1_2"", ""exponential_L6_c1_5""]",selected,1,l2_exponential_r2,False,"[{""attempt"": 1, ""artifact_id"": ""l2_exponential_r2"", ""status"": ""qualified"", ""code_sha256"": ""77f8264e315bda108670b2ee66494a95bfdcaf1e3d338df1ef06e7594b7dc24f"", ""validated_scenarios"": 6, ""required_scenarios"": 6, ""invalidity"": [], ""review"": []}, {""attempt"": 2, ""artifact_id"": ""l2_exponential_r2_retry_1"", ""status"": ""not_run"", ""validated_scenarios"": 0, ""required_scenarios"": 6}]",earliest_attempt_passing_entire_required_synthetic_grid; no_test_scores
l1_poisson_r3,L1,poisson,3,"[""poisson_L6_c1_2""]",selected,1,l1_poisson_r3,False,"[{""attempt"": 1, ""artifact_id"": ""l1_poisson_r3"", ""status"": ""qualified"", ""code_sha256"": ""d0b8efaf6a42f6bb0b7cfb11dc6183be812ee656b17d5a3564d0379a567cadd7"", ""validated_scenarios"": 1, ""required_scenarios"": 1, ""invalidity"": [], ""review"": []}, {""attempt"": 2, ""artifact_id"": ""l1_poisson_r3_retry_1"", ""status"": ""not_run"", ""validated_scenarios"": 0, ""required_scenarios"": 1}]",earliest_attempt_passing_entire_required_synthetic_grid; no_test_scores
l2_poisson_r3,L2,poisson,3,"[""poisson_L2_c1_2"", ""poisson_L2_c1_5"", ""poisson_L4_c1_2"", ""poisson_L4_c1_5"", ""poisson_L6_c1_2"", ""poisson_L6_c1_5""]",selected,1,l2_poisson_r3,False,"[{""attempt"": 1, ""artifact_id"": ""l2_poisson_r3"", ""status"": ""qualified"", ""code_sha256"": ""bdda953037fd1cdea85815c414e244b744b93657fc61675f2f49c32bc87807b8"", ""validated_scenarios"": 6, ""required_scenarios"": 6, ""invalidity"": [], ""review"": []}, {""attempt"": 2, ""artifact_id"": ""l2_poisson_r3_retry_1"", ""status"": ""not_run"", ""validated_scenarios"": 0, ""required_scenarios"": 6}]",earliest_attempt_passing_entire_required_synthetic_grid; no_test_scores
l1_normal_r3,L1,normal,3,"[""normal_std30_L6_c1_2""]",selected,1,l1_normal_r3,False,"[{""attempt"": 1, ""artifact_id"": ""l1_normal_r3"", ""status"": ""qualified"", ""code_sha256"": ""c3b0b9e23bdfa9e020cfe901d5dafb30b031da17beeeb284d6f4e0ea4ddc4b24"", ""validated_scenarios"": 1, ""required_scenarios"": 1, ""invalidity"": [], ""review"": []}, {""attempt"": 2, ""artifact_id"": ""l1_normal_r3_retry_1"", ""status"": ""not_run"", ""validated_scenarios"": 0, ""required_scenarios"": 1}]",earliest_attempt_passing_entire_required_synthetic_grid; no_test_scores
l2_normal_r3,L2,normal,3,"[""normal_std10_L2_c1_2"", ""normal_std10_L2_c1_5"", ""normal_std10_L4_c1_2"", ""normal_std10_L4_c1_5"", ""normal_std10_L6_c1_2"", ""normal_std10_L6_c1_5"", ""normal_std30_L2_c1_2"", ""normal_std30_L2_c1_5"", ""normal_std30_L4_c1_2"", ""normal_std30_L4_c1_5"", ""normal_std30_L6_c1_2"", ""normal_std30_L6_c1_5"", ""normal_std50_L2_c1_2"", ""normal_std50_L2_c1_5"", ""normal_std50_L4_c1_2"", ""normal_std50_L4_c1_5"", ""normal_std50_L6_c1_2"", ""normal_std50_L6_c1_5""]",selected,1,l2_normal_r3,False,"[{""attempt"": 1, ""artifact_id"": ""l2_normal_r3"", ""status"": ""qualified"", ""code_sha256"": ""3b085a7a567150451020ff8c59f10bf967985e8bbb091d34af9f1375c547f194"", ""validated_scenarios"": 18, ""required_scenarios"": 18, ""invalidity"": [], ""review"": []}, {""attempt"": 2, ""artifact_id"": ""l2_normal_r3_retry_1"", ""status"": ""not_run"", ""validated_scenarios"": 0, ""required_scenarios"": 18}]",earliest_attempt_passing_entire_required_synthetic_grid; no_test_scores
l1_exponential_r3,L1,exponential,3,"[""exponential_L6_c1_2""]",selected,1,l1_exponential_r3,False,"[{""attempt"": 1, ""artifact_id"": ""l1_exponential_r3"", ""status"": ""qualified"", ""code_sha256"": ""ebe9c9efacdc8ff636ba98f970a7467a532ffd0ad690fb4ca65bf48304f6e2e8"", ""validated_scenarios"": 1, ""required_scenarios"": 1, ""invalidity"": [], ""review"": []}, {""attempt"": 2, ""artifact_id"": ""l1_exponential_r3_retry_1"", ""status"": ""not_run"", ""validated_scenarios"": 0, ""required_scenarios"": 1}]",earliest_attempt_passing_entire_required_synthetic_grid; no_test_scores
l2_exponential_r3,L2,exponential,3,"[""exponential_L2_c1_2"", ""exponential_L2_c1_5"", ""exponential_L4_c1_2"", ""exponential_L4_c1_5"", ""exponential_L6_c1_2"", ""exponential_L6_c1_5""]",selected,1,l2_exponential_r3,False,"[{""attempt"": 1, ""artifact_id"": ""l2_exponential_r3"", ""status"": ""qualified"", ""code_sha256"": ""06ffd241a3bc44054ceb55ed2df10cc5fd07b1f1b4b821e522e0044241abd5bf"", ""validated_scenarios"": 6, ""required_scenarios"": 6, ""invalidity"": [], ""review"": []}, {""attempt"": 2, ""artifact_id"": ""l2_exponential_r3_retry_1"", ""status"": ""not_run"", ""validated_scenarios"": 0, ""required_scenarios"": 6}]",earliest_attempt_passing_entire_required_synthetic_grid; no_test_scores
