scenario_id,method,batch,reference,n_planned,n_valid,n_failed,n_pending,n_first_attempt_invalid,n_paired,first_draw_cost,draw_costs,first_draw_improvement_pct,mean_cost,sd_cost_across_draws,min_cost,max_cost,mean_improvement_pct,min_improvement_pct,max_improvement_pct,significant_wins,significant_losses,n_within_0_1pct_or_better,n_within_1pct_or_better,summary_selection
exponential_L2_c1_2,Baek-L2,existing_test,classical_train_selected,3,3,0,0,0,3,6063.3896679297295,"{""1"": 6063.3896679297295, ""2"": 6061.53929271105, ""3"": 6061.349629440949}",0.5034787323261362,6062.092863360576,1.1270623793470422,6061.349629440949,6063.3896679297295,0.5247585032894385,0.5034787323261362,0.5369545179843503,3,0,3,3,earliest_globally_synthetic_qualified_attempt_per_draw; no_test_selection
exponential_L2_c1_2,Baek-L2,existing_test,historical_AHD,3,3,0,0,0,3,6063.3896679297295,"{""1"": 6063.3896679297295, ""2"": 6061.53929271105, ""3"": 6061.349629440949}",0.18199740174238466,6062.092863360576,1.1270623793470422,6061.349629440949,6063.3896679297295,0.2033459293717156,0.18199740174238466,0.21558135037935047,3,0,3,3,earliest_globally_synthetic_qualified_attempt_per_draw; no_test_selection
exponential_L2_c1_2,Baek-L2,fresh_test,classical_train_selected,3,3,0,0,0,3,6082.98208351169,"{""1"": 6082.98208351169, ""2"": 6077.632584268577, ""3"": 6077.533204996144}",0.48722619904072506,6079.382624258804,3.1176191628928898,6077.533204996144,6082.98208351169,0.5461105043897595,0.48722619904072506,0.5763655401964607,3,0,3,3,earliest_globally_synthetic_qualified_attempt_per_draw; no_test_selection
exponential_L2_c1_2,Baek-L2,fresh_test,historical_AHD,3,3,0,0,0,3,6082.98208351169,"{""1"": 6082.98208351169, ""2"": 6077.632584268577, ""3"": 6077.533204996144}",0.0848191959967772,6079.382624258804,3.1176191628928898,6077.533204996144,6082.98208351169,0.14394161607155753,0.0848191959967772,0.17431899635546444,3,0,3,3,earliest_globally_synthetic_qualified_attempt_per_draw; no_test_selection
exponential_L2_c1_2,Baek-L2,integer_test,classical_train_selected,3,3,0,0,0,3,6063.462,"{""1"": 6063.462, ""2"": 6061.48, ""3"": 6061.303}",0.5022097722259956,6062.081666666666,1.198675240978264,6061.303,6063.462,0.5248602178698294,0.5022097722259956,0.5376376728381904,3,0,3,3,earliest_globally_synthetic_qualified_attempt_per_draw; no_test_selection
exponential_L2_c1_2,Baek-L2,integer_test,historical_AHD,3,3,0,0,0,3,6063.462,"{""1"": 6063.462, ""2"": 6061.48, ""3"": 6061.303}",0.18080664159440518,6062.081666666666,1.198675240978264,6061.303,6063.462,0.2035302539299159,0.18080664159440518,0.21634898332275337,3,0,3,3,earliest_globally_synthetic_qualified_attempt_per_draw; no_test_selection
exponential_L2_c1_5,Baek-L2,existing_test,classical_train_selected,3,3,0,0,0,3,10585.939698213211,"{""1"": 10585.939698213211, ""2"": 10577.998358630262, ""3"": 10577.208229740447}",0.951898963734009,10580.382095527973,4.829211801200222,10577.208229740447,10585.939698213211,1.0038990702885326,0.951898963734009,1.0335955722676202,3,0,3,3,earliest_globally_synthetic_qualified_attempt_per_draw; no_test_selection
exponential_L2_c1_5,Baek-L2,existing_test,historical_AHD,3,3,0,0,0,3,10585.939698213211,"{""1"": 10585.939698213211, ""2"": 10577.998358630262, ""3"": 10577.208229740447}",0.8243848861797604,10580.382095527973,4.829211801200222,10577.208229740447,10585.939698213211,0.87645193743641,0.8243848861797604,0.9061866705579105,3,0,3,3,earliest_globally_synthetic_qualified_attempt_per_draw; no_test_selection
exponential_L2_c1_5,Baek-L2,fresh_test,classical_train_selected,3,3,0,0,0,3,10515.937435456786,"{""1"": 10515.937435456786, ""2"": 10507.473835792505, ""3"": 10507.130082461363}",0.8158205420811981,10510.180451236885,4.988656339067089,10507.130082461363,10515.937435456786,0.8701192443612119,0.8158205420811981,0.8988897011941047,3,0,3,3,earliest_globally_synthetic_qualified_attempt_per_draw; no_test_selection
exponential_L2_c1_5,Baek-L2,fresh_test,historical_AHD,3,3,0,0,0,3,10515.937435456786,"{""1"": 10515.937435456786, ""2"": 10507.473835792505, ""3"": 10507.130082461363}",0.893590158429374,10510.180451236885,4.988656339067089,10507.130082461363,10515.937435456786,0.947846285479471,0.893590158429374,0.9765941835998526,3,0,3,3,earliest_globally_synthetic_qualified_attempt_per_draw; no_test_selection
exponential_L2_c1_5,Baek-L2,integer_test,classical_train_selected,3,3,0,0,0,3,10585.767,"{""1"": 10585.767, ""2"": 10577.964, ""3"": 10577.337}",0.9537504838505427,10580.356,4.696538406103009,10577.337,10585.767,1.004378771449532,0.9537504838505427,1.032626193416148,3,0,3,3,earliest_globally_synthetic_qualified_attempt_per_draw; no_test_selection
exponential_L2_c1_5,Baek-L2,integer_test,historical_AHD,3,3,0,0,0,3,10585.767,"{""1"": 10585.767, ""2"": 10577.964, ""3"": 10577.337}",0.8325527448750201,10580.356,4.696538406103009,10577.337,10585.767,0.8832429836737284,0.8325527448750201,0.9115249705399844,3,0,3,3,earliest_globally_synthetic_qualified_attempt_per_draw; no_test_selection
exponential_L4_c1_2,Baek-L2,existing_test,classical_train_selected,3,3,0,0,0,3,6110.378754155684,"{""1"": 6110.378754155684, ""2"": 6105.706371950392, ""3"": 6105.7244828097}",0.3704937026449723,6107.269869638592,2.69238819754258,6105.706371950392,6110.378754155684,0.42118395312456913,0.3704937026449723,0.44667672681989373,3,0,3,3,earliest_globally_synthetic_qualified_attempt_per_draw; no_test_selection
exponential_L4_c1_2,Baek-L2,existing_test,historical_AHD,3,3,0,0,0,3,6110.378754155684,"{""1"": 6110.378754155684, ""2"": 6105.706371950392, ""3"": 6105.7244828097}",0.5579516052274242,6107.269869638592,2.69238819754258,6105.706371950392,6110.378754155684,0.6085464794636827,0.5579516052274242,0.6339912872293793,3,0,3,3,earliest_globally_synthetic_qualified_attempt_per_draw; no_test_selection
exponential_L4_c1_2,Baek-L2,fresh_test,classical_train_selected,3,3,0,0,0,3,6092.4020138518845,"{""1"": 6092.4020138518845, ""2"": 6086.237847944759, ""3"": 6085.706696280465}",0.2679021644431829,6088.115519359036,3.7217007940638815,6085.706696280465,6092.4020138518845,0.3380717112262674,0.2679021644431829,0.37750393818607897,3,0,3,3,earliest_globally_synthetic_qualified_attempt_per_draw; no_test_selection
exponential_L4_c1_2,Baek-L2,fresh_test,historical_AHD,3,3,0,0,0,3,6092.4020138518845,"{""1"": 6092.4020138518845, ""2"": 6086.237847944759, ""3"": 6085.706696280465}",0.4763975576199081,6088.115519359036,3.7217007940638815,6085.706696280465,6092.4020138518845,0.5464204111360997,0.4763975576199081,0.5857702028735281,3,0,3,3,earliest_globally_synthetic_qualified_attempt_per_draw; no_test_selection
exponential_L4_c1_2,Baek-L2,integer_test,classical_train_selected,3,3,0,0,0,3,6110.356,"{""1"": 6110.356, ""2"": 6105.538, ""3"": 6105.78}",0.3706127714498129,6107.224666666666,2.714512356452577,6105.538,6110.356,0.42166917818099864,0.3706127714498129,0.44917028719311425,3,0,3,3,earliest_globally_synthetic_qualified_attempt_per_draw; no_test_selection
exponential_L4_c1_2,Baek-L2,integer_test,historical_AHD,3,3,0,0,0,3,6110.356,"{""1"": 6110.356, ""2"": 6105.538, ""3"": 6105.78}",0.5583219128534761,6107.224666666666,2.714512356452577,6105.538,6110.356,0.60928212553452,0.5583219128534761,0.6367314204212664,3,0,3,3,earliest_globally_synthetic_qualified_attempt_per_draw; no_test_selection
exponential_L4_c1_5,Baek-L2,existing_test,classical_train_selected,3,3,0,0,0,3,11095.556777109292,"{""1"": 11095.556777109292, ""2"": 11063.260114469764, ""3"": 11059.681621627415}",0.9462949073757171,11072.83283773549,19.760679853027632,11059.681621627415,11095.556777109292,1.1491590298791452,0.9462949073757171,1.2665642857078716,3,0,3,3,earliest_globally_synthetic_qualified_attempt_per_draw; no_test_selection
exponential_L4_c1_5,Baek-L2,existing_test,historical_AHD,3,3,0,0,0,3,11095.556777109292,"{""1"": 11095.556777109292, ""2"": 11063.260114469764, ""3"": 11059.681621627415}",0.48861631930892485,11072.83283773549,19.760679853027632,11059.681621627415,11095.556777109292,0.6924177774230699,0.48861631930892485,0.810365505354875,3,0,3,3,earliest_globally_synthetic_qualified_attempt_per_draw; no_test_selection
exponential_L4_c1_5,Baek-L2,fresh_test,classical_train_selected,3,3,0,0,0,3,11174.54798434487,"{""1"": 11174.54798434487, ""2"": 11130.820163982626, ""3"": 11129.616406262265}",0.7884163199414971,11144.99485152992,25.600839879697077,11129.616406262265,11174.54798434487,1.0507994707755117,0.7884163199414971,1.1873347392873728,3,0,3,3,earliest_globally_synthetic_qualified_attempt_per_draw; no_test_selection
exponential_L4_c1_5,Baek-L2,fresh_test,historical_AHD,3,3,0,0,0,3,11174.54798434487,"{""1"": 11174.54798434487, ""2"": 11130.820163982626, ""3"": 11129.616406262265}",0.2897407981575043,11144.99485152992,25.600839879697077,11129.616406262265,11174.54798434487,0.553442787475858,0.2897407981575043,0.6906643346836285,3,0,3,3,earliest_globally_synthetic_qualified_attempt_per_draw; no_test_selection
exponential_L4_c1_5,Baek-L2,integer_test,classical_train_selected,3,3,0,0,0,3,11095.166,"{""1"": 11095.166, ""2"": 11063.432, ""3"": 11059.957}",0.9481959226977286,11072.851666666667,19.402732032714,11059.957,11095.166,1.14740654951024,0.9481959226977286,1.2625233486918623,3,0,3,3,earliest_globally_synthetic_qualified_attempt_per_draw; no_test_selection
exponential_L4_c1_5,Baek-L2,integer_test,historical_AHD,3,3,0,0,0,3,11095.166,"{""1"": 11095.166, ""2"": 11063.432, ""3"": 11059.957}",0.49009799358931233,11072.851666666667,19.402732032714,11059.957,11095.166,0.6902299360350855,0.49009799358931233,0.8058791310453546,3,0,3,3,earliest_globally_synthetic_qualified_attempt_per_draw; no_test_selection
exponential_L6_c1_2,Baek-L1,existing_test,classical_train_selected,3,3,0,0,0,3,6124.826379269772,"{""1"": 6124.826379269772, ""2"": 6124.616713275628, ""3"": 6125.254222306826}",0.35594884016398104,6124.899104950742,0.3249172351831587,6124.616713275628,6125.254222306826,0.35476567495626893,0.34898831412900744,0.3593598705758185,3,0,3,3,earliest_globally_synthetic_qualified_attempt_per_draw; no_test_selection
exponential_L6_c1_2,Baek-L1,existing_test,historical_AHD,3,3,0,0,0,3,6124.826379269772,"{""1"": 6124.826379269772, ""2"": 6124.616713275628, ""3"": 6125.254222306826}",0.3895670479384214,6124.899104950742,0.3249172351831587,6124.616713275628,6125.254222306826,0.38838428191052315,0.3826088702665236,0.3929769275266244,3,0,3,3,earliest_globally_synthetic_qualified_attempt_per_draw; no_test_selection
exponential_L6_c1_2,Baek-L1,fresh_test,classical_train_selected,3,3,0,0,0,3,6109.184212947467,"{""1"": 6109.184212947467, ""2"": 6109.3874349948355, ""3"": 6109.518625962475}",0.3064972473888302,6109.363424634926,0.168494478214976,6109.184212947467,6109.518625962475,0.3035727585807973,0.3010400858971929,0.3064972473888302,3,0,3,3,earliest_globally_synthetic_qualified_attempt_per_draw; no_test_selection
exponential_L6_c1_2,Baek-L1,fresh_test,historical_AHD,3,3,0,0,0,3,6109.184212947467,"{""1"": 6109.184212947467, ""2"": 6109.3874349948355, ""3"": 6109.518625962475}",0.19650985928005785,6109.363424634926,0.168494478214976,6109.184212947467,6109.518625962475,0.19358214401416493,0.19104667714592746,0.19650985928005785,3,0,3,3,earliest_globally_synthetic_qualified_attempt_per_draw; no_test_selection
exponential_L6_c1_2,Baek-L1,integer_test,classical_train_selected,3,3,0,0,0,3,6124.671,"{""1"": 6124.671, ""2"": 6124.569, ""3"": 6125.239}",0.3586954275931562,6124.826333333333,0.36100046167977334,6124.569,6125.239,0.356168334141623,0.3494547253583655,0.3603548494733473,3,0,3,3,earliest_globally_synthetic_qualified_attempt_per_draw; no_test_selection
exponential_L6_c1_2,Baek-L1,integer_test,historical_AHD,3,3,0,0,0,3,6124.671,"{""1"": 6124.671, ""2"": 6124.569, ""3"": 6125.239}",0.3920940414195901,6124.826333333333,0.36100046167977334,6124.569,6125.239,0.3895677950205784,0.3828564365614019,0.39375290708074334,3,0,3,3,earliest_globally_synthetic_qualified_attempt_per_draw; no_test_selection
exponential_L6_c1_2,Baek-L1,long_run,classical_train_selected,3,3,0,0,0,3,987188.309722832,"{""1"": 987188.309722832, ""2"": 987143.9609420577, ""3"": 987402.5949498334}",0.07838909751682241,987244.9552049078,138.30914819423427,987143.9609420577,987402.5949498334,0.07265553304528384,0.05669949193327839,0.08287800968575075,2,0,3,3,earliest_globally_synthetic_qualified_attempt_per_draw; no_test_selection
exponential_L6_c1_2,Baek-L1,long_run,historical_AHD,3,3,0,0,0,3,987188.309722832,"{""1"": 987188.309722832, ""2"": 987143.9609420577, ""3"": 987402.5949498334}",0.30888658311761613,987244.9552049078,138.30914819423427,987143.9609420577,987402.5949498334,0.30316624473583215,0.28724701075016545,0.31336514033971485,3,0,3,3,earliest_globally_synthetic_qualified_attempt_per_draw; no_test_selection
exponential_L6_c1_2,Baek-L2,existing_test,classical_train_selected,3,3,0,0,0,3,6135.790882389226,"{""1"": 6135.790882389226, ""2"": 6124.917977749147, ""3"": 6129.870235418542}",0.1775686801197834,6130.193031852305,5.443634997067509,6124.917977749147,6135.790882389226,0.2686394257614852,0.1775686801197834,0.35445863570758185,3,0,3,3,earliest_globally_synthetic_qualified_attempt_per_draw; no_test_selection
exponential_L6_c1_2,Baek-L2,existing_test,historical_AHD,3,3,0,0,0,3,6135.790882389226,"{""1"": 6135.790882389226, ""2"": 6124.917977749147, ""3"": 6129.870235418542}",0.21124707032572274,6130.193031852305,5.443634997067509,6124.917977749147,6135.790882389226,0.30228709024708783,0.21124707032572274,0.38807734625165535,3,0,3,3,earliest_globally_synthetic_qualified_attempt_per_draw; no_test_selection
exponential_L6_c1_2,Baek-L2,fresh_test,classical_train_selected,3,3,0,0,0,3,6122.638265752424,"{""1"": 6122.638265752424, ""2"": 6109.769296022754, ""3"": 6109.256959315839}",0.08694556854076561,6113.888173697004,7.582130667499225,6109.256959315839,6122.638265752424,0.22973506317798234,0.08694556854076561,0.305310126486481,2,0,3,3,earliest_globally_synthetic_qualified_attempt_per_draw; no_test_selection
exponential_L6_c1_2,Baek-L2,fresh_test,historical_AHD,3,3,0,0,0,3,6122.638265752424,"{""1"": 6122.638265752424, ""2"": 6109.769296022754, ""3"": 6109.256959315839}",-0.02328404112753324,6113.888173697004,7.582130667499225,6109.256959315839,6122.638265752424,0.11966298678046734,-0.02328404112753324,0.19532142868024774,2,0,3,3,earliest_globally_synthetic_qualified_attempt_per_draw; no_test_selection
exponential_L6_c1_2,Baek-L2,integer_test,classical_train_selected,3,3,0,0,0,3,6135.851,"{""1"": 6135.851, ""2"": 6124.921, ""3"": 6130.208}",0.1768097744504083,6130.326666666667,5.465966184795694,6124.921,6135.851,0.26668428039956815,0.1768097744504083,0.35462821710248627,3,0,3,3,earliest_globally_synthetic_qualified_attempt_per_draw; no_test_selection
exponential_L6_c1_2,Baek-L2,integer_test,historical_AHD,3,3,0,0,0,3,6135.851,"{""1"": 6135.851, ""2"": 6124.921, ""3"": 6130.208}",0.21026935424588436,6130.326666666667,5.465966184795694,6124.921,6135.851,0.30011373529925,0.21026935424588436,0.3880281942108755,3,0,3,3,earliest_globally_synthetic_qualified_attempt_per_draw; no_test_selection
exponential_L6_c1_2,Baek-L2,long_run,classical_train_selected,3,3,0,0,0,3,987952.2345921544,"{""1"": 987952.2345921544, ""2"": 987153.6049644205, ""3"": 987414.0218183193}",0.0010658524992754263,987506.620458298,407.2876154120201,987153.6049644205,987952.2345921544,0.04617019749332985,0.0010658524992754263,0.0819018572732997,2,0,3,3,earliest_globally_synthetic_qualified_attempt_per_draw; no_test_selection
exponential_L6_c1_2,Baek-L2,long_run,historical_AHD,3,3,0,0,0,3,987952.2345921544,"{""1"": 987952.2345921544, ""2"": 987153.6049644205, ""3"": 987414.0218183193}",0.23174170605665093,987506.620458298,407.2876154120201,987153.6049644205,987952.2345921544,0.2767420051089226,0.23174170605665093,0.3123912396991738,3,0,3,3,earliest_globally_synthetic_qualified_attempt_per_draw; no_test_selection
exponential_L6_c1_5,Baek-L2,existing_test,classical_train_selected,3,3,0,0,0,3,11143.471327164332,"{""1"": 11143.471327164332, ""2"": 11098.530314038386, ""3"": 11097.545379843947}",0.991027239957481,11113.182340348889,26.235654471948106,11097.545379843947,11143.471327164332,1.260142794930844,0.991027239957481,1.3990761085482613,3,0,3,3,earliest_globally_synthetic_qualified_attempt_per_draw; no_test_selection
exponential_L6_c1_5,Baek-L2,existing_test,historical_AHD,3,3,0,0,0,3,11143.471327164332,"{""1"": 11143.471327164332, ""2"": 11098.530314038386, ""3"": 11097.545379843947}",0.6615053062974883,11113.182340348889,26.235654471948106,11097.545379843947,11143.471327164332,0.9315165323962118,0.6615053062974883,1.070912244247615,3,0,3,3,earliest_globally_synthetic_qualified_attempt_per_draw; no_test_selection
exponential_L6_c1_5,Baek-L2,fresh_test,classical_train_selected,3,3,0,0,0,3,11246.758437815584,"{""1"": 11246.758437815584, ""2"": 11206.10509898967, ""3"": 11203.809010298115}",1.1593219116723223,11218.890849034457,24.161330347797513,11203.809010298115,11246.758437815584,1.4042326018985747,1.1593219116723223,1.5367773858699763,3,0,3,3,earliest_globally_synthetic_qualified_attempt_per_draw; no_test_selection
exponential_L6_c1_5,Baek-L2,fresh_test,historical_AHD,3,3,0,0,0,3,11246.758437815584,"{""1"": 11246.758437815584, ""2"": 11206.10509898967, ""3"": 11203.809010298115}",0.5589955699947603,11218.890849034457,24.161330347797513,11203.809010298115,11246.758437815584,0.8053937686188188,0.5589955699947603,0.9387435867806868,3,0,3,3,earliest_globally_synthetic_qualified_attempt_per_draw; no_test_selection
exponential_L6_c1_5,Baek-L2,integer_test,classical_train_selected,3,3,0,0,0,3,11143.425,"{""1"": 11143.425, ""2"": 11098.57, ""3"": 11097.272}",1.00665014856432,11113.089,26.27976166178013,11097.272,11143.425,1.2761420023788417,1.00665014856432,1.4166533635267893,3,0,3,3,earliest_globally_synthetic_qualified_attempt_per_draw; no_test_selection
exponential_L6_c1_5,Baek-L2,integer_test,historical_AHD,3,3,0,0,0,3,11143.425,"{""1"": 11143.425, ""2"": 11098.57, ""3"": 11097.272}",0.6852306219703397,11113.089,26.27976166178013,11097.272,11143.425,0.9555974834919851,0.6852306219703397,1.0965650681665537,3,0,3,3,earliest_globally_synthetic_qualified_attempt_per_draw; no_test_selection
normal_std10_L2_c1_2,Baek-L2,existing_test,classical_train_selected,3,3,0,0,0,3,700.8672547280984,"{""1"": 700.8672547280984, ""2"": 700.9719766730162, ""3"": 700.8759546410909}",0.6662002404778616,700.9050620140684,0.05811282825752611,700.8672547280984,700.9719766730162,0.660841820108425,0.6513580165949188,0.6662002404778616,3,0,3,3,earliest_globally_synthetic_qualified_attempt_per_draw; no_test_selection
normal_std10_L2_c1_2,Baek-L2,existing_test,historical_AHD,3,3,0,0,0,0,700.8672547280984,"{""1"": 700.8672547280984, ""2"": 700.9719766730162, ""3"": 700.8759546410909}",,700.9050620140684,0.05811282825752611,700.8672547280984,700.9719766730162,,,,0,0,0,0,earliest_globally_synthetic_qualified_attempt_per_draw; no_test_selection
normal_std10_L2_c1_2,Baek-L2,fresh_test,classical_train_selected,3,3,0,0,0,3,702.7355434658267,"{""1"": 702.7355434658267, ""2"": 702.912482414128, ""3"": 702.8011893165833}",0.7152869820540546,702.8164050655126,0.08944544213153048,702.7355434658267,702.912482414128,0.7038625980256069,0.690288484586355,0.7152869820540546,3,0,3,3,earliest_globally_synthetic_qualified_attempt_per_draw; no_test_selection
normal_std10_L2_c1_2,Baek-L2,fresh_test,historical_AHD,3,3,0,0,0,0,702.7355434658267,"{""1"": 702.7355434658267, ""2"": 702.912482414128, ""3"": 702.8011893165833}",,702.8164050655126,0.08944544213153048,702.7355434658267,702.912482414128,,,,0,0,0,0,earliest_globally_synthetic_qualified_attempt_per_draw; no_test_selection
normal_std10_L2_c1_2,Baek-L2,integer_test,classical_train_selected,3,3,0,0,0,3,700.758,"{""1"": 700.758, ""2"": 700.811, ""3"": 700.914}",0.47436578430842274,700.8276666666667,0.07932422916945983,700.758,700.914,0.4644713283283392,0.45220977761617975,0.47436578430842274,3,0,3,3,earliest_globally_synthetic_qualified_attempt_per_draw; no_test_selection
normal_std10_L2_c1_2,Baek-L2,integer_test,historical_AHD,3,3,0,0,0,0,700.758,"{""1"": 700.758, ""2"": 700.811, ""3"": 700.914}",,700.8276666666667,0.07932422916945983,700.758,700.914,,,,0,0,0,0,earliest_globally_synthetic_qualified_attempt_per_draw; no_test_selection
normal_std10_L2_c1_5,Baek-L2,existing_test,classical_train_selected,3,3,0,0,0,3,1064.846128587015,"{""1"": 1064.846128587015, ""2"": 1065.3121867365446, ""3"": 1064.8760747512213}",0.8093477748193705,1065.0114633582605,0.2608641521418897,1064.846128587015,1065.3121867365446,0.7939468043363594,0.7659343551847057,0.8093477748193705,3,0,3,3,earliest_globally_synthetic_qualified_attempt_per_draw; no_test_selection
normal_std10_L2_c1_5,Baek-L2,existing_test,historical_AHD,3,3,0,0,0,3,1064.846128587015,"{""1"": 1064.846128587015, ""2"": 1065.3121867365446, ""3"": 1064.8760747512213}",24.20676068425222,1065.0114633582605,0.2608641521418897,1064.846128587015,1065.3121867365446,24.194992544661165,24.173587762912664,24.20676068425222,3,0,3,3,earliest_globally_synthetic_qualified_attempt_per_draw; no_test_selection
normal_std10_L2_c1_5,Baek-L2,fresh_test,classical_train_selected,3,3,0,0,0,3,1061.7755409253823,"{""1"": 1061.7755409253823, ""2"": 1061.9361080571268, ""3"": 1061.4960468200322}",0.8118648135159955,1061.7358986008473,0.22269285691108515,1061.4960468200322,1061.9361080571268,0.8155680898616485,0.7968650760421959,0.8379743800267541,3,0,3,3,earliest_globally_synthetic_qualified_attempt_per_draw; no_test_selection
normal_std10_L2_c1_5,Baek-L2,fresh_test,historical_AHD,3,3,0,0,0,3,1061.7755409253823,"{""1"": 1061.7755409253823, ""2"": 1061.9361080571268, ""3"": 1061.4960468200322}",24.391195106409352,1061.7358986008473,0.22269285691108515,1061.4960468200322,1061.9361080571268,24.394018027700884,24.37976115594764,24.411097820745667,3,0,3,3,earliest_globally_synthetic_qualified_attempt_per_draw; no_test_selection
normal_std10_L2_c1_5,Baek-L2,integer_test,classical_train_selected,3,3,0,0,0,3,1064.494,"{""1"": 1064.494, ""2"": 1065.148, ""3"": 1064.689}",0.7700733159015986,1064.777,0.33576330949045674,1064.494,1065.148,0.7436926418427451,0.7091087899846841,0.7700733159015986,3,0,3,3,earliest_globally_synthetic_qualified_attempt_per_draw; no_test_selection
normal_std10_L2_c1_5,Baek-L2,integer_test,historical_AHD,3,3,0,0,0,3,1064.494,"{""1"": 1064.494, ""2"": 1065.148, ""3"": 1064.689}",24.242312099236383,1064.777,0.33576330949045674,1064.494,1065.148,24.22217161401437,24.19576836306962,24.242312099236383,3,0,3,3,earliest_globally_synthetic_qualified_attempt_per_draw; no_test_selection
normal_std10_L4_c1_2,Baek-L2,existing_test,classical_train_selected,3,3,0,0,0,3,735.1606565585939,"{""1"": 735.1606565585939, ""2"": 734.8410121880627, ""3"": 735.5464852961506}",0.6073734550065784,735.1827180142691,0.35325360214540774,734.8410121880627,735.5464852961506,0.604390779035826,0.5552099839609199,0.65058889813998,3,0,3,3,earliest_globally_synthetic_qualified_attempt_per_draw; no_test_selection
normal_std10_L4_c1_2,Baek-L2,existing_test,historical_AHD,3,3,0,0,0,0,735.1606565585939,"{""1"": 735.1606565585939, ""2"": 734.8410121880627, ""3"": 735.5464852961506}",,735.1827180142691,0.35325360214540774,734.8410121880627,735.5464852961506,,,,0,0,0,0,earliest_globally_synthetic_qualified_attempt_per_draw; no_test_selection
normal_std10_L4_c1_2,Baek-L2,fresh_test,classical_train_selected,3,3,0,0,0,3,734.5570800327907,"{""1"": 734.5570800327907, ""2"": 734.9874645644431, ""3"": 734.8587346731538}",0.4868407932302612,734.8010930901291,0.22090637234266977,734.5570800327907,734.9874645644431,0.4537834435926114,0.4285350119878488,0.4868407932302612,3,0,3,3,earliest_globally_synthetic_qualified_attempt_per_draw; no_test_selection
normal_std10_L4_c1_2,Baek-L2,fresh_test,historical_AHD,3,3,0,0,0,0,734.5570800327907,"{""1"": 734.5570800327907, ""2"": 734.9874645644431, ""3"": 734.8587346731538}",,734.8010930901291,0.22090637234266977,734.5570800327907,734.9874645644431,,,,0,0,0,0,earliest_globally_synthetic_qualified_attempt_per_draw; no_test_selection
normal_std10_L4_c1_2,Baek-L2,integer_test,classical_train_selected,3,3,0,0,0,3,735.108,"{""1"": 735.108, ""2"": 734.778, ""3"": 735.592}",0.7207827725219432,735.1593333333334,0.409420728998083,734.778,735.592,0.7138500046143511,0.6554166751075455,0.7653505662135648,3,0,3,3,earliest_globally_synthetic_qualified_attempt_per_draw; no_test_selection
normal_std10_L4_c1_2,Baek-L2,integer_test,historical_AHD,3,3,0,0,0,0,735.108,"{""1"": 735.108, ""2"": 734.778, ""3"": 735.592}",,735.1593333333334,0.409420728998083,734.778,735.592,,,,0,0,0,0,earliest_globally_synthetic_qualified_attempt_per_draw; no_test_selection
normal_std10_L4_c1_5,Baek-L2,existing_test,classical_train_selected,3,3,0,0,0,3,1169.1554325246793,"{""1"": 1169.1554325246793, ""2"": 1169.807880811974, ""3"": 1168.7448206871904}",1.1282780324526935,1169.2360446746145,0.536095090692018,1168.7448206871904,1169.807880811974,1.1214609216957487,1.0731025751396328,1.1630021574949196,3,0,3,3,earliest_globally_synthetic_qualified_attempt_per_draw; no_test_selection
normal_std10_L4_c1_5,Baek-L2,existing_test,historical_AHD,3,3,0,0,0,0,1169.1554325246793,"{""1"": 1169.1554325246793, ""2"": 1169.807880811974, ""3"": 1168.7448206871904}",,1169.2360446746145,0.536095090692018,1168.7448206871904,1169.807880811974,,,,0,0,0,0,earliest_globally_synthetic_qualified_attempt_per_draw; no_test_selection
normal_std10_L4_c1_5,Baek-L2,fresh_test,classical_train_selected,3,3,0,0,0,3,1177.7596391506554,"{""1"": 1177.7596391506554, ""2"": 1177.8931869835296, ""3"": 1176.8852289222102}",1.2264277618013615,1177.5126850187983,0.5474802469273443,1176.8852289222102,1177.8931869835296,1.2471387294484515,1.2152276866084553,1.2997607399355378,3,0,3,3,earliest_globally_synthetic_qualified_attempt_per_draw; no_test_selection
normal_std10_L4_c1_5,Baek-L2,fresh_test,historical_AHD,3,3,0,0,0,0,1177.7596391506554,"{""1"": 1177.7596391506554, ""2"": 1177.8931869835296, ""3"": 1176.8852289222102}",,1177.5126850187983,0.5474802469273443,1176.8852289222102,1177.8931869835296,,,,0,0,0,0,earliest_globally_synthetic_qualified_attempt_per_draw; no_test_selection
normal_std10_L4_c1_5,Baek-L2,integer_test,classical_train_selected,3,3,0,0,0,3,1169.011,"{""1"": 1169.011, ""2"": 1169.443, ""3"": 1168.676}",1.0799865287271442,1169.0433333333333,0.3845209140389548,1168.676,1169.443,1.07725052900695,1.0434313159707274,1.1083337423229787,3,0,3,3,earliest_globally_synthetic_qualified_attempt_per_draw; no_test_selection
normal_std10_L4_c1_5,Baek-L2,integer_test,historical_AHD,3,3,0,0,0,0,1169.011,"{""1"": 1169.011, ""2"": 1169.443, ""3"": 1168.676}",,1169.0433333333333,0.3845209140389548,1168.676,1169.443,,,,0,0,0,0,earliest_globally_synthetic_qualified_attempt_per_draw; no_test_selection
normal_std10_L6_c1_2,Baek-L2,existing_test,classical_train_selected,3,3,0,0,0,3,747.7727397183731,"{""1"": 747.7727397183731, ""2"": 746.0140236810446, ""3"": 746.6374938789659}",0.3733812568497813,746.8080857594613,0.8916819597016435,746.0140236810446,747.7727397183731,0.501903208880001,0.3733812568497813,0.6076970092458708,3,0,3,3,earliest_globally_synthetic_qualified_attempt_per_draw; no_test_selection
normal_std10_L6_c1_2,Baek-L2,existing_test,historical_AHD,3,3,0,0,0,3,747.7727397183731,"{""1"": 747.7727397183731, ""2"": 746.0140236810446, ""3"": 746.6374938789659}",0.2044908657525046,746.8080857594613,0.8916819597016435,746.0140236810446,747.7727397183731,0.33323069251356224,0.2044908657525046,0.4392038380840057,3,0,3,3,earliest_globally_synthetic_qualified_attempt_per_draw; no_test_selection
normal_std10_L6_c1_2,Baek-L2,fresh_test,classical_train_selected,3,3,0,0,0,3,751.1150869699643,"{""1"": 751.1150869699643, ""2"": 749.546800465992, ""3"": 749.9101394706682}",0.39477402435081244,750.1906756355415,0.8209178061698907,749.546800465992,751.1150869699643,0.5173600320837605,0.39477402435081244,0.6027441934135614,3,0,3,3,earliest_globally_synthetic_qualified_attempt_per_draw; no_test_selection
normal_std10_L6_c1_2,Baek-L2,fresh_test,historical_AHD,3,3,0,0,0,3,751.1150869699643,"{""1"": 751.1150869699643, ""2"": 749.546800465992, ""3"": 749.9101394706682}",0.19849789599057968,750.1906756355415,0.8209178061698907,749.546800465992,751.1150869699643,0.32132546441226945,0.19849789599057968,0.4068778786870836,3,0,3,3,earliest_globally_synthetic_qualified_attempt_per_draw; no_test_selection
normal_std10_L6_c1_2,Baek-L2,integer_test,classical_train_selected,3,3,0,0,0,3,748.013,"{""1"": 748.013, ""2"": 746.135, ""3"": 746.643}",0.35302126253724736,746.9303333333334,0.9714120306715213,746.135,748.013,0.4972493204895752,0.35302126253724736,0.6032001044410101,3,0,3,3,earliest_globally_synthetic_qualified_attempt_per_draw; no_test_selection
normal_std10_L6_c1_2,Baek-L2,integer_test,historical_AHD,3,3,0,0,0,3,748.013,"{""1"": 748.013, ""2"": 746.135, ""3"": 746.643}",0.17242644850894048,746.9303333333334,0.9714120306715213,746.135,748.013,0.316915897620675,0.17242644850894048,0.4230587010629796,3,0,3,3,earliest_globally_synthetic_qualified_attempt_per_draw; no_test_selection
normal_std10_L6_c1_5,Baek-L2,existing_test,classical_train_selected,3,3,0,0,0,3,1219.4375480012868,"{""1"": 1219.4375480012868, ""2"": 1219.4525785972821, ""3"": 1219.7903841615394}",1.6999483030794664,1219.5601702533693,0.19951268716586634,1219.4375480012868,1219.7903841615394,1.6900636035811847,1.6715058356072983,1.6999483030794664,3,0,3,3,earliest_globally_synthetic_qualified_attempt_per_draw; no_test_selection
normal_std10_L6_c1_5,Baek-L2,existing_test,historical_AHD,3,3,0,0,0,3,1219.4375480012868,"{""1"": 1219.4375480012868, ""2"": 1219.4525785972821, ""3"": 1219.7903841615394}",3.6301906235326054,1219.5601702533693,0.19951268716586634,1219.4375480012868,1219.7903841615394,3.6205000222567274,3.602306658863489,3.6301906235326054,3,0,3,3,earliest_globally_synthetic_qualified_attempt_per_draw; no_test_selection
normal_std10_L6_c1_5,Baek-L2,fresh_test,classical_train_selected,3,3,0,0,0,3,1220.7376743006967,"{""1"": 1220.7376743006967, ""2"": 1221.3488551331288, ""3"": 1220.33054927098}",1.365721980504931,1220.8056929016018,0.5125491242539069,1220.33054927098,1221.3488551331288,1.360226151439096,1.3163392331584662,1.3986172406538908,3,0,3,3,earliest_globally_synthetic_qualified_attempt_per_draw; no_test_selection
normal_std10_L6_c1_5,Baek-L2,fresh_test,historical_AHD,3,3,0,0,0,3,1220.7376743006967,"{""1"": 1220.7376743006967, ""2"": 1221.3488551331288, ""3"": 1220.33054927098}",3.0766728781301134,1220.8056929016018,0.5125491242539069,1220.33054927098,1221.3488551331288,3.071272381983647,3.0281467443017496,3.108997523519077,3,0,3,3,earliest_globally_synthetic_qualified_attempt_per_draw; no_test_selection
normal_std10_L6_c1_5,Baek-L2,integer_test,classical_train_selected,3,3,0,0,0,3,1219.405,"{""1"": 1219.405, ""2"": 1218.938, ""3"": 1219.763}",1.826357188287479,1219.3686666666665,0.41369836032217594,1218.938,1219.763,1.8292823654753887,1.7975348002157654,1.8639551079229217,3,0,3,3,earliest_globally_synthetic_qualified_attempt_per_draw; no_test_selection
normal_std10_L6_c1_5,Baek-L2,integer_test,historical_AHD,3,3,0,0,0,3,1219.405,"{""1"": 1219.405, ""2"": 1218.938, ""3"": 1219.763}",3.6327628296162535,1219.3686666666665,0.41369836032217594,1218.938,1219.763,3.6356341832276637,3.6044707766010595,3.6696689434656773,3,0,3,3,earliest_globally_synthetic_qualified_attempt_per_draw; no_test_selection
normal_std30_L2_c1_2,Baek-L2,existing_test,classical_train_selected,3,3,0,0,0,3,2089.4270114584256,"{""1"": 2089.4270114584256, ""2"": 2088.8358471942734, ""3"": 2088.6719219026213}",0.7413023016269255,2088.978260185107,0.39717899527763556,2088.6719219026213,2089.4270114584256,0.7626203312761269,0.7413023016269255,0.7771729999302173,3,0,3,3,earliest_globally_synthetic_qualified_attempt_per_draw; no_test_selection
normal_std30_L2_c1_2,Baek-L2,existing_test,historical_AHD,3,3,0,0,0,0,2089.4270114584256,"{""1"": 2089.4270114584256, ""2"": 2088.8358471942734, ""3"": 2088.6719219026213}",,2088.978260185107,0.39717899527763556,2088.6719219026213,2089.4270114584256,,,,0,0,0,0,earliest_globally_synthetic_qualified_attempt_per_draw; no_test_selection
normal_std30_L2_c1_2,Baek-L2,fresh_test,classical_train_selected,3,3,0,0,0,3,2109.2213644617655,"{""1"": 2109.2213644617655, ""2"": 2108.6199369318642, ""3"": 2108.892013105684}",0.6239297465389512,2108.9111048331047,0.3011679580777177,2108.6199369318642,2109.2213644617655,0.6385476444865619,0.6239297465389512,0.6522660347402998,3,0,3,3,earliest_globally_synthetic_qualified_attempt_per_draw; no_test_selection
normal_std30_L2_c1_2,Baek-L2,fresh_test,historical_AHD,3,3,0,0,0,0,2109.2213644617655,"{""1"": 2109.2213644617655, ""2"": 2108.6199369318642, ""3"": 2108.892013105684}",,2108.9111048331047,0.3011679580777177,2108.6199369318642,2109.2213644617655,,,,0,0,0,0,earliest_globally_synthetic_qualified_attempt_per_draw; no_test_selection
normal_std30_L2_c1_2,Baek-L2,integer_test,classical_train_selected,3,3,0,0,0,3,2089.356,"{""1"": 2089.356, ""2"": 2088.83, ""3"": 2088.673}",0.7453047322028674,2088.953,0.35772754995968864,2088.673,2089.356,0.7644492160500178,0.7453047322028674,0.7777505944053594,3,0,3,3,earliest_globally_synthetic_qualified_attempt_per_draw; no_test_selection
normal_std30_L2_c1_2,Baek-L2,integer_test,historical_AHD,3,3,0,0,0,0,2089.356,"{""1"": 2089.356, ""2"": 2088.83, ""3"": 2088.673}",,2088.953,0.35772754995968864,2088.673,2089.356,,,,0,0,0,0,earliest_globally_synthetic_qualified_attempt_per_draw; no_test_selection
normal_std30_L2_c1_5,Baek-L2,existing_test,classical_train_selected,3,3,0,0,0,3,3176.958099227464,"{""1"": 3176.958099227464, ""2"": 3177.2888334418453, ""3"": 3176.4802191354706}",0.9208168017731467,3176.909050601593,0.4065324094009157,3176.4802191354706,3177.2888334418453,0.9223464718652553,0.9105022572330203,0.9357203565895988,3,0,3,3,earliest_globally_synthetic_qualified_attempt_per_draw; no_test_selection
normal_std30_L2_c1_5,Baek-L2,existing_test,historical_AHD,3,3,0,0,0,0,3176.958099227464,"{""1"": 3176.958099227464, ""2"": 3177.2888334418453, ""3"": 3176.4802191354706}",,3176.909050601593,0.4065324094009157,3176.4802191354706,3177.2888334418453,,,,0,0,0,0,earliest_globally_synthetic_qualified_attempt_per_draw; no_test_selection
normal_std30_L2_c1_5,Baek-L2,fresh_test,classical_train_selected,3,3,0,0,0,3,3209.637858066578,"{""1"": 3209.637858066578, ""2"": 3210.615387445138, ""3"": 3208.757578768157}",0.7651356216023716,3209.670274759958,0.9293284680744037,3208.757578768157,3210.615387445138,0.7641333695373737,0.7349125872299683,0.7923518997797808,3,0,3,3,earliest_globally_synthetic_qualified_attempt_per_draw; no_test_selection
normal_std30_L2_c1_5,Baek-L2,fresh_test,historical_AHD,3,3,0,0,0,0,3209.637858066578,"{""1"": 3209.637858066578, ""2"": 3210.615387445138, ""3"": 3208.757578768157}",,3209.670274759958,0.9293284680744037,3208.757578768157,3210.615387445138,,,,0,0,0,0,earliest_globally_synthetic_qualified_attempt_per_draw; no_test_selection
normal_std30_L2_c1_5,Baek-L2,integer_test,classical_train_selected,3,3,0,0,0,3,3177.147,"{""1"": 3177.147, ""2"": 3177.392, ""3"": 3176.161}",0.9145874610514426,3176.9,0.6516110803231133,3176.161,3177.392,0.9222906289870526,0.9069466669452738,0.9453377589644416,3,0,3,3,earliest_globally_synthetic_qualified_attempt_per_draw; no_test_selection
normal_std30_L2_c1_5,Baek-L2,integer_test,historical_AHD,3,3,0,0,0,0,3177.147,"{""1"": 3177.147, ""2"": 3177.392, ""3"": 3176.161}",,3176.9,0.6516110803231133,3176.161,3177.392,,,,0,0,0,0,earliest_globally_synthetic_qualified_attempt_per_draw; no_test_selection
normal_std30_L4_c1_2,Baek-L2,existing_test,classical_train_selected,3,3,0,0,0,3,2197.364457685527,"{""1"": 2197.364457685527, ""2"": 2196.82482259552, ""3"": 2196.602501146541}",0.5300458792918993,2196.930593809196,0.39183555741907306,2196.602501146541,2197.364457685527,0.5496859620839717,0.5300458792918993,0.5645380099486322,3,0,3,3,earliest_globally_synthetic_qualified_attempt_per_draw; no_test_selection
normal_std30_L4_c1_2,Baek-L2,existing_test,historical_AHD,3,3,0,0,0,0,2197.364457685527,"{""1"": 2197.364457685527, ""2"": 2196.82482259552, ""3"": 2196.602501146541}",,2196.930593809196,0.39183555741907306,2196.602501146541,2197.364457685527,,,,0,0,0,0,earliest_globally_synthetic_qualified_attempt_per_draw; no_test_selection
normal_std30_L4_c1_2,Baek-L2,fresh_test,classical_train_selected,3,3,0,0,0,3,2198.6994269391525,"{""1"": 2198.6994269391525, ""2"": 2198.1788999172472, ""3"": 2197.8176386548635}",0.47863389587886973,2198.2319885037546,0.443284832912621,2197.8176386548635,2198.6994269391525,0.4997919091527243,0.47863389587886973,0.5185469342832262,3,0,3,3,earliest_globally_synthetic_qualified_attempt_per_draw; no_test_selection
normal_std30_L4_c1_2,Baek-L2,fresh_test,historical_AHD,3,3,0,0,0,0,2198.6994269391525,"{""1"": 2198.6994269391525, ""2"": 2198.1788999172472, ""3"": 2197.8176386548635}",,2198.2319885037546,0.443284832912621,2197.8176386548635,2198.6994269391525,,,,0,0,0,0,earliest_globally_synthetic_qualified_attempt_per_draw; no_test_selection
normal_std30_L4_c1_2,Baek-L2,integer_test,classical_train_selected,3,3,0,0,0,3,2197.297,"{""1"": 2197.297, ""2"": 2196.926, ""3"": 2196.446}",0.4447438803541008,2196.8896666666665,0.426661848931188,2196.446,2197.297,0.4631993619417405,0.4447438803541008,0.4833010362405512,3,0,3,3,earliest_globally_synthetic_qualified_attempt_per_draw; no_test_selection
normal_std30_L4_c1_2,Baek-L2,integer_test,historical_AHD,3,3,0,0,0,0,2197.297,"{""1"": 2197.297, ""2"": 2196.926, ""3"": 2196.446}",,2196.8896666666665,0.426661848931188,2196.446,2197.297,,,,0,0,0,0,earliest_globally_synthetic_qualified_attempt_per_draw; no_test_selection
normal_std30_L4_c1_5,Baek-L2,existing_test,classical_train_selected,3,3,0,0,0,3,3528.8140779442433,"{""1"": 3528.8140779442433, ""2"": 3531.796397142985, ""3"": 3527.965590224228}",1.1604835088204923,3529.5253551038186,2.012015608910444,3527.965590224228,3531.796397142985,1.1405611527567208,1.076950916534501,1.184249032915169,3,0,3,3,earliest_globally_synthetic_qualified_attempt_per_draw; no_test_selection
normal_std30_L4_c1_5,Baek-L2,existing_test,historical_AHD,3,3,0,0,0,0,3528.8140779442433,"{""1"": 3528.8140779442433, ""2"": 3531.796397142985, ""3"": 3527.965590224228}",,3529.5253551038186,2.012015608910444,3527.965590224228,3531.796397142985,,,,0,0,0,0,earliest_globally_synthetic_qualified_attempt_per_draw; no_test_selection
normal_std30_L4_c1_5,Baek-L2,fresh_test,classical_train_selected,3,3,0,0,0,3,3501.5403308785203,"{""1"": 3501.5403308785203, ""2"": 3501.0963948555764, ""3"": 3499.800649121265}",1.3062013228374927,3500.812458285121,0.9039292760849086,3499.800649121265,3501.5403308785203,1.3267170114794669,1.3062013228374927,1.355235686257151,3,0,3,3,earliest_globally_synthetic_qualified_attempt_per_draw; no_test_selection
normal_std30_L4_c1_5,Baek-L2,fresh_test,historical_AHD,3,3,0,0,0,0,3501.5403308785203,"{""1"": 3501.5403308785203, ""2"": 3501.0963948555764, ""3"": 3499.800649121265}",,3500.812458285121,0.9039292760849086,3499.800649121265,3501.5403308785203,,,,0,0,0,0,earliest_globally_synthetic_qualified_attempt_per_draw; no_test_selection
normal_std30_L4_c1_5,Baek-L2,integer_test,classical_train_selected,3,3,0,0,0,3,3529.081,"{""1"": 3529.081, ""2"": 3532.26, ""3"": 3527.838}",1.089698009591463,3529.7263333333335,2.280539921451374,3527.838,3532.26,1.0716111153307526,1.0005995020685363,1.1245358343322585,3,0,3,3,earliest_globally_synthetic_qualified_attempt_per_draw; no_test_selection
normal_std30_L4_c1_5,Baek-L2,integer_test,historical_AHD,3,3,0,0,0,0,3529.081,"{""1"": 3529.081, ""2"": 3532.26, ""3"": 3527.838}",,3529.7263333333335,2.280539921451374,3527.838,3532.26,,,,0,0,0,0,earliest_globally_synthetic_qualified_attempt_per_draw; no_test_selection
normal_std30_L6_c1_2,Baek-L1,existing_test,classical_train_selected,3,3,0,0,0,3,2220.919617814205,"{""1"": 2220.919617814205, ""2"": 2221.2911727884475, ""3"": 2223.196688101613}",0.6141678346172513,2221.8024929014214,1.2216171523426615,2220.919617814205,2223.196688101613,0.5746593019637944,0.5122692680965005,0.6141678346172513,3,0,3,3,earliest_globally_synthetic_qualified_attempt_per_draw; no_test_selection
normal_std30_L6_c1_2,Baek-L1,existing_test,historical_AHD,3,3,0,0,0,3,2220.919617814205,"{""1"": 2220.919617814205, ""2"": 2221.2911727884475, ""3"": 2223.196688101613}",0.24934775056100317,2221.8024929014214,1.2216171523426615,2220.919617814205,2223.196688101613,0.2096941921439184,0.14707514034817512,0.24934775056100317,3,0,3,3,earliest_globally_synthetic_qualified_attempt_per_draw; no_test_selection
normal_std30_L6_c1_2,Baek-L1,fresh_test,classical_train_selected,3,3,0,0,0,3,2236.649742402297,"{""1"": 2236.649742402297, ""2"": 2236.86300968157, ""3"": 2239.533229335523}",0.573913424810687,2237.681993806463,1.6067593071590418,2236.649742402297,2239.533229335523,0.5280266167279045,0.44573339911141896,0.573913424810687,3,0,3,3,earliest_globally_synthetic_qualified_attempt_per_draw; no_test_selection
normal_std30_L6_c1_2,Baek-L1,fresh_test,historical_AHD,3,3,0,0,0,3,2236.649742402297,"{""1"": 2236.649742402297, ""2"": 2236.86300968157, ""3"": 2239.533229335523}",0.28782414801308975,2237.681993806463,1.6067593071590418,2236.649742402297,2239.533229335523,0.2418053049263044,0.1592752962630804,0.28782414801308975,3,0,3,3,earliest_globally_synthetic_qualified_attempt_per_draw; no_test_selection
normal_std30_L6_c1_2,Baek-L1,integer_test,classical_train_selected,3,3,0,0,0,3,2221.423,"{""1"": 2221.423, ""2"": 2221.296, ""3"": 2224.109}",0.5839413445061595,2222.276,1.588694117821372,2221.296,2224.109,0.5457667609022522,0.4637339218096847,0.5896250163909122,3,0,3,3,earliest_globally_synthetic_qualified_attempt_per_draw; no_test_selection
normal_std30_L6_c1_2,Baek-L1,integer_test,historical_AHD,3,3,0,0,0,3,2221.423,"{""1"": 2221.423, ""2"": 2221.296, ""3"": 2224.109}",0.2225587928015989,2222.276,1.588694117821372,2221.296,2224.109,0.18424544259781206,0.10191440986212731,0.22826312512970998,3,0,3,3,earliest_globally_synthetic_qualified_attempt_per_draw; no_test_selection
normal_std30_L6_c1_2,Baek-L1,long_run,classical_train_selected,3,3,0,0,0,3,358475.75626529293,"{""1"": 358475.75626529293, ""2"": 358537.67754080635, ""3"": 359027.5552546035}",0.19255791952302412,358680.3296869009,302.2958108212594,358475.75626529293,359027.5552546035,0.13560023250657025,0.03892508744686358,0.19255791952302412,2,0,3,3,earliest_globally_synthetic_qualified_attempt_per_draw; no_test_selection
normal_std30_L6_c1_2,Baek-L1,long_run,historical_AHD,3,3,0,0,0,3,358475.75626529293,"{""1"": 358475.75626529293, ""2"": 358537.67754080635, ""3"": 359027.5552546035}",0.23451368535024067,358680.3296869009,302.2958108212594,358475.75626529293,359027.5552546035,0.17757994147198083,0.08094543546345997,0.23451368535024067,3,0,3,3,earliest_globally_synthetic_qualified_attempt_per_draw; no_test_selection
normal_std30_L6_c1_2,Baek-L2,existing_test,classical_train_selected,3,3,0,0,0,3,2219.754413768658,"{""1"": 2219.754413768658, ""2"": 2219.4877460145617, ""3"": 2220.087558681688}",0.6663105473837434,2219.776572821636,0.3005196776134436,2219.4877460145617,2220.087558681688,0.6653189329630674,0.6514023606364446,0.6782438908690142,3,0,3,3,earliest_globally_synthetic_qualified_attempt_per_draw; no_test_selection
normal_std30_L6_c1_2,Baek-L2,existing_test,historical_AHD,3,3,0,0,0,3,2219.754413768658,"{""1"": 2219.754413768658, ""2"": 2219.4877460145617, ""3"": 2220.087558681688}",0.3016818659493774,2219.776572821636,0.3005196776134436,2219.4877460145617,2220.087558681688,0.30068661156465,0.28671895504448214,0.31365901370009036,3,0,3,3,earliest_globally_synthetic_qualified_attempt_per_draw; no_test_selection
normal_std30_L6_c1_2,Baek-L2,fresh_test,classical_train_selected,3,3,0,0,0,3,2235.7159347622564,"{""1"": 2235.7159347622564, ""2"": 2235.9922050895843, ""3"": 2236.2191034226976}",0.6154240992373007,2235.9757477581793,0.2519877140462582,2235.7159347622564,2236.2191034226976,0.603874597794909,0.5930566762803164,0.6154240992373007,3,0,3,3,earliest_globally_synthetic_qualified_attempt_per_draw; no_test_selection
normal_std30_L6_c1_2,Baek-L2,fresh_test,historical_AHD,3,3,0,0,0,3,2235.7159347622564,"{""1"": 2235.7159347622564, ""2"": 2235.9922050895843, ""3"": 2236.2191034226976}",0.32945426552788254,2235.9757477581793,0.2519877140462582,2235.7159347622564,2236.2191034226976,0.31787153147392133,0.30702248240066515,0.32945426552788254,3,0,3,3,earliest_globally_synthetic_qualified_attempt_per_draw; no_test_selection
normal_std30_L6_c1_2,Baek-L2,integer_test,classical_train_selected,3,3,0,0,0,3,2219.988,"{""1"": 2219.988, ""2"": 2219.499, ""3"": 2219.95}",0.6481623614716939,2219.812333333333,0.27201899443484107,2219.499,2219.988,0.6560240283569067,0.6481623614716939,0.6700467358940979,3,0,3,3,earliest_globally_synthetic_qualified_attempt_per_draw; no_test_selection
normal_std30_L6_c1_2,Baek-L2,integer_test,historical_AHD,3,3,0,0,0,3,2219.988,"{""1"": 2219.988, ""2"": 2219.499, ""3"": 2219.95}",0.2870132565090172,2219.812333333333,0.27201899443484107,2219.499,2219.988,0.2949035009628647,0.2870132565090172,0.30897718177238365,3,0,3,3,earliest_globally_synthetic_qualified_attempt_per_draw; no_test_selection
normal_std30_L6_c1_2,Baek-L2,long_run,classical_train_selected,3,3,0,0,0,3,358312.6696534032,"{""1"": 358312.6696534032, ""2"": 358339.82357048395, ""3"": 358305.8455880166}",0.23796477699049917,358319.4462706346,17.974084926998653,358305.8455880166,358339.82357048395,0.2360780194622687,0.2304045362798648,0.23986474511644207,3,0,3,3,earliest_globally_synthetic_qualified_attempt_per_draw; no_test_selection
normal_std30_L6_c1_2,Baek-L2,long_run,historical_AHD,3,3,0,0,0,3,358312.6696534032,"{""1"": 358312.6696534032, ""2"": 358339.82357048395, ""3"": 358305.8455880166}",0.2799014552683392,358319.4462706346,17.974084926998653,358305.8455880166,358339.82357048395,0.27801549087091515,0.2723443926342314,0.2818006247101749,3,0,3,3,earliest_globally_synthetic_qualified_attempt_per_draw; no_test_selection
normal_std30_L6_c1_5,Baek-L2,existing_test,classical_train_selected,3,3,0,0,0,3,3664.3641096518113,"{""1"": 3664.3641096518113, ""2"": 3665.496095298849, ""3"": 3664.1651335771016}",1.6363634607508273,3664.6751128425876,0.717918529287153,3664.1651335771016,3665.496095298849,1.6280151078293852,1.6059772268993435,1.6417046358379852,3,0,3,3,earliest_globally_synthetic_qualified_attempt_per_draw; no_test_selection
normal_std30_L6_c1_5,Baek-L2,existing_test,historical_AHD,3,3,0,0,0,3,3664.3641096518113,"{""1"": 3664.3641096518113, ""2"": 3665.496095298849, ""3"": 3664.1651335771016}",3.253812455380832,3664.6751128425876,0.717918529287153,3664.1651335771016,3665.496095298849,3.245601379155481,3.2239258795851384,3.2590658025004724,3,0,3,3,earliest_globally_synthetic_qualified_attempt_per_draw; no_test_selection
normal_std30_L6_c1_5,Baek-L2,fresh_test,classical_train_selected,3,3,0,0,0,3,3653.664576654517,"{""1"": 3653.664576654517, ""2"": 3654.777577848, ""3"": 3652.4805104493457}",1.6734255301964942,3653.6408883172876,1.148716897882397,3652.4805104493457,3654.777577848,1.6740630252390176,1.6434726999790632,1.705290845541496,3,0,3,3,earliest_globally_synthetic_qualified_attempt_per_draw; no_test_selection
normal_std30_L6_c1_5,Baek-L2,fresh_test,historical_AHD,3,3,0,0,0,3,3653.664576654517,"{""1"": 3653.664576654517, ""2"": 3654.777577848, ""3"": 3652.4805104493457}",3.0727200337256284,3653.6408883172876,1.148716897882397,3652.4805104493457,3654.777577848,3.0733484565177065,3.043193464983433,3.104131870844058,3,0,3,3,earliest_globally_synthetic_qualified_attempt_per_draw; no_test_selection
normal_std30_L6_c1_5,Baek-L2,integer_test,classical_train_selected,3,3,0,0,0,3,3664.527,"{""1"": 3664.527, ""2"": 3665.363, ""3"": 3664.203}",1.6889945067503946,3664.6976666666665,0.59853599167738,3664.203,3665.363,1.6844159044903562,1.6665665097422309,1.6976866969784432,3,0,3,3,earliest_globally_synthetic_qualified_attempt_per_draw; no_test_selection
normal_std30_L6_c1_5,Baek-L2,integer_test,historical_AHD,3,3,0,0,0,3,3664.527,"{""1"": 3664.527, ""2"": 3665.363, ""3"": 3664.203}",3.271124987197942,3664.6976666666665,0.59853599167738,3664.203,3665.363,3.2666200689182183,3.2490579265620996,3.279677292994612,3,0,3,3,earliest_globally_synthetic_qualified_attempt_per_draw; no_test_selection
normal_std50_L2_c1_2,Baek-L2,existing_test,classical_train_selected,3,3,0,0,0,3,3451.708263508953,"{""1"": 3451.708263508953, ""2"": 3450.83052814923, ""3"": 3450.471404219564}",0.45037884401454376,3451.0033986259155,0.6362926816483071,3450.471404219564,3451.708263508953,0.4707076281167104,0.45037884401454376,0.4860507097349591,3,0,3,3,earliest_globally_synthetic_qualified_attempt_per_draw; no_test_selection
normal_std50_L2_c1_2,Baek-L2,existing_test,historical_AHD,3,3,0,0,0,0,3451.708263508953,"{""1"": 3451.708263508953, ""2"": 3450.83052814923, ""3"": 3450.471404219564}",,3451.0033986259155,0.6362926816483071,3450.471404219564,3451.708263508953,,,,0,0,0,0,earliest_globally_synthetic_qualified_attempt_per_draw; no_test_selection
normal_std50_L2_c1_2,Baek-L2,fresh_test,classical_train_selected,3,3,0,0,0,3,3435.928445909119,"{""1"": 3435.928445909119, ""2"": 3435.8174490733118, ""3"": 3435.600075907853}",0.6249384005818618,3435.781990296761,0.167032056979295,3435.600075907853,3435.928445909119,0.6291742383557738,0.6249384005818618,0.6344356266204544,3,0,3,3,earliest_globally_synthetic_qualified_attempt_per_draw; no_test_selection
normal_std50_L2_c1_2,Baek-L2,fresh_test,historical_AHD,3,3,0,0,0,0,3435.928445909119,"{""1"": 3435.928445909119, ""2"": 3435.8174490733118, ""3"": 3435.600075907853}",,3435.781990296761,0.167032056979295,3435.600075907853,3435.928445909119,,,,0,0,0,0,earliest_globally_synthetic_qualified_attempt_per_draw; no_test_selection
normal_std50_L2_c1_2,Baek-L2,integer_test,classical_train_selected,3,3,0,0,0,3,3451.721,"{""1"": 3451.721, ""2"": 3450.935, ""3"": 3450.502}",0.4303878019096893,3451.0526666666665,0.6179598153062772,3450.502,3451.721,0.4496667908022043,0.4303878019096893,0.46555152379493936,3,0,3,3,earliest_globally_synthetic_qualified_attempt_per_draw; no_test_selection
normal_std50_L2_c1_2,Baek-L2,integer_test,historical_AHD,3,3,0,0,0,0,3451.721,"{""1"": 3451.721, ""2"": 3450.935, ""3"": 3450.502}",,3451.0526666666665,0.6179598153062772,3450.502,3451.721,,,,0,0,0,0,earliest_globally_synthetic_qualified_attempt_per_draw; no_test_selection
normal_std50_L2_c1_5,Baek-L2,existing_test,classical_train_selected,3,3,0,0,0,3,5246.519401028736,"{""1"": 5246.519401028736, ""2"": 5248.3085632341745, ""3"": 5244.521205104955}",0.6802953925448184,5246.449723122621,1.8946402449256563,5244.521205104955,5248.3085632341745,0.6816144363763487,0.6464254974474835,0.7181224191367439,3,0,3,3,earliest_globally_synthetic_qualified_attempt_per_draw; no_test_selection
normal_std50_L2_c1_5,Baek-L2,existing_test,historical_AHD,3,3,0,0,0,0,5246.519401028736,"{""1"": 5246.519401028736, ""2"": 5248.3085632341745, ""3"": 5244.521205104955}",,5246.449723122621,1.8946402449256563,5244.521205104955,5248.3085632341745,,,,0,0,0,0,earliest_globally_synthetic_qualified_attempt_per_draw; no_test_selection
normal_std50_L2_c1_5,Baek-L2,fresh_test,classical_train_selected,3,3,0,0,0,3,5240.33420269459,"{""1"": 5240.33420269459, ""2"": 5242.296990842544, ""3"": 5238.766708694146}",0.7167197407968388,5240.465967410427,1.768825731122078,5238.766708694146,5242.296990842544,0.7142233287924425,0.6795327908342724,0.7464174547462165,3,0,3,3,earliest_globally_synthetic_qualified_attempt_per_draw; no_test_selection
normal_std50_L2_c1_5,Baek-L2,fresh_test,historical_AHD,3,3,0,0,0,0,5240.33420269459,"{""1"": 5240.33420269459, ""2"": 5242.296990842544, ""3"": 5238.766708694146}",,5240.465967410427,1.768825731122078,5238.766708694146,5242.296990842544,,,,0,0,0,0,earliest_globally_synthetic_qualified_attempt_per_draw; no_test_selection
normal_std50_L2_c1_5,Baek-L2,integer_test,classical_train_selected,3,3,0,0,0,3,5246.735,"{""1"": 5246.735, ""2"": 5248.295, ""3"": 5244.366}",0.6849055768043342,5246.465333333333,1.9783327155292683,5244.366,5248.295,0.690010079025766,0.6553764415801948,0.7297482186927694,3,0,3,3,earliest_globally_synthetic_qualified_attempt_per_draw; no_test_selection
normal_std50_L2_c1_5,Baek-L2,integer_test,historical_AHD,3,3,0,0,0,0,5246.735,"{""1"": 5246.735, ""2"": 5248.295, ""3"": 5244.366}",,5246.465333333333,1.9783327155292683,5244.366,5248.295,,,,0,0,0,0,earliest_globally_synthetic_qualified_attempt_per_draw; no_test_selection
normal_std50_L4_c1_2,Baek-L2,existing_test,classical_train_selected,3,3,0,0,0,3,3621.465354998502,"{""1"": 3621.465354998502, ""2"": 3621.01297408204, ""3"": 3620.538762062871}",0.6588798958195503,3621.005697047804,0.46333932868991173,3620.538762062871,3621.465354998502,0.6714888624148204,0.6588798958195503,0.6842974467507404,3,0,3,3,earliest_globally_synthetic_qualified_attempt_per_draw; no_test_selection
normal_std50_L4_c1_2,Baek-L2,existing_test,historical_AHD,3,3,0,0,0,0,3621.465354998502,"{""1"": 3621.465354998502, ""2"": 3621.01297408204, ""3"": 3620.538762062871}",,3621.005697047804,0.46333932868991173,3620.538762062871,3621.465354998502,,,,0,0,0,0,earliest_globally_synthetic_qualified_attempt_per_draw; no_test_selection
normal_std50_L4_c1_2,Baek-L2,fresh_test,classical_train_selected,3,3,0,0,0,3,3578.6760873066414,"{""1"": 3578.6760873066414, ""2"": 3577.5853797449126, ""3"": 3577.908130649049}",0.7338564202638056,3578.056532566867,0.5602928637884844,3577.5853797449126,3578.6760873066414,0.7510417726828272,0.7338564202638056,0.7641107184413081,3,0,3,3,earliest_globally_synthetic_qualified_attempt_per_draw; no_test_selection
normal_std50_L4_c1_2,Baek-L2,fresh_test,historical_AHD,3,3,0,0,0,0,3578.6760873066414,"{""1"": 3578.6760873066414, ""2"": 3577.5853797449126, ""3"": 3577.908130649049}",,3578.056532566867,0.5602928637884844,3577.5853797449126,3578.6760873066414,,,,0,0,0,0,earliest_globally_synthetic_qualified_attempt_per_draw; no_test_selection
normal_std50_L4_c1_2,Baek-L2,integer_test,classical_train_selected,3,3,0,0,0,3,3621.43,"{""1"": 3621.43, ""2"": 3620.706, ""3"": 3620.534}",0.6902047633973553,3620.89,0.4754955309988202,3620.534,3621.43,0.7050130820526231,0.6902047633973553,0.7147756032401713,3,0,3,3,earliest_globally_synthetic_qualified_attempt_per_draw; no_test_selection
normal_std50_L4_c1_2,Baek-L2,integer_test,historical_AHD,3,3,0,0,0,0,3621.43,"{""1"": 3621.43, ""2"": 3620.706, ""3"": 3620.534}",,3620.89,0.4754955309988202,3620.534,3621.43,,,,0,0,0,0,earliest_globally_synthetic_qualified_attempt_per_draw; no_test_selection
normal_std50_L4_c1_5,Baek-L2,existing_test,classical_train_selected,3,3,0,0,0,3,5735.624531688997,"{""1"": 5735.624531688997, ""2"": 5737.3027769954815, ""3"": 5733.508740378861}",1.2826045370269896,5735.478683021113,1.9012186453710818,5733.508740378861,5737.3027769954815,1.2851147781604,1.2537198001184346,1.319019997335776,3,0,3,3,earliest_globally_synthetic_qualified_attempt_per_draw; no_test_selection
normal_std50_L4_c1_5,Baek-L2,existing_test,historical_AHD,3,3,0,0,0,3,5735.624531688997,"{""1"": 5735.624531688997, ""2"": 5737.3027769954815, ""3"": 5733.508740378861}",3.540436765591332,5735.478683021113,1.9012186453710818,5733.508740378861,5737.3027769954815,3.5428895933042814,3.5122126710103005,3.576019343311213,3,0,3,3,earliest_globally_synthetic_qualified_attempt_per_draw; no_test_selection
normal_std50_L4_c1_5,Baek-L2,fresh_test,classical_train_selected,3,3,0,0,0,3,5746.5932715083845,"{""1"": 5746.5932715083845, ""2"": 5749.020243428797, ""3"": 5744.477227275519}",1.1015535118506645,5746.6969140709,2.2732807300923183,5744.477227275519,5749.020243428797,1.0997698309916664,1.0597855040486928,1.1379704770756418,3,0,3,3,earliest_globally_synthetic_qualified_attempt_per_draw; no_test_selection
normal_std50_L4_c1_5,Baek-L2,fresh_test,historical_AHD,3,3,0,0,0,3,5746.5932715083845,"{""1"": 5746.5932715083845, ""2"": 5749.020243428797, ""3"": 5744.477227275519}",3.5553088024742014,5746.6969140709,2.2732807300923183,5744.477227275519,5749.020243428797,3.553569376267323,3.514577094773619,3.59082223155415,3,0,3,3,earliest_globally_synthetic_qualified_attempt_per_draw; no_test_selection
normal_std50_L4_c1_5,Baek-L2,integer_test,classical_train_selected,3,3,0,0,0,3,5735.424,"{""1"": 5735.424, ""2"": 5736.955, ""3"": 5733.624}",1.3357990392348256,5735.334333333333,1.667309309436483,5733.624,5736.955,1.3373415389732042,1.309461859686997,1.3667637179977898,3,0,3,3,earliest_globally_synthetic_qualified_attempt_per_draw; no_test_selection
normal_std50_L4_c1_5,Baek-L2,integer_test,historical_AHD,3,3,0,0,0,3,5735.424,"{""1"": 5735.424, ""2"": 5736.955, ""3"": 5733.624}",3.543809231663415,5735.334333333333,1.667309309436483,5733.624,5736.955,3.5453172117370015,3.518061452934882,3.5740809506127067,3,0,3,3,earliest_globally_synthetic_qualified_attempt_per_draw; no_test_selection
normal_std50_L6_c1_2,Baek-L2,existing_test,classical_train_selected,3,3,0,0,0,3,3658.9903468118787,"{""1"": 3658.9903468118787, ""2"": 3657.02330867583, ""3"": 3657.1494028499324}",0.47456316884408095,3657.7210194458803,1.1010762492851864,3657.02330867583,3658.9903468118787,0.5090891852061635,0.47456316884408095,0.5280670896522837,3,0,3,3,earliest_globally_synthetic_qualified_attempt_per_draw; no_test_selection
normal_std50_L6_c1_2,Baek-L2,existing_test,historical_AHD,3,3,0,0,0,3,3658.9903468118787,"{""1"": 3658.9903468118787, ""2"": 3657.02330867583, ""3"": 3657.1494028499324}",0.33485322927112066,3657.7210194458803,1.1010762492851864,3657.02330867583,3658.9903468118787,0.3694277119129124,0.33485322927112066,0.3884322568036044,3,0,3,3,earliest_globally_synthetic_qualified_attempt_per_draw; no_test_selection
normal_std50_L6_c1_2,Baek-L2,fresh_test,classical_train_selected,3,3,0,0,0,3,3630.9669943105546,"{""1"": 3630.9669943105546, ""2"": 3630.9177736246606, ""3"": 3630.5675789441234}",0.5842898791311645,3630.817448959779,0.21778874517056263,3630.5675789441234,3630.9669943105546,0.5883844239909418,0.5842898791311645,0.5952258535834696,3,0,3,3,earliest_globally_synthetic_qualified_attempt_per_draw; no_test_selection
normal_std50_L6_c1_2,Baek-L2,fresh_test,historical_AHD,3,3,0,0,0,3,3630.9669943105546,"{""1"": 3630.9669943105546, ""2"": 3630.9177736246606, ""3"": 3630.5675789441234}",0.3697755313216454,3630.817448959779,0.21778874517056263,3630.5675789441234,3630.9669943105546,0.37387891118968347,0.3697755313216454,0.3807351028837478,3,0,3,3,earliest_globally_synthetic_qualified_attempt_per_draw; no_test_selection
normal_std50_L6_c1_2,Baek-L2,integer_test,classical_train_selected,3,3,0,0,0,3,3659.07,"{""1"": 3659.07, ""2"": 3656.884, ""3"": 3657.147}",0.47192649370855094,3657.7003333333328,1.1934330032865614,3656.884,3659.07,0.5091819396768242,0.47192649370855094,0.531386511878405,3,0,3,3,earliest_globally_synthetic_qualified_attempt_per_draw; no_test_selection
normal_std50_L6_c1_2,Baek-L2,integer_test,historical_AHD,3,3,0,0,0,3,3659.07,"{""1"": 3659.07, ""2"": 3656.884, ""3"": 3657.147}",0.3345633067700083,3657.7003333333328,1.1934330032865614,3656.884,3659.07,0.37187017066097144,0.3345633067700083,0.39410538839496095,3,0,3,3,earliest_globally_synthetic_qualified_attempt_per_draw; no_test_selection
normal_std50_L6_c1_5,Baek-L2,existing_test,classical_train_selected,3,3,0,0,0,3,5971.634893295164,"{""1"": 5971.634893295164, ""2"": 5971.336680110667, ""3"": 5970.849587749761}",1.4266655446886294,5971.273720385197,0.39642041469092837,5970.849587749761,5971.634893295164,1.43262739913662,1.4266655446886294,1.439628525105194,3,0,3,3,earliest_globally_synthetic_qualified_attempt_per_draw; no_test_selection
normal_std50_L6_c1_5,Baek-L2,existing_test,historical_AHD,3,3,0,0,0,3,5971.634893295164,"{""1"": 5971.634893295164, ""2"": 5971.336680110667, ""3"": 5970.849587749761}",6.573984437716623,5971.273720385197,0.39642041469092837,5970.849587749761,5971.634893295164,6.57963497505023,6.573984437716623,6.586270515050048,3,0,3,3,earliest_globally_synthetic_qualified_attempt_per_draw; no_test_selection
normal_std50_L6_c1_5,Baek-L2,fresh_test,classical_train_selected,3,3,0,0,0,3,6019.307567113019,"{""1"": 6019.307567113019, ""2"": 6020.17509513884, ""3"": 6019.283333815994}",1.506611730121513,6019.588665355951,0.5080076090627446,6019.283333815994,6020.17509513884,1.5020121448578578,1.4924164470711747,1.5070082573808863,3,0,3,3,earliest_globally_synthetic_qualified_attempt_per_draw; no_test_selection
normal_std50_L6_c1_5,Baek-L2,fresh_test,historical_AHD,3,3,0,0,0,3,6019.307567113019,"{""1"": 6019.307567113019, ""2"": 6020.17509513884, ""3"": 6019.283333815994}",6.486547628166713,6019.588665355951,0.5080076090627446,6019.283333815994,6020.17509513884,6.482180603079665,6.473070074508033,6.4869241065642465,3,0,3,3,earliest_globally_synthetic_qualified_attempt_per_draw; no_test_selection
normal_std50_L6_c1_5,Baek-L2,integer_test,classical_train_selected,3,3,0,0,0,3,5971.869,"{""1"": 5971.869, ""2"": 5971.169, ""3"": 5970.946}",1.4244577359646078,5971.328,0.48160460961237167,5970.946,5971.869,1.4333878327843521,1.4244577359646078,1.4396933724981087,3,0,3,3,earliest_globally_synthetic_qualified_attempt_per_draw; no_test_selection
normal_std50_L6_c1_5,Baek-L2,integer_test,historical_AHD,3,3,0,0,0,3,5971.869,"{""1"": 5971.869, ""2"": 5971.169, ""3"": 5970.946}",6.57032184664399,5971.328,0.48160460961237167,5970.946,5971.869,6.578785772406754,6.57032184664399,6.584762148823345,3,0,3,3,earliest_globally_synthetic_qualified_attempt_per_draw; no_test_selection
poisson_L2_c1_2,Baek-L2,existing_test,classical_train_selected,3,3,0,0,0,3,699.1520755238328,"{""1"": 699.1520755238328, ""2"": 699.097063396496, ""3"": 698.6651544008279}",0.7532716385450209,698.9714311070521,0.2666658004323909,698.6651544008279,699.1520755238328,0.7789146538343643,0.7532716385450209,0.8223915483902626,3,0,3,3,earliest_globally_synthetic_qualified_attempt_per_draw; no_test_selection
poisson_L2_c1_2,Baek-L2,existing_test,historical_AHD,3,3,0,0,0,3,699.1520755238328,"{""1"": 699.1520755238328, ""2"": 699.097063396496, ""3"": 698.6651544008279}",5.7067922839573555,698.9714311070521,0.2666658004323909,698.6651544008279,699.1520755238328,5.731155426270092,5.7067922839573555,5.7724623380130895,3,0,3,3,earliest_globally_synthetic_qualified_attempt_per_draw; no_test_selection
poisson_L2_c1_2,Baek-L2,fresh_test,classical_train_selected,3,3,0,0,0,3,697.7561301495009,"{""1"": 697.7561301495009, ""2"": 697.5569863011125, ""3"": 697.4007341482209}",0.7591199248793591,697.5712835329447,0.17812885100401332,697.4007341482209,697.7561301495009,0.7854104010404365,0.7591199248793591,0.8096674018820379,3,0,3,3,earliest_globally_synthetic_qualified_attempt_per_draw; no_test_selection
poisson_L2_c1_2,Baek-L2,fresh_test,historical_AHD,3,3,0,0,0,3,697.7561301495009,"{""1"": 697.7561301495009, ""2"": 697.5569863011125, ""3"": 697.4007341482209}",5.924115687782598,697.5712835329447,0.17812885100401332,697.4007341482209,697.7561301495009,5.949037875009982,5.924115687782598,5.972032419226121,3,0,3,3,earliest_globally_synthetic_qualified_attempt_per_draw; no_test_selection
poisson_L2_c1_2,Baek-L2,integer_test,classical_train_selected,3,3,0,0,0,3,699.1,"{""1"": 699.1, ""2"": 698.927, ""3"": 698.616}",0.8824313365205115,698.881,0.2452570080548358,698.616,699.1,0.9134808967226333,0.8824313365205115,0.9510522823553389,3,0,3,3,earliest_globally_synthetic_qualified_attempt_per_draw; no_test_selection
poisson_L2_c1_2,Baek-L2,integer_test,historical_AHD,3,3,0,0,0,3,699.1,"{""1"": 699.1, ""2"": 698.927, ""3"": 698.616}",5.713815603142961,698.881,0.2452570080548358,698.616,699.1,5.7433516843658365,5.713815603142961,5.779091691325026,3,0,3,3,earliest_globally_synthetic_qualified_attempt_per_draw; no_test_selection
poisson_L2_c1_5,Baek-L2,existing_test,classical_train_selected,3,3,0,0,0,3,1069.430746454306,"{""1"": 1069.430746454306, ""2"": 1076.1226838437524, ""3"": 1068.6157147998322}",0.6310158965544218,1071.3897150326302,4.119079323676608,1068.6157147998322,1076.1226838437524,0.4489931539279907,0.00921684853017323,0.7067467166993769,2,0,3,3,earliest_globally_synthetic_qualified_attempt_per_draw; no_test_selection
poisson_L2_c1_5,Baek-L2,existing_test,historical_AHD,3,3,0,0,0,3,1069.430746454306,"{""1"": 1069.430746454306, ""2"": 1076.1226838437524, ""3"": 1068.6157147998322}",0.48270674283270154,1071.3897150326302,4.119079323676608,1068.6157147998322,1076.1226838437524,0.3004123295319589,-0.14002034618370862,0.5585505919468837,2,0,2,3,earliest_globally_synthetic_qualified_attempt_per_draw; no_test_selection
poisson_L2_c1_5,Baek-L2,fresh_test,classical_train_selected,3,3,0,0,0,3,1064.794931598126,"{""1"": 1064.794931598126, ""2"": 1070.1073233071659, ""3"": 1064.0720729373297}",0.7279189627735937,1066.3247759475405,3.295660716264442,1064.0720729373297,1070.1073233071659,0.5852897787658443,0.2326384495110224,0.7953119240129171,2,0,3,3,earliest_globally_synthetic_qualified_attempt_per_draw; no_test_selection
poisson_L2_c1_5,Baek-L2,fresh_test,historical_AHD,3,3,0,0,0,3,1064.794931598126,"{""1"": 1064.794931598126, ""2"": 1070.1073233071659, ""3"": 1064.0720729373297}",0.3610216227226337,1066.3247759475405,3.295660716264442,1064.0720729373297,1070.1073233071659,0.21786529888181835,-0.13608938609313317,0.4286636600159545,2,0,2,3,earliest_globally_synthetic_qualified_attempt_per_draw; no_test_selection
poisson_L2_c1_5,Baek-L2,integer_test,classical_train_selected,3,3,0,0,0,3,1068.813,"{""1"": 1068.813, ""2"": 1076.043, ""3"": 1068.295}",0.6821514392921361,1071.0503333333334,4.331526443799272,1068.295,1076.043,0.4742505874314123,0.010314508890001215,0.7302858141120996,2,0,3,3,earliest_globally_synthetic_qualified_attempt_per_draw; no_test_selection
poisson_L2_c1_5,Baek-L2,integer_test,historical_AHD,3,3,0,0,0,3,1068.813,"{""1"": 1068.813, ""2"": 1076.043, ""3"": 1068.295}",0.5401919565836266,1071.0503333333334,4.331526443799272,1068.295,1076.043,0.3319939426537228,-0.1326052606600629,0.5883951320376046,2,0,2,3,earliest_globally_synthetic_qualified_attempt_per_draw; no_test_selection
poisson_L4_c1_2,Baek-L2,existing_test,classical_train_selected,3,3,0,0,0,3,730.5317864853694,"{""1"": 730.5317864853694, ""2"": 730.4924599362439, ""3"": 730.2707422993249}",1.06605816006662,730.4316629069793,0.1407416990179266,730.2707422993249,730.5317864853694,1.0796176251911938,1.06605816006662,1.1014106673737014,3,0,3,3,earliest_globally_synthetic_qualified_attempt_per_draw; no_test_selection
poisson_L4_c1_2,Baek-L2,existing_test,historical_AHD,3,3,0,0,0,3,730.5317864853694,"{""1"": 730.5317864853694, ""2"": 730.4924599362439, ""3"": 730.2707422993249}",2.327870275437255,730.4316629069793,0.1407416990179266,730.2707422993249,730.5317864853694,2.3412568019620528,2.327870275437255,2.36277189378551,3,0,3,3,earliest_globally_synthetic_qualified_attempt_per_draw; no_test_selection
poisson_L4_c1_2,Baek-L2,fresh_test,classical_train_selected,3,3,0,0,0,3,729.3689534980475,"{""1"": 729.3689534980475, ""2"": 729.3851814893978, ""3"": 728.8846573935607}",1.1014589166310758,729.2129307936688,0.2844088708877748,728.8846573935607,729.3851814893978,1.1226147634284258,1.0992584875319718,1.1671268861222301,3,0,3,3,earliest_globally_synthetic_qualified_attempt_per_draw; no_test_selection
poisson_L4_c1_2,Baek-L2,fresh_test,historical_AHD,3,3,0,0,0,3,729.3689534980475,"{""1"": 729.3689534980475, ""2"": 729.3851814893978, ""3"": 728.8846573935607}",2.2424775531258367,729.2129307936688,0.2844088708877748,728.8846573935607,729.3851814893978,2.263389319320964,2.240302510959471,2.3073878938775843,3,0,3,3,earliest_globally_synthetic_qualified_attempt_per_draw; no_test_selection
poisson_L4_c1_2,Baek-L2,integer_test,classical_train_selected,3,3,0,0,0,3,730.364,"{""1"": 730.364, ""2"": 730.236, ""3"": 730.327}",1.3621446417718972,730.3089999999999,0.06587108622151679,730.236,730.364,1.3695725572287174,1.3621446417718972,1.37943142683504,3,0,3,3,earliest_globally_synthetic_qualified_attempt_per_draw; no_test_selection
poisson_L4_c1_2,Baek-L2,integer_test,historical_AHD,3,3,0,0,0,3,730.364,"{""1"": 730.364, ""2"": 730.236, ""3"": 730.327}",2.324716782548098,730.3089999999999,0.06587108622151679,730.236,730.364,2.3320722115902774,2.324716782548098,2.3418348719553497,3,0,3,3,earliest_globally_synthetic_qualified_attempt_per_draw; no_test_selection
poisson_L4_c1_5,Baek-L2,existing_test,classical_train_selected,3,3,0,0,0,3,1171.355179795472,"{""1"": 1171.355179795472, ""2"": 1171.6415612394112, ""3"": 1167.3707022071285}",0.8752030329509318,1170.1224810806705,2.3874083876690375,1167.3707022071285,1171.6415612394112,0.9795189671217837,0.8509682807807435,1.2123855876336758,3,0,3,3,earliest_globally_synthetic_qualified_attempt_per_draw; no_test_selection
poisson_L4_c1_5,Baek-L2,existing_test,historical_AHD,3,3,0,0,0,3,1171.355179795472,"{""1"": 1171.355179795472, ""2"": 1171.6415612394112, ""3"": 1167.3707022071285}",5.338155698402485,1170.1224810806705,2.3874083876690375,1167.3707022071285,1171.6415612394112,5.4377749563560664,5.315012081398308,5.660157089267407,3,0,3,3,earliest_globally_synthetic_qualified_attempt_per_draw; no_test_selection
poisson_L4_c1_5,Baek-L2,fresh_test,classical_train_selected,3,3,0,0,0,3,1169.566099378141,"{""1"": 1169.566099378141, ""2"": 1172.2588036312843, ""3"": 1167.3859695729093}",0.8759648679537451,1169.736957527445,2.4409060449969298,1167.3859695729093,1172.2588036312843,0.8614841565145195,0.6477505659739693,1.0607370356158443,3,0,3,3,earliest_globally_synthetic_qualified_attempt_per_draw; no_test_selection
poisson_L4_c1_5,Baek-L2,fresh_test,historical_AHD,3,3,0,0,0,3,1169.566099378141,"{""1"": 1169.566099378141, ""2"": 1172.2588036312843, ""3"": 1167.3859695729093}",5.116600772235092,1169.736957527445,2.4409060449969298,1167.3859695729093,1172.2588036312843,5.1027395616542295,4.898149730614489,5.2934681821131075,3,0,3,3,earliest_globally_synthetic_qualified_attempt_per_draw; no_test_selection
poisson_L4_c1_5,Baek-L2,integer_test,classical_train_selected,3,3,0,0,0,3,1170.451,"{""1"": 1170.451, ""2"": 1171.471, ""3"": 1167.222}",1.188656101022255,1169.7146666666667,2.218138934632681,1167.222,1171.471,1.2508185377447514,1.1025460709766097,1.4612534412353892,3,0,3,3,earliest_globally_synthetic_qualified_attempt_per_draw; no_test_selection
poisson_L4_c1_5,Baek-L2,integer_test,historical_AHD,3,3,0,0,0,3,1170.451,"{""1"": 1170.451, ""2"": 1171.471, ""3"": 1167.222}",5.463173113424703,1169.7146666666667,2.218138934632681,1167.222,1171.471,5.522646441965709,5.3807881494883185,5.723978062984108,3,0,3,3,earliest_globally_synthetic_qualified_attempt_per_draw; no_test_selection
poisson_L6_c1_2,Baek-L1,existing_test,classical_train_selected,3,3,0,0,0,3,742.3967587531147,"{""1"": 742.3967587531147, ""2"": 742.3112068236436, ""3"": 742.4173231840589}",0.48063602426041496,742.3750962536056,0.05627715700600376,742.3112068236436,742.4173231840589,0.48353991378826944,0.4778793324188078,0.49210438468558565,3,0,3,3,earliest_globally_synthetic_qualified_attempt_per_draw; no_test_selection
poisson_L6_c1_2,Baek-L1,existing_test,historical_AHD,3,3,0,0,0,3,742.3967587531147,"{""1"": 742.3967587531147, ""2"": 742.3112068236436, ""3"": 742.4173231840589}",0.47953966852535934,742.3750962536056,0.05627715700600376,742.3112068236436,742.4173231840589,0.48244359004393217,0.4767829463146382,0.491008155291799,3,0,3,3,earliest_globally_synthetic_qualified_attempt_per_draw; no_test_selection
poisson_L6_c1_2,Baek-L1,fresh_test,classical_train_selected,3,3,0,0,0,3,742.7613375974514,"{""1"": 742.7613375974514, ""2"": 742.7080228217419, ""3"": 742.7512669423858}",0.5812040895398464,742.7402091205264,0.02832530486057613,742.7080228217419,742.7613375974514,0.5840321416058103,0.5812040895398464,0.5883402859692685,3,0,3,3,earliest_globally_synthetic_qualified_attempt_per_draw; no_test_selection
poisson_L6_c1_2,Baek-L1,fresh_test,historical_AHD,3,3,0,0,0,3,742.7613375974514,"{""1"": 742.7613375974514, ""2"": 742.7080228217419, ""3"": 742.7512669423858}",0.5802015273202624,742.7402091205264,0.02832530486057613,742.7080228217419,742.7613375974514,0.58302960790496,0.5802015273202624,0.587337795712746,3,0,3,3,earliest_globally_synthetic_qualified_attempt_per_draw; no_test_selection
poisson_L6_c1_2,Baek-L1,integer_test,classical_train_selected,3,3,0,0,0,3,742.55,"{""1"": 742.55, ""2"": 742.423, ""3"": 742.501}",0.45899723046648966,742.4913333333334,0.06404946005494748,742.423,742.55,0.4668616689947284,0.45899723046648966,0.4760219525077341,3,0,3,3,earliest_globally_synthetic_qualified_attempt_per_draw; no_test_selection
poisson_L6_c1_2,Baek-L1,integer_test,historical_AHD,3,3,0,0,0,3,742.55,"{""1"": 742.55, ""2"": 742.423, ""3"": 742.501}",0.45899723046648966,742.4913333333334,0.06404946005494748,742.423,742.55,0.4668616689947284,0.45899723046648966,0.4760219525077341,3,0,3,3,earliest_globally_synthetic_qualified_attempt_per_draw; no_test_selection
poisson_L6_c1_2,Baek-L1,long_run,classical_train_selected,3,3,0,0,0,3,119622.088440428,"{""1"": 119622.088440428, ""2"": 119609.3067731886, ""3"": 119603.74709325223}",0.3694986011957604,119611.7141022896,9.404662625842784,119603.74709325223,119622.088440428,0.37813915014356647,0.3694986011957604,0.3847746897449183,3,0,3,3,earliest_globally_synthetic_qualified_attempt_per_draw; no_test_selection
poisson_L6_c1_2,Baek-L1,long_run,historical_AHD,3,3,0,0,0,3,119622.088440428,"{""1"": 119622.088440428, ""2"": 119609.3067731886, ""3"": 119603.74709325223}",0.3679803501069023,119611.7141022896,9.404662625842784,119603.74709325223,119622.088440428,0.37662103072646214,0.3679803501069023,0.383256671445595,3,0,3,3,earliest_globally_synthetic_qualified_attempt_per_draw; no_test_selection
poisson_L6_c1_2,Baek-L2,existing_test,classical_train_selected,3,3,0,0,0,3,743.0767670687678,"{""1"": 743.0767670687678, ""2"": 742.9848325723557, ""3"": 742.2915032259318}",0.3894799217126672,742.7843676223516,0.429301144712478,742.2915032259318,743.0767670687678,0.4286764922675507,0.3894799217126672,0.49474568058187135,3,0,3,3,earliest_globally_synthetic_qualified_attempt_per_draw; no_test_selection
poisson_L6_c1_2,Baek-L2,existing_test,historical_AHD,3,3,0,0,0,3,743.0767670687678,"{""1"": 743.0767670687678, ""2"": 742.9848325723557, ""3"": 742.2915032259318}",0.3883825617558017,742.7843676223516,0.429301144712478,742.2915032259318,743.0767670687678,0.4275795641199654,0.3883825617558017,0.49364948028593847,3,0,3,3,earliest_globally_synthetic_qualified_attempt_per_draw; no_test_selection
poisson_L6_c1_2,Baek-L2,fresh_test,classical_train_selected,3,3,0,0,0,3,743.5681445336576,"{""1"": 743.5681445336576, ""2"": 743.7800748689085, ""3"": 742.7290957135342}",0.47321277379732535,743.3591050387,0.5557989106654315,742.7290957135342,743.7800748689085,0.5011927639158554,0.44484584396263366,0.5855196739876074,3,0,3,3,earliest_globally_synthetic_qualified_attempt_per_draw; no_test_selection
poisson_L6_c1_2,Baek-L2,fresh_test,historical_AHD,3,3,0,0,0,3,743.5681445336576,"{""1"": 743.5681445336576, ""2"": 743.7800748689085, ""3"": 742.7290957135342}",0.4722091225682416,743.3591050387,0.5557989106654315,742.7290957135342,743.7800748689085,0.500189394843488,0.44384190667484363,0.5845171552873789,3,0,3,3,earliest_globally_synthetic_qualified_attempt_per_draw; no_test_selection
poisson_L6_c1_2,Baek-L2,integer_test,classical_train_selected,3,3,0,0,0,3,742.647,"{""1"": 742.647, ""2"": 742.709, ""3"": 742.375}",0.44599409630898634,742.5769999999999,0.17766260157950037,742.375,742.709,0.4553778013710998,0.43768281468256265,0.4824564931217504,3,0,3,3,earliest_globally_synthetic_qualified_attempt_per_draw; no_test_selection
poisson_L6_c1_2,Baek-L2,integer_test,historical_AHD,3,3,0,0,0,3,742.647,"{""1"": 742.647, ""2"": 742.709, ""3"": 742.375}",0.44599409630898634,742.5769999999999,0.17766260157950037,742.375,742.709,0.4553778013710998,0.43768281468256265,0.4824564931217504,3,0,3,3,earliest_globally_synthetic_qualified_attempt_per_draw; no_test_selection
poisson_L6_c1_2,Baek-L2,long_run,classical_train_selected,3,3,0,0,0,3,119679.73934280241,"{""1"": 119679.73934280241, ""2"": 119750.50607638406, ""3"": 119622.77875374998}",0.32148248323175355,119684.34139097882,63.98790020293579,119622.77875374998,119750.50607638406,0.31764954256623934,0.2625424894478572,0.36892365501910734,3,0,3,3,earliest_globally_synthetic_qualified_attempt_per_draw; no_test_selection
poisson_L6_c1_2,Baek-L2,long_run,historical_AHD,3,3,0,0,0,3,119679.73934280241,"{""1"": 119679.73934280241, ""2"": 119750.50607638406, ""3"": 119622.77875374998}",0.31996350043400745,119684.34139097882,63.98790020293579,119622.77875374998,119750.50607638406,0.31613050135900767,0.26102260847426656,0.367405395168749,3,0,3,3,earliest_globally_synthetic_qualified_attempt_per_draw; no_test_selection
poisson_L6_c1_5,Baek-L2,existing_test,classical_train_selected,3,3,0,0,0,3,1217.7224131449095,"{""1"": 1217.7224131449095, ""2"": 1219.084828770581, ""3"": 1214.8529793421008}",1.5663666967440482,1217.2200737525304,2.1601842618591585,1214.8529793421008,1219.084828770581,1.6069729063444134,1.4562369014341108,1.798315120855081,3,0,3,3,earliest_globally_synthetic_qualified_attempt_per_draw; no_test_selection
poisson_L6_c1_5,Baek-L2,existing_test,historical_AHD,3,3,0,0,0,3,1217.7224131449095,"{""1"": 1217.7224131449095, ""2"": 1219.084828770581, ""3"": 1214.8529793421008}",1.578464763450811,1217.2200737525304,2.1601842618591585,1214.8529793421008,1219.084828770581,1.6190659823115687,1.4683485037339972,1.8103846797498975,3,0,3,3,earliest_globally_synthetic_qualified_attempt_per_draw; no_test_selection
poisson_L6_c1_5,Baek-L2,fresh_test,classical_train_selected,3,3,0,0,0,3,1220.2889120754576,"{""1"": 1220.2889120754576, ""2"": 1219.9029186011064, ""3"": 1217.4249482032765}",1.2854480604967458,1219.2055929599467,1.5541137515168018,1217.4249482032765,1220.2889120754576,1.3730825215140643,1.2854480604967458,1.5171267290609327,3,0,3,3,earliest_globally_synthetic_qualified_attempt_per_draw; no_test_selection
poisson_L6_c1_5,Baek-L2,fresh_test,historical_AHD,3,3,0,0,0,3,1220.2889120754576,"{""1"": 1220.2889120754576, ""2"": 1219.9029186011064, ""3"": 1217.4249482032765}",1.291568083353489,1219.2055929599467,1.5541137515168018,1217.4249482032765,1220.2889120754576,1.3791971112822312,1.291568083353489,1.523232388495879,3,0,3,3,earliest_globally_synthetic_qualified_attempt_per_draw; no_test_selection
poisson_L6_c1_5,Baek-L2,integer_test,classical_train_selected,3,3,0,0,0,3,1217.324,"{""1"": 1217.324, ""2"": 1219.223, ""3"": 1214.891}",1.5983386913071418,1217.146,2.1714785285606095,1214.891,1219.223,1.6127272154083265,1.4448341560928548,1.7950087988249834,3,0,3,3,earliest_globally_synthetic_qualified_attempt_per_draw; no_test_selection
poisson_L6_c1_5,Baek-L2,integer_test,historical_AHD,3,3,0,0,0,3,1217.324,"{""1"": 1217.324, ""2"": 1219.223, ""3"": 1214.891}",1.610666218361327,1217.146,2.1714785285606095,1214.891,1219.223,1.625052939902293,1.45718091383162,1.8073116875139323,3,0,3,3,earliest_globally_synthetic_qualified_attempt_per_draw; no_test_selection
