scenario_id,source_training_horizon,mode,horizon,scope,diagonal,status,planned_repeats_per_run,old_n_repeats,old_mean_cost_per_period,old_generation_sd,new_n_repeats
exp_iid_fixed6,200,steady,50,primary,False,incomplete,3,3,124.81863208348796,1.1250186595519485,0
exp_iid_fixed6,200,steady,100,primary,False,incomplete,3,3,125.06945714536312,1.1812808054750623,0
exp_iid_fixed6,200,steady,200,primary,True,incomplete,3,3,124.97485777596047,1.1343235005642118,0
exp_iid_fixed6,200,steady,500,primary,False,incomplete,3,3,125.09916598558567,1.1342365089124367,0
exp_iid_fixed6,200,cold_start,50,primary,False,incomplete,3,3,145.21779853398678,3.627068652129445,0
exp_iid_fixed6,200,cold_start,100,primary,False,incomplete,3,3,134.76552244684058,1.6098695698766363,0
exp_iid_fixed6,200,cold_start,200,primary,True,incomplete,3,3,129.7869317713233,0.8371277911268065,0
exp_iid_fixed6,200,cold_start,500,primary,False,incomplete,3,3,126.81529130544713,0.9110180608235439,0
exp_ar_pos08_fixed6,200,steady,50,primary,False,incomplete,3,3,166.84026581954274,2.454689532037106,0
exp_ar_pos08_fixed6,200,steady,100,primary,False,incomplete,3,3,166.12162689400347,2.4594624353660106,0
exp_ar_pos08_fixed6,200,steady,200,primary,True,incomplete,3,3,166.17068822022603,2.4593585505645934,0
exp_ar_pos08_fixed6,200,steady,500,primary,False,incomplete,3,3,165.81710390638884,2.405882350975689,0
exp_ar_pos08_fixed6,200,cold_start,50,primary,False,incomplete,3,3,174.4759807915566,5.647582098059247,0
exp_ar_pos08_fixed6,200,cold_start,100,primary,False,incomplete,3,3,170.30289334862005,4.0309709542856975,0
exp_ar_pos08_fixed6,200,cold_start,200,primary,True,incomplete,3,3,167.3842391027766,3.2784349768192187,0
exp_ar_pos08_fixed6,200,cold_start,500,primary,False,incomplete,3,3,166.62117410365923,2.793220863051788,0
exp_ar_neg06_fixed6,200,steady,50,primary,False,incomplete,3,3,101.34201943237274,3.024942716897476,0
exp_ar_neg06_fixed6,200,steady,100,primary,False,incomplete,3,3,101.66111734719719,3.126770777935003,0
exp_ar_neg06_fixed6,200,steady,200,primary,True,incomplete,3,3,101.88594888000193,3.105275838535983,0
exp_ar_neg06_fixed6,200,steady,500,primary,False,incomplete,3,3,102.18883884585283,3.1852865835133986,0
exp_ar_neg06_fixed6,200,cold_start,50,primary,False,incomplete,3,3,122.38232778161944,14.117773265868093,0
exp_ar_neg06_fixed6,200,cold_start,100,primary,False,incomplete,3,3,112.66226146186648,8.830383749761602,0
exp_ar_neg06_fixed6,200,cold_start,200,primary,True,incomplete,3,3,107.24024562040749,6.137371480286451,0
exp_ar_neg06_fixed6,200,cold_start,500,primary,False,incomplete,3,3,104.04581413604684,4.380748256567363,0
exp_regime095_fixed6,200,steady,50,primary,False,incomplete,3,3,151.68201350830643,2.653128164738987,0
exp_regime095_fixed6,200,steady,100,primary,False,incomplete,3,3,151.9384262287363,2.686629926332699,0
exp_regime095_fixed6,200,steady,200,primary,True,incomplete,3,3,152.55988929909617,2.626147783677059,0
exp_regime095_fixed6,200,steady,500,primary,False,incomplete,3,3,153.68663152708208,2.7135570981658304,0
exp_regime095_fixed6,200,cold_start,50,primary,False,incomplete,3,3,161.5782905369524,5.971651963379532,0
exp_regime095_fixed6,200,cold_start,100,primary,False,incomplete,3,3,158.19163204954563,4.38478546517033,0
exp_regime095_fixed6,200,cold_start,200,primary,True,incomplete,3,3,156.02947576389136,3.543841518979267,0
exp_regime095_fixed6,200,cold_start,500,primary,False,incomplete,3,3,155.1015173509036,3.0275974612878525,0
exp_iid_random3_9,200,steady,50,primary,False,incomplete,3,3,139.78600803685302,5.848417922389577,0
exp_iid_random3_9,200,steady,100,primary,False,incomplete,3,3,140.16011424980508,5.8765253258879,0
exp_iid_random3_9,200,steady,200,primary,True,incomplete,3,3,139.94601253043194,5.921127118998577,0
exp_iid_random3_9,200,steady,500,primary,False,incomplete,3,3,139.92854442719516,5.906696565505958,0
exp_iid_random3_9,200,cold_start,50,primary,False,incomplete,3,3,151.79588996260213,8.893002571785903,0
exp_iid_random3_9,200,cold_start,100,primary,False,incomplete,3,3,145.4046321495995,7.6179601278555715,0
exp_iid_random3_9,200,cold_start,200,primary,True,incomplete,3,3,142.44244106686676,6.780471575596854,0
exp_iid_random3_9,200,cold_start,500,primary,False,incomplete,3,3,140.80468788911045,6.3423106854464555,0
exp_regime095_random3_9,200,steady,50,primary,False,incomplete,3,3,152.43853686223963,2.1605211054619127,0
exp_regime095_random3_9,200,steady,100,primary,False,incomplete,3,3,152.4178881671881,2.277767366093692,0
exp_regime095_random3_9,200,steady,200,primary,True,incomplete,3,3,153.12586305287564,2.3228688611423354,0
exp_regime095_random3_9,200,steady,500,primary,False,incomplete,3,3,154.34134036536454,2.2995702081498024,0
exp_regime095_random3_9,200,cold_start,50,primary,False,incomplete,3,3,157.4258190021327,3.141704975064476,0
exp_regime095_random3_9,200,cold_start,100,primary,False,incomplete,3,3,156.23172204951825,2.7938724144460387,0
exp_regime095_random3_9,200,cold_start,200,primary,True,incomplete,3,3,155.3668371265346,2.5603098628702483,0
exp_regime095_random3_9,200,cold_start,500,primary,False,incomplete,3,3,155.34321276206614,2.417545540996964,0
exp_ar_pos08_fixed6,50,steady,50,horizon_extension,True,incomplete,3,3,165.67542776765725,2.425122267699076,0
exp_ar_pos08_fixed6,50,steady,100,horizon_extension,False,incomplete,3,3,164.88520860212608,2.168251447281605,0
exp_ar_pos08_fixed6,50,steady,200,horizon_extension,False,incomplete,3,3,164.9474185200476,2.1761137425644206,0
exp_ar_pos08_fixed6,50,steady,500,horizon_extension,False,incomplete,3,3,164.652474882339,2.1252601545768846,0
exp_ar_pos08_fixed6,50,cold_start,50,horizon_extension,True,incomplete,3,3,170.74715001644995,2.9619413228363434,0
exp_ar_pos08_fixed6,50,cold_start,100,horizon_extension,False,incomplete,3,3,167.757571292611,2.3660718388203086,0
exp_ar_pos08_fixed6,50,cold_start,200,horizon_extension,False,incomplete,3,3,165.49848440856996,2.2820602915382207,0
exp_ar_pos08_fixed6,50,cold_start,500,horizon_extension,False,incomplete,3,3,165.10751435723787,2.167993372840194,0
exp_ar_pos08_fixed6,100,steady,50,horizon_extension,False,incomplete,3,3,167.26240926691824,1.6197028816817935,0
exp_ar_pos08_fixed6,100,steady,100,horizon_extension,True,incomplete,3,3,166.39810352426193,1.8499025267950961,0
exp_ar_pos08_fixed6,100,steady,200,horizon_extension,False,incomplete,3,3,166.52413441843308,1.7650070889789273,0
exp_ar_pos08_fixed6,100,steady,500,horizon_extension,False,incomplete,3,3,166.14652425960125,1.7638062429585346,0
exp_ar_pos08_fixed6,100,cold_start,50,horizon_extension,False,incomplete,3,3,175.05205520575987,5.934599271878163,0
exp_ar_pos08_fixed6,100,cold_start,100,horizon_extension,True,incomplete,3,3,170.81386229307438,3.8709207519038924,0
exp_ar_pos08_fixed6,100,cold_start,200,horizon_extension,False,incomplete,3,3,167.78487547539999,2.882948333679091,0
exp_ar_pos08_fixed6,100,cold_start,500,horizon_extension,False,incomplete,3,3,166.98507324152976,2.257004679037169,0
exp_ar_pos08_fixed6,500,steady,50,horizon_extension,False,incomplete,3,3,166.72014934731166,2.5371622464868175,0
exp_ar_pos08_fixed6,500,steady,100,horizon_extension,False,incomplete,3,3,165.9252033442487,2.502317583005302,0
exp_ar_pos08_fixed6,500,steady,200,horizon_extension,False,incomplete,3,3,165.9818683583009,2.483619376932812,0
exp_ar_pos08_fixed6,500,steady,500,horizon_extension,True,incomplete,3,3,165.5995945548866,2.4261342852923327,0
exp_ar_pos08_fixed6,500,cold_start,50,horizon_extension,False,incomplete,3,3,174.21526641992443,5.8565277840035925,0
exp_ar_pos08_fixed6,500,cold_start,100,horizon_extension,False,incomplete,3,3,170.1023508280575,4.17276002226744,0
exp_ar_pos08_fixed6,500,cold_start,200,horizon_extension,False,incomplete,3,3,167.15057188141918,3.3704623362522614,0
exp_ar_pos08_fixed6,500,cold_start,500,horizon_extension,True,incomplete,3,3,166.3993772164731,2.8606019424302818,0
