scenario_id,source_training_horizon,family,status,old_record_sha256,new_record_sha256
exp_ar_neg06_fixed6,200,base_stock,matched,3d37fb2ddac5e959705ac6c1f3ee8c71d3e473a5840014bba60915eb10b8df87,3d37fb2ddac5e959705ac6c1f3ee8c71d3e473a5840014bba60915eb10b8df87
exp_ar_neg06_fixed6,200,capped_base_stock,matched,80feedf9056c8d9d50371681dd4f16b428693d284b193d5823d884161627bfb4,80feedf9056c8d9d50371681dd4f16b428693d284b193d5823d884161627bfb4
exp_ar_neg06_fixed6,200,conditional_pil,matched,c18e446cd9901ba72fc4b3f17c0bb5fffd00d47a88a4e373f36647ccd7cf073b,c18e446cd9901ba72fc4b3f17c0bb5fffd00d47a88a4e373f36647ccd7cf073b
exp_ar_neg06_fixed6,200,constant_order,matched,c617e46fb6fa73b3695d7f89a7ff979b9ecd63e5041fb082e437f45b1cb58941,c617e46fb6fa73b3695d7f89a7ff979b9ecd63e5041fb082e437f45b1cb58941
exp_ar_neg06_fixed6,200,forecast_adaptive_pil,matched,4592b9be343bf2a66f16837f73a60f281224a831e653f43ba942480a68dc24fc,4592b9be343bf2a66f16837f73a60f281224a831e653f43ba942480a68dc24fc
exp_ar_neg06_fixed6,200,forecast_capped_base_stock,matched,77cc27ca243855845ec579d22876b1890a65cdb822b83156341d54843566debd,77cc27ca243855845ec579d22876b1890a65cdb822b83156341d54843566debd
exp_ar_neg06_fixed6,200,pil_cop_continuation,matched,0236789bac3ddf4041e6ee847af16ba4ff3f96349862f7c870677d56e6f28a24,0236789bac3ddf4041e6ee847af16ba4ff3f96349862f7c870677d56e6f28a24
exp_ar_pos08_fixed6,50,base_stock,matched,ce3898313b3c2f2a5d4de01d34ab52745d9003fcc00c131823ff2e2bb213f4b2,ce3898313b3c2f2a5d4de01d34ab52745d9003fcc00c131823ff2e2bb213f4b2
exp_ar_pos08_fixed6,50,capped_base_stock,matched,46e19caecae5c33904be2ea62e669e2ac5d3ea80c7c4c025b5497005ad3e34e2,46e19caecae5c33904be2ea62e669e2ac5d3ea80c7c4c025b5497005ad3e34e2
exp_ar_pos08_fixed6,50,conditional_pil,matched,03885705d6cdf04b813177ba7a02f7fe963ffcbf975239cffa72b7cecd37fcb3,03885705d6cdf04b813177ba7a02f7fe963ffcbf975239cffa72b7cecd37fcb3
exp_ar_pos08_fixed6,50,constant_order,matched,a9cc9ac9c271d7112be4b680876d48d6a796dda1799e371750a86829c6e56350,a9cc9ac9c271d7112be4b680876d48d6a796dda1799e371750a86829c6e56350
exp_ar_pos08_fixed6,50,forecast_adaptive_pil,matched,e09b61c1e69773934999f788b6c46555ab77143a43fbf3990124a853d4adbb62,e09b61c1e69773934999f788b6c46555ab77143a43fbf3990124a853d4adbb62
exp_ar_pos08_fixed6,50,forecast_capped_base_stock,matched,0c0dc048858e50038c0ce53637d1dff756fb7da9d02f2b51ae08f85d1442f086,0c0dc048858e50038c0ce53637d1dff756fb7da9d02f2b51ae08f85d1442f086
exp_ar_pos08_fixed6,50,pil_cop_continuation,matched,f61152b51b7dfa409b4cdb4578d9a70ec02614770b97dabe6aba6d83d43c708b,f61152b51b7dfa409b4cdb4578d9a70ec02614770b97dabe6aba6d83d43c708b
exp_ar_pos08_fixed6,100,base_stock,matched,fb5721218de69070c6d6090a2e1219ed87284bb9e35ea86f3f3d45a5c474d27d,fb5721218de69070c6d6090a2e1219ed87284bb9e35ea86f3f3d45a5c474d27d
exp_ar_pos08_fixed6,100,capped_base_stock,matched,91a623134e7b72d272e85e53c3231abfef37f5211d30b3fe918f2790dc1ac1cf,91a623134e7b72d272e85e53c3231abfef37f5211d30b3fe918f2790dc1ac1cf
exp_ar_pos08_fixed6,100,conditional_pil,matched,6f9239d40b783e4cac33ac6f158f8dfcd320305f5a74d42d15ca827fc9c926af,6f9239d40b783e4cac33ac6f158f8dfcd320305f5a74d42d15ca827fc9c926af
exp_ar_pos08_fixed6,100,constant_order,matched,662abd590b3b2bda84a96ae3211ffd28d30e6b5b0fe9f2ec4815f4b1642c17a0,662abd590b3b2bda84a96ae3211ffd28d30e6b5b0fe9f2ec4815f4b1642c17a0
exp_ar_pos08_fixed6,100,forecast_adaptive_pil,matched,40005bbbe09d7cfa2136b335a0d71798469e6a750cd52143498dfccf85c75cf5,40005bbbe09d7cfa2136b335a0d71798469e6a750cd52143498dfccf85c75cf5
exp_ar_pos08_fixed6,100,forecast_capped_base_stock,matched,b35c884c6e48b21c0d8e53ae66e6b37ea2246389b1df463954ab6f2609292c7b,b35c884c6e48b21c0d8e53ae66e6b37ea2246389b1df463954ab6f2609292c7b
exp_ar_pos08_fixed6,100,pil_cop_continuation,matched,79436736447d428bc3c1f91a956d9f346fd37a0517ecae5e5dd670551bf25a3b,79436736447d428bc3c1f91a956d9f346fd37a0517ecae5e5dd670551bf25a3b
exp_ar_pos08_fixed6,200,base_stock,matched,331b32db1cb4aadf861b6e4b045d93de3edc70c1c9b0bfc230500f61c2f7d936,331b32db1cb4aadf861b6e4b045d93de3edc70c1c9b0bfc230500f61c2f7d936
exp_ar_pos08_fixed6,200,capped_base_stock,matched,e973086b367d129825e784ffcce7b2dad665f4814fc47b4448ebffd581119851,e973086b367d129825e784ffcce7b2dad665f4814fc47b4448ebffd581119851
exp_ar_pos08_fixed6,200,conditional_pil,matched,8b2fdbf0268d6637b444f3e4238785930dc68eefad22e0b4c3272bce9a7e3977,8b2fdbf0268d6637b444f3e4238785930dc68eefad22e0b4c3272bce9a7e3977
exp_ar_pos08_fixed6,200,constant_order,matched,79f2419359d753abb8bb5400479a7be566db81f4d2a8e4688826725d57e40420,79f2419359d753abb8bb5400479a7be566db81f4d2a8e4688826725d57e40420
exp_ar_pos08_fixed6,200,forecast_adaptive_pil,matched,dc5b371557ba00429afc1c01ad50b915da977e90b9c2ea27447feef7f3f160fa,dc5b371557ba00429afc1c01ad50b915da977e90b9c2ea27447feef7f3f160fa
exp_ar_pos08_fixed6,200,forecast_capped_base_stock,matched,ece58848939f1b2dbb9367db8b83dc87e538a51ef82f4184165263fb72c80f9f,ece58848939f1b2dbb9367db8b83dc87e538a51ef82f4184165263fb72c80f9f
exp_ar_pos08_fixed6,200,pil_cop_continuation,matched,0eaa4646e6226660c00f732dae2e01218cb5c96e8c45bcebe208378a676e36f8,0eaa4646e6226660c00f732dae2e01218cb5c96e8c45bcebe208378a676e36f8
exp_ar_pos08_fixed6,500,base_stock,matched,30dccde01c49d1e05b0cf061a71f9033fc2812fc4846a207b1984b1e4d375cbf,30dccde01c49d1e05b0cf061a71f9033fc2812fc4846a207b1984b1e4d375cbf
exp_ar_pos08_fixed6,500,capped_base_stock,matched,2d5d957296d0dd854d24874d218d8cc82e4fe85d879dc51e5eda24c978d29e20,2d5d957296d0dd854d24874d218d8cc82e4fe85d879dc51e5eda24c978d29e20
exp_ar_pos08_fixed6,500,conditional_pil,matched,7bae7d2f8c4e8a7dac55524b5c2c3a2cfd32927828a5ac3665ae8b7ec49a9ba0,7bae7d2f8c4e8a7dac55524b5c2c3a2cfd32927828a5ac3665ae8b7ec49a9ba0
exp_ar_pos08_fixed6,500,constant_order,matched,2c48718b0e99a9ea52f1c66576b0a99a9f16c69f09ece1de7093611ea62f9808,2c48718b0e99a9ea52f1c66576b0a99a9f16c69f09ece1de7093611ea62f9808
exp_ar_pos08_fixed6,500,forecast_adaptive_pil,matched,5258d94f4badf4cc924aced25e95d786fcffd7fd845dd3cd59675381158e1467,5258d94f4badf4cc924aced25e95d786fcffd7fd845dd3cd59675381158e1467
exp_ar_pos08_fixed6,500,forecast_capped_base_stock,matched,bbbbff3c50700c4d15a2b831b299693ecae603fb04359d6530915553500b1c31,bbbbff3c50700c4d15a2b831b299693ecae603fb04359d6530915553500b1c31
exp_ar_pos08_fixed6,500,pil_cop_continuation,matched,3c7338aa5d96d989a2b62de018bb446df0cb17aaf083e968eeeeffb725bacde6,3c7338aa5d96d989a2b62de018bb446df0cb17aaf083e968eeeeffb725bacde6
exp_iid_fixed6,200,base_stock,matched,bf3402e4e212b1222bc06edaf41c879ab8e2ccf3bae5c961b37f32d09558abcb,bf3402e4e212b1222bc06edaf41c879ab8e2ccf3bae5c961b37f32d09558abcb
exp_iid_fixed6,200,capped_base_stock,matched,e9f05bbd5a41e4ee7a4b1f1e51fba40d253aa3b4af516ef949ad832c9cd93fe6,e9f05bbd5a41e4ee7a4b1f1e51fba40d253aa3b4af516ef949ad832c9cd93fe6
exp_iid_fixed6,200,conditional_pil,matched,8573ebdb8cab7464c86b5316023abfc8a9fe15f3f9e132b8ac4c65e0378fe13e,8573ebdb8cab7464c86b5316023abfc8a9fe15f3f9e132b8ac4c65e0378fe13e
exp_iid_fixed6,200,constant_order,matched,88b7db9510fd8e6238b769872ea0bbe303630689298f1a3829ec94c9774f491b,88b7db9510fd8e6238b769872ea0bbe303630689298f1a3829ec94c9774f491b
exp_iid_fixed6,200,forecast_adaptive_pil,matched,4f2d75087adbe5d832435d26e083aebf508e8d304908493d91812a5a8b7474a2,4f2d75087adbe5d832435d26e083aebf508e8d304908493d91812a5a8b7474a2
exp_iid_fixed6,200,forecast_capped_base_stock,matched,f24275b1f3d17311985fe85f824feb7d9725e1df685cfb880057cbe6f9ad1baf,f24275b1f3d17311985fe85f824feb7d9725e1df685cfb880057cbe6f9ad1baf
exp_iid_fixed6,200,pil_cop_continuation,matched,1030362c6bde4d7ca247c72f99699581f697b50dc4601506a9e42940ffd78e39,1030362c6bde4d7ca247c72f99699581f697b50dc4601506a9e42940ffd78e39
exp_iid_random3_9,200,base_stock,matched,fcbb736900dbfc98698f36acf3d238220a1df3c6664650f0bcd0aa838eeeac14,fcbb736900dbfc98698f36acf3d238220a1df3c6664650f0bcd0aa838eeeac14
exp_iid_random3_9,200,capped_base_stock,matched,3b93617114c4646c9fe18e3bfaaedae4f28e36bb1b91136d01480148e44e1faa,3b93617114c4646c9fe18e3bfaaedae4f28e36bb1b91136d01480148e44e1faa
exp_iid_random3_9,200,conditional_pil,matched,4c275060cd6b34411d8b4c6e7b509a99ccffa8276146162dc77b080e14540b2b,4c275060cd6b34411d8b4c6e7b509a99ccffa8276146162dc77b080e14540b2b
exp_iid_random3_9,200,constant_order,matched,717e3253209768eebcea1f1f01345f6742553d93caab2c89d45e9a6124d1501a,717e3253209768eebcea1f1f01345f6742553d93caab2c89d45e9a6124d1501a
exp_iid_random3_9,200,forecast_adaptive_pil,matched,da79e82cc3873dd67f8c7c54406046c9bb5b8193aee63272ff05bc39f774a853,da79e82cc3873dd67f8c7c54406046c9bb5b8193aee63272ff05bc39f774a853
exp_iid_random3_9,200,forecast_capped_base_stock,matched,6f3a9222262bc78ab7e52ce62d041e2a736799463452ac30850856ade45d9f74,6f3a9222262bc78ab7e52ce62d041e2a736799463452ac30850856ade45d9f74
exp_iid_random3_9,200,pil_cop_continuation,matched,f282903072f645ac65ec165bf7460c681a9c23a5acd7f75a09879b1cd5154134,f282903072f645ac65ec165bf7460c681a9c23a5acd7f75a09879b1cd5154134
exp_regime095_fixed6,200,base_stock,matched,49469ae7d9eb0c5b59ecec5e75a96a81f725c031b0e5c34a5de96da79430b537,49469ae7d9eb0c5b59ecec5e75a96a81f725c031b0e5c34a5de96da79430b537
exp_regime095_fixed6,200,capped_base_stock,matched,e58b014e30d65af7274ff99aaf80012703c5565e1b36882e58a8ed2ec9e0c300,e58b014e30d65af7274ff99aaf80012703c5565e1b36882e58a8ed2ec9e0c300
exp_regime095_fixed6,200,conditional_pil,matched,62375276ee304a5319c2682793bc00f95208a76f3941c3922b5327d96d344d2e,62375276ee304a5319c2682793bc00f95208a76f3941c3922b5327d96d344d2e
exp_regime095_fixed6,200,constant_order,matched,a68b1f67553d8c80c4a658cd593aff8e96745b9a4486b4e1d4723fe4b79f9d50,a68b1f67553d8c80c4a658cd593aff8e96745b9a4486b4e1d4723fe4b79f9d50
exp_regime095_fixed6,200,forecast_adaptive_pil,matched,17272eeae6c23272bd28add0a3555a9ea25053634b22dbb8a395a7d2bb3dcd11,17272eeae6c23272bd28add0a3555a9ea25053634b22dbb8a395a7d2bb3dcd11
exp_regime095_fixed6,200,forecast_capped_base_stock,matched,148857b44d9c298fd701f87e500f9d09253ae492f58690a551b51b83c569e4ba,148857b44d9c298fd701f87e500f9d09253ae492f58690a551b51b83c569e4ba
exp_regime095_fixed6,200,pil_cop_continuation,matched,c39b9dd7e3997a6dc7ae399a58962adae6b5bef52d0b56f410671d30856a6226,c39b9dd7e3997a6dc7ae399a58962adae6b5bef52d0b56f410671d30856a6226
exp_regime095_random3_9,200,base_stock,matched,1fad0b7ce95ff47b497ab0956fe3aed1826280c1cdea580257f004c02236999a,1fad0b7ce95ff47b497ab0956fe3aed1826280c1cdea580257f004c02236999a
exp_regime095_random3_9,200,capped_base_stock,matched,ac3ea575a594ba7d514a7fe2126ffa8041510fe8cfe718d75fbfbc0369f785ee,ac3ea575a594ba7d514a7fe2126ffa8041510fe8cfe718d75fbfbc0369f785ee
exp_regime095_random3_9,200,conditional_pil,matched,9d551a93c50f63b8823a86e14dd1e4396c8716452ac32c24fcb9a79b3bd5059c,9d551a93c50f63b8823a86e14dd1e4396c8716452ac32c24fcb9a79b3bd5059c
exp_regime095_random3_9,200,constant_order,matched,c990d4ea9bd2fc492a80a2361beebaa4da981db1ceeea01151dd5dd23e3fc29d,c990d4ea9bd2fc492a80a2361beebaa4da981db1ceeea01151dd5dd23e3fc29d
exp_regime095_random3_9,200,forecast_adaptive_pil,matched,af81b2853e62bab0ca8108b439223ff56c113edb2b982c8adaaddb0992c19dfe,af81b2853e62bab0ca8108b439223ff56c113edb2b982c8adaaddb0992c19dfe
exp_regime095_random3_9,200,forecast_capped_base_stock,matched,51b408b60f4eb4ebe5d18e942e1d5276d2985e34ea7eda388e16138354b96d38,51b408b60f4eb4ebe5d18e942e1d5276d2985e34ea7eda388e16138354b96d38
exp_regime095_random3_9,200,pil_cop_continuation,matched,a93d0ecffc7e7434c43cf962e8017bd09511d1d62a88d3ef5d197a571c979dca,a93d0ecffc7e7434c43cf962e8017bd09511d1d62a88d3ef5d197a571c979dca
