scenario_id,split,status,old_arrays_sha256,new_arrays_sha256,old_n_paths,new_n_paths
exp_iid_fixed6,train,matched,1dda890a369556975c842b5553c69085a1dae0bcfba1cdab104525bc0b1be9c6,1dda890a369556975c842b5553c69085a1dae0bcfba1cdab104525bc0b1be9c6,50,50
exp_iid_fixed6,validation,matched,a36ebb7d987db1d072530446e6491465ae1eb58b0b58c88d5e058218041a2ba4,a36ebb7d987db1d072530446e6491465ae1eb58b0b58c88d5e058218041a2ba4,128,128
exp_iid_fixed6,test,matched,cc7fff86d4386c1514b070b2e12b0e98fd39e011008abadb61955785019bc782,cc7fff86d4386c1514b070b2e12b0e98fd39e011008abadb61955785019bc782,1000,1000
exp_ar_pos08_fixed6,train,matched,96bfed30c909ff0fb57719aeaff99449bb03d37eaca7d55571d5b1ac34fa3180,96bfed30c909ff0fb57719aeaff99449bb03d37eaca7d55571d5b1ac34fa3180,50,50
exp_ar_pos08_fixed6,validation,matched,b5d2de3451ccc60edc52aa7684fcee9ac8480bf59f82efd667b8f3a9bc183915,b5d2de3451ccc60edc52aa7684fcee9ac8480bf59f82efd667b8f3a9bc183915,128,128
exp_ar_pos08_fixed6,test,matched,4394eb6c96e3bfcbc157dbdefe32ce75aa0fd3fd3330af5e87c0b07cf91a11fa,4394eb6c96e3bfcbc157dbdefe32ce75aa0fd3fd3330af5e87c0b07cf91a11fa,1000,1000
exp_ar_neg06_fixed6,train,matched,60cb308cad8a1bf3b440fac390c20a43f62b3c00ddb84bea2e082ab5285411b6,60cb308cad8a1bf3b440fac390c20a43f62b3c00ddb84bea2e082ab5285411b6,50,50
exp_ar_neg06_fixed6,validation,matched,1a162e430c69c62e829e12395e3052139ff705c8353a10d64fbf4213c96ac36a,1a162e430c69c62e829e12395e3052139ff705c8353a10d64fbf4213c96ac36a,128,128
exp_ar_neg06_fixed6,test,matched,25c5af7d9ab50e3740276c5a8e4870a1c5223c5ba89977ba26b8b195b3d449b3,25c5af7d9ab50e3740276c5a8e4870a1c5223c5ba89977ba26b8b195b3d449b3,1000,1000
exp_regime095_fixed6,train,matched,1cd4e81bb10b5e3ee86a35631580bef0e3839cdead1d46679eb03b40b36ba485,1cd4e81bb10b5e3ee86a35631580bef0e3839cdead1d46679eb03b40b36ba485,50,50
exp_regime095_fixed6,validation,matched,80dd65456d558a3770a534aee352de43781ade9bf669559232a56ae41cc241e5,80dd65456d558a3770a534aee352de43781ade9bf669559232a56ae41cc241e5,128,128
exp_regime095_fixed6,test,matched,54b419b9dd894753ce00d5337698b8d9bbc8a7b39e764503cac4fac771f0779e,54b419b9dd894753ce00d5337698b8d9bbc8a7b39e764503cac4fac771f0779e,1000,1000
exp_iid_random3_9,train,matched,1300b2e68de56333923cdd2cc23ab03c6521dc6b000395e4e019c2f041bcf1c6,1300b2e68de56333923cdd2cc23ab03c6521dc6b000395e4e019c2f041bcf1c6,50,50
exp_iid_random3_9,validation,matched,be539731f2dd55d8d8e1f09756c90f2c925a08f3d7a950faf0445a3ad65a160b,be539731f2dd55d8d8e1f09756c90f2c925a08f3d7a950faf0445a3ad65a160b,128,128
exp_iid_random3_9,test,matched,8b04251a10d91ba3d3c15d77990badf9f9b94e8a3e1d0c3cd51c8ace0a33509a,8b04251a10d91ba3d3c15d77990badf9f9b94e8a3e1d0c3cd51c8ace0a33509a,1000,1000
exp_regime095_random3_9,train,matched,977fe66b1c1ac9bc4d35567924dca8e1926d7cfe4b2a4ac7d1b1e114557be109,977fe66b1c1ac9bc4d35567924dca8e1926d7cfe4b2a4ac7d1b1e114557be109,50,50
exp_regime095_random3_9,validation,matched,1e364f005b1835989366e23e449ea3be7d0c1f030e7a11608aee58fe76a6502b,1e364f005b1835989366e23e449ea3be7d0c1f030e7a11608aee58fe76a6502b,128,128
exp_regime095_random3_9,test,matched,0403e2693cb0ae0103e8f9c82970dd97dad708f18b504c86cf6e8fdebfc31f98,0403e2693cb0ae0103e8f9c82970dd97dad708f18b504c86cf6e8fdebfc31f98,1000,1000
