scenario_id,source_training_horizon,mode,horizon,status,reference_family,reference_mean_cost_per_period,old_mean_cost_per_period,old_n_repeats,old_cost_difference,old_cost_difference_ci,old_improvement_pct,old_improvement_pct_ci,new_mean_cost_per_period,new_n_repeats,new_cost_difference,new_cost_difference_ci,new_improvement_pct,new_improvement_pct_ci
exp_iid_fixed6,200,steady,200,incomplete,conditional_pil,,124.97485777596047,3,,,,,,0,,,,
exp_iid_fixed6,200,steady,200,incomplete,forecast_adaptive_pil,,124.97485777596047,3,,,,,,0,,,,
exp_iid_fixed6,200,steady,200,incomplete,pil_cop_continuation,,124.97485777596047,3,,,,,,0,,,,
exp_ar_pos08_fixed6,200,steady,200,incomplete,conditional_pil,,166.17068822022603,3,,,,,,0,,,,
exp_ar_pos08_fixed6,200,steady,200,incomplete,forecast_adaptive_pil,,166.17068822022603,3,,,,,,0,,,,
exp_ar_pos08_fixed6,200,steady,200,incomplete,pil_cop_continuation,,166.17068822022603,3,,,,,,0,,,,
exp_ar_neg06_fixed6,200,steady,200,incomplete,conditional_pil,,101.88594888000193,3,,,,,,0,,,,
exp_ar_neg06_fixed6,200,steady,200,incomplete,forecast_adaptive_pil,,101.88594888000193,3,,,,,,0,,,,
exp_ar_neg06_fixed6,200,steady,200,incomplete,pil_cop_continuation,,101.88594888000193,3,,,,,,0,,,,
exp_regime095_fixed6,200,steady,200,incomplete,conditional_pil,,152.55988929909617,3,,,,,,0,,,,
exp_regime095_fixed6,200,steady,200,incomplete,forecast_adaptive_pil,,152.55988929909617,3,,,,,,0,,,,
exp_regime095_fixed6,200,steady,200,incomplete,pil_cop_continuation,,152.55988929909617,3,,,,,,0,,,,
exp_iid_random3_9,200,steady,200,incomplete,conditional_pil,,139.94601253043194,3,,,,,,0,,,,
exp_iid_random3_9,200,steady,200,incomplete,forecast_adaptive_pil,,139.94601253043194,3,,,,,,0,,,,
exp_iid_random3_9,200,steady,200,incomplete,pil_cop_continuation,,139.94601253043194,3,,,,,,0,,,,
exp_regime095_random3_9,200,steady,200,incomplete,conditional_pil,,153.12586305287564,3,,,,,,0,,,,
exp_regime095_random3_9,200,steady,200,incomplete,forecast_adaptive_pil,,153.12586305287564,3,,,,,,0,,,,
exp_regime095_random3_9,200,steady,200,incomplete,pil_cop_continuation,,153.12586305287564,3,,,,,,0,,,,
