source_training_horizon,mode,horizon,complete_scenarios,planned_scenarios,aggregation,old_mean_cost_per_period_mean,old_mean_cost_per_period_median,new_mean_cost_per_period_mean,new_mean_cost_per_period_median,new_vs_old_improvement_pct_mean,new_vs_old_improvement_pct_median,new_vs_old_cost_difference_mean,new_vs_old_cost_difference_median,old_vs_conditional_pil_improvement_pct_mean,old_vs_conditional_pil_improvement_pct_median,old_vs_conditional_pil_cost_difference_mean,old_vs_conditional_pil_cost_difference_median,new_vs_conditional_pil_improvement_pct_mean,new_vs_conditional_pil_improvement_pct_median,new_vs_conditional_pil_cost_difference_mean,new_vs_conditional_pil_cost_difference_median,old_vs_forecast_adaptive_pil_improvement_pct_mean,old_vs_forecast_adaptive_pil_improvement_pct_median,old_vs_forecast_adaptive_pil_cost_difference_mean,old_vs_forecast_adaptive_pil_cost_difference_median,new_vs_forecast_adaptive_pil_improvement_pct_mean,new_vs_forecast_adaptive_pil_improvement_pct_median,new_vs_forecast_adaptive_pil_cost_difference_mean,new_vs_forecast_adaptive_pil_cost_difference_median,old_vs_pil_cop_continuation_improvement_pct_mean,old_vs_pil_cop_continuation_improvement_pct_median,old_vs_pil_cop_continuation_cost_difference_mean,old_vs_pil_cop_continuation_cost_difference_median,new_vs_pil_cop_continuation_improvement_pct_mean,new_vs_pil_cop_continuation_improvement_pct_median,new_vs_pil_cop_continuation_cost_difference_mean,new_vs_pil_cop_continuation_cost_difference_median
50,steady,50,0,1,equally weighted scenarios; descriptive; available complete scenarios only,,,,,,,,,,,,,,,,,,,,,,,,,,,,,,,,
50,steady,100,0,1,equally weighted scenarios; descriptive; available complete scenarios only,,,,,,,,,,,,,,,,,,,,,,,,,,,,,,,,
50,steady,200,0,1,equally weighted scenarios; descriptive; available complete scenarios only,,,,,,,,,,,,,,,,,,,,,,,,,,,,,,,,
50,steady,500,0,1,equally weighted scenarios; descriptive; available complete scenarios only,,,,,,,,,,,,,,,,,,,,,,,,,,,,,,,,
50,cold_start,50,0,1,equally weighted scenarios; descriptive; available complete scenarios only,,,,,,,,,,,,,,,,,,,,,,,,,,,,,,,,
50,cold_start,100,0,1,equally weighted scenarios; descriptive; available complete scenarios only,,,,,,,,,,,,,,,,,,,,,,,,,,,,,,,,
50,cold_start,200,0,1,equally weighted scenarios; descriptive; available complete scenarios only,,,,,,,,,,,,,,,,,,,,,,,,,,,,,,,,
50,cold_start,500,0,1,equally weighted scenarios; descriptive; available complete scenarios only,,,,,,,,,,,,,,,,,,,,,,,,,,,,,,,,
100,steady,50,0,1,equally weighted scenarios; descriptive; available complete scenarios only,,,,,,,,,,,,,,,,,,,,,,,,,,,,,,,,
100,steady,100,0,1,equally weighted scenarios; descriptive; available complete scenarios only,,,,,,,,,,,,,,,,,,,,,,,,,,,,,,,,
100,steady,200,0,1,equally weighted scenarios; descriptive; available complete scenarios only,,,,,,,,,,,,,,,,,,,,,,,,,,,,,,,,
100,steady,500,0,1,equally weighted scenarios; descriptive; available complete scenarios only,,,,,,,,,,,,,,,,,,,,,,,,,,,,,,,,
100,cold_start,50,0,1,equally weighted scenarios; descriptive; available complete scenarios only,,,,,,,,,,,,,,,,,,,,,,,,,,,,,,,,
100,cold_start,100,0,1,equally weighted scenarios; descriptive; available complete scenarios only,,,,,,,,,,,,,,,,,,,,,,,,,,,,,,,,
100,cold_start,200,0,1,equally weighted scenarios; descriptive; available complete scenarios only,,,,,,,,,,,,,,,,,,,,,,,,,,,,,,,,
100,cold_start,500,0,1,equally weighted scenarios; descriptive; available complete scenarios only,,,,,,,,,,,,,,,,,,,,,,,,,,,,,,,,
200,steady,50,0,6,equally weighted scenarios; descriptive; available complete scenarios only,,,,,,,,,,,,,,,,,,,,,,,,,,,,,,,,
200,steady,100,0,6,equally weighted scenarios; descriptive; available complete scenarios only,,,,,,,,,,,,,,,,,,,,,,,,,,,,,,,,
200,steady,200,0,6,equally weighted scenarios; descriptive; available complete scenarios only,,,,,,,,,,,,,,,,,,,,,,,,,,,,,,,,
200,steady,500,0,6,equally weighted scenarios; descriptive; available complete scenarios only,,,,,,,,,,,,,,,,,,,,,,,,,,,,,,,,
200,cold_start,50,0,6,equally weighted scenarios; descriptive; available complete scenarios only,,,,,,,,,,,,,,,,,,,,,,,,,,,,,,,,
200,cold_start,100,0,6,equally weighted scenarios; descriptive; available complete scenarios only,,,,,,,,,,,,,,,,,,,,,,,,,,,,,,,,
200,cold_start,200,0,6,equally weighted scenarios; descriptive; available complete scenarios only,,,,,,,,,,,,,,,,,,,,,,,,,,,,,,,,
200,cold_start,500,0,6,equally weighted scenarios; descriptive; available complete scenarios only,,,,,,,,,,,,,,,,,,,,,,,,,,,,,,,,
500,steady,50,0,1,equally weighted scenarios; descriptive; available complete scenarios only,,,,,,,,,,,,,,,,,,,,,,,,,,,,,,,,
500,steady,100,0,1,equally weighted scenarios; descriptive; available complete scenarios only,,,,,,,,,,,,,,,,,,,,,,,,,,,,,,,,
500,steady,200,0,1,equally weighted scenarios; descriptive; available complete scenarios only,,,,,,,,,,,,,,,,,,,,,,,,,,,,,,,,
500,steady,500,0,1,equally weighted scenarios; descriptive; available complete scenarios only,,,,,,,,,,,,,,,,,,,,,,,,,,,,,,,,
500,cold_start,50,0,1,equally weighted scenarios; descriptive; available complete scenarios only,,,,,,,,,,,,,,,,,,,,,,,,,,,,,,,,
500,cold_start,100,0,1,equally weighted scenarios; descriptive; available complete scenarios only,,,,,,,,,,,,,,,,,,,,,,,,,,,,,,,,
500,cold_start,200,0,1,equally weighted scenarios; descriptive; available complete scenarios only,,,,,,,,,,,,,,,,,,,,,,,,,,,,,,,,
500,cold_start,500,0,1,equally weighted scenarios; descriptive; available complete scenarios only,,,,,,,,,,,,,,,,,,,,,,,,,,,,,,,,
