scenario_id,policy_id,repeat,evaluated_windows,expected_windows,main_h200_available,all_windows_available,provenance_complete,status
exp_iid_fixed6,self_evolve_h200_r1,1,8,8,True,True,True,complete
exp_iid_fixed6,self_evolve_h200_r2,2,8,8,True,True,True,complete
exp_iid_fixed6,self_evolve_h200_r3,3,8,8,True,True,True,complete
exp_ar_pos08_fixed6,self_evolve_h200_r1,1,8,8,True,True,True,complete
exp_ar_pos08_fixed6,self_evolve_h200_r2,2,8,8,True,True,True,complete
exp_ar_pos08_fixed6,self_evolve_h200_r3,3,8,8,True,True,True,complete
exp_ar_neg06_fixed6,self_evolve_h200_r1,1,8,8,True,True,True,complete
exp_ar_neg06_fixed6,self_evolve_h200_r2,2,8,8,True,True,True,complete
exp_ar_neg06_fixed6,self_evolve_h200_r3,3,8,8,True,True,True,complete
exp_regime095_fixed6,self_evolve_h200_r1,1,8,8,True,True,True,complete
exp_regime095_fixed6,self_evolve_h200_r2,2,8,8,True,True,True,complete
exp_regime095_fixed6,self_evolve_h200_r3,3,8,8,True,True,True,complete
exp_iid_random3_9,self_evolve_h200_r1,1,8,8,True,True,True,complete
exp_iid_random3_9,self_evolve_h200_r2,2,8,8,True,True,True,complete
exp_iid_random3_9,self_evolve_h200_r3,3,8,8,True,True,True,complete
exp_regime095_random3_9,self_evolve_h200_r1,1,8,8,True,True,True,complete
exp_regime095_random3_9,self_evolve_h200_r2,2,8,8,True,True,True,complete
exp_regime095_random3_9,self_evolve_h200_r3,3,8,8,True,True,True,complete
