chain,scenario_id,policy_id,scope,source_training_horizon,repeat,started,completed,denominator_complete,planned_candidate_slots,recorded_candidate_slots,not_yet_recorded_slots,valid_candidate_slots,invalid_candidate_slots,transport_failure_slots,model_or_constraint_invalid_slots,unclassified_candidate_slots,valid_rate_classified_slots,model_requests_recorded_slots
pilots/exp_ar_pos08_fixed6/self_evolve_h200_r1,exp_ar_pos08_fixed6,self_evolve_h200_r1,pilot,200,1,True,True,True,2,2,0,2,0,0,0,0,1.0,3
training/exp_ar_neg06_fixed6/self_evolve_h200_r1,exp_ar_neg06_fixed6,self_evolve_h200_r1,primary,200,1,True,True,True,100,100,0,98,2,0,2,0,0.98,104
training/exp_ar_neg06_fixed6/self_evolve_h200_r2,exp_ar_neg06_fixed6,self_evolve_h200_r2,primary,200,2,True,True,True,100,100,0,98,2,0,2,0,0.98,105
training/exp_ar_neg06_fixed6/self_evolve_h200_r3,exp_ar_neg06_fixed6,self_evolve_h200_r3,primary,200,3,True,True,True,100,100,0,100,0,0,0,0,1.0,101
training/exp_ar_pos08_fixed6/self_evolve_h100_r1,exp_ar_pos08_fixed6,self_evolve_h100_r1,horizon_extension,100,1,True,True,True,100,100,0,99,1,1,0,0,0.99,100
training/exp_ar_pos08_fixed6/self_evolve_h100_r2,exp_ar_pos08_fixed6,self_evolve_h100_r2,horizon_extension,100,2,True,True,True,100,100,0,100,0,0,0,0,1.0,101
training/exp_ar_pos08_fixed6/self_evolve_h100_r3,exp_ar_pos08_fixed6,self_evolve_h100_r3,horizon_extension,100,3,True,True,True,100,100,0,100,0,0,0,0,1.0,100
training/exp_ar_pos08_fixed6/self_evolve_h200_r1,exp_ar_pos08_fixed6,self_evolve_h200_r1,primary,200,1,True,True,True,100,100,0,100,0,0,0,0,1.0,101
training/exp_ar_pos08_fixed6/self_evolve_h200_r2,exp_ar_pos08_fixed6,self_evolve_h200_r2,primary,200,2,True,True,True,100,100,0,100,0,0,0,0,1.0,103
training/exp_ar_pos08_fixed6/self_evolve_h200_r3,exp_ar_pos08_fixed6,self_evolve_h200_r3,primary,200,3,True,True,True,100,100,0,100,0,0,0,0,1.0,101
training/exp_ar_pos08_fixed6/self_evolve_h500_r1,exp_ar_pos08_fixed6,self_evolve_h500_r1,horizon_extension,500,1,True,True,True,100,100,0,100,0,0,0,0,1.0,104
training/exp_ar_pos08_fixed6/self_evolve_h500_r2,exp_ar_pos08_fixed6,self_evolve_h500_r2,horizon_extension,500,2,True,True,True,100,100,0,97,3,0,3,0,0.97,107
training/exp_ar_pos08_fixed6/self_evolve_h500_r3,exp_ar_pos08_fixed6,self_evolve_h500_r3,horizon_extension,500,3,True,True,True,100,100,0,100,0,0,0,0,1.0,100
training/exp_ar_pos08_fixed6/self_evolve_h50_r1,exp_ar_pos08_fixed6,self_evolve_h50_r1,horizon_extension,50,1,True,True,True,100,100,0,99,1,1,0,0,0.99,101
training/exp_ar_pos08_fixed6/self_evolve_h50_r2,exp_ar_pos08_fixed6,self_evolve_h50_r2,horizon_extension,50,2,True,True,True,100,100,0,99,1,1,0,0,0.99,100
training/exp_ar_pos08_fixed6/self_evolve_h50_r3,exp_ar_pos08_fixed6,self_evolve_h50_r3,horizon_extension,50,3,True,True,True,100,100,0,98,2,1,1,0,0.98,100
training/exp_iid_fixed6/self_evolve_h200_r1,exp_iid_fixed6,self_evolve_h200_r1,primary,200,1,True,True,True,100,100,0,100,0,0,0,0,1.0,102
training/exp_iid_fixed6/self_evolve_h200_r2,exp_iid_fixed6,self_evolve_h200_r2,primary,200,2,True,True,True,100,100,0,100,0,0,0,0,1.0,100
training/exp_iid_fixed6/self_evolve_h200_r3,exp_iid_fixed6,self_evolve_h200_r3,primary,200,3,True,True,True,100,100,0,100,0,0,0,0,1.0,105
training/exp_iid_random3_9/self_evolve_h200_r1,exp_iid_random3_9,self_evolve_h200_r1,primary,200,1,True,True,True,100,100,0,98,2,1,1,0,0.98,101
training/exp_iid_random3_9/self_evolve_h200_r2,exp_iid_random3_9,self_evolve_h200_r2,primary,200,2,True,True,True,100,100,0,99,1,0,1,0,0.99,102
training/exp_iid_random3_9/self_evolve_h200_r3,exp_iid_random3_9,self_evolve_h200_r3,primary,200,3,True,True,True,100,100,0,100,0,0,0,0,1.0,100
training/exp_regime095_fixed6/self_evolve_h200_r1,exp_regime095_fixed6,self_evolve_h200_r1,primary,200,1,True,True,True,100,100,0,99,1,0,1,0,0.99,106
training/exp_regime095_fixed6/self_evolve_h200_r2,exp_regime095_fixed6,self_evolve_h200_r2,primary,200,2,True,True,True,100,100,0,100,0,0,0,0,1.0,101
training/exp_regime095_fixed6/self_evolve_h200_r3,exp_regime095_fixed6,self_evolve_h200_r3,primary,200,3,True,True,True,100,100,0,100,0,0,0,0,1.0,106
training/exp_regime095_random3_9/self_evolve_h200_r1,exp_regime095_random3_9,self_evolve_h200_r1,primary,200,1,True,True,True,100,100,0,100,0,0,0,0,1.0,104
training/exp_regime095_random3_9/self_evolve_h200_r2,exp_regime095_random3_9,self_evolve_h200_r2,primary,200,2,True,True,True,100,100,0,98,2,0,2,0,0.98,112
training/exp_regime095_random3_9/self_evolve_h200_r3,exp_regime095_random3_9,self_evolve_h200_r3,primary,200,3,True,True,True,100,100,0,100,0,0,0,0,1.0,104
