scenario_id,family,mode,source_training_horizon,evaluation_horizon,comparison_type,n_valid_repeats,n_planned_repeats,policy_ids,provenance_complete,mean_cost_per_period_mean,mean_cost_per_period_sd,holding_per_period_mean,holding_per_period_sd,lost_units_per_period_mean,lost_units_per_period_sd,fill_rate_mean,fill_rate_sd,orders_per_period_mean,orders_per_period_sd
exp_ar_pos08_fixed6,constant_order,steady,50,50,separately_retrained_at_each_horizon,1,1,"[""baseline_h50_constant_order""]",True,172.8692599286782,,14.578630595873523,,79.14531466640234,,0.21858687193293558,,22.13008572299902,
exp_ar_pos08_fixed6,base_stock,steady,50,50,separately_retrained_at_each_horizon,1,1,"[""baseline_h50_base_stock""]",True,168.27406694847446,,23.743687722369618,,72.26518961305241,,0.2865153407512292,,28.99146588577664,
exp_ar_pos08_fixed6,capped_base_stock,steady,50,50,separately_retrained_at_each_horizon,1,1,"[""baseline_h50_capped_base_stock""]",True,165.32411596238947,,22.824676805716912,,71.24971957833628,,0.29654122313770404,,30.04307514202749,
exp_ar_pos08_fixed6,forecast_capped_base_stock,steady,50,50,separately_retrained_at_each_horizon,1,1,"[""baseline_h50_forecast_capped_base_stock""]",True,163.761349988357,,25.968325968614973,,68.89651200987103,,0.31977478149572175,,32.311484521418464,
exp_ar_pos08_fixed6,conditional_pil,steady,50,50,separately_retrained_at_each_horizon,1,1,"[""baseline_h50_conditional_pil""]",True,163.1336811588136,,23.039056678120506,,70.04731224034654,,0.3084127645315273,,31.226449565491826,
exp_ar_pos08_fixed6,forecast_adaptive_pil,steady,50,50,separately_retrained_at_each_horizon,1,1,"[""baseline_h50_forecast_adaptive_pil""]",True,163.2837937640951,,25.129220112264466,,69.07728682591532,,0.3179899656152578,,32.1370385326947,
exp_ar_pos08_fixed6,pil_cop_continuation,steady,50,50,separately_retrained_at_each_horizon,1,1,"[""baseline_h50_pil_cop_continuation""]",True,163.1336811588136,,23.039056678120506,,70.04731224034654,,0.3084127645315273,,31.226449565491826,
exp_ar_pos08_fixed6,self_evolve,steady,50,50,separately_retrained_at_each_horizon,3,3,"[""self_evolve_h50_r1"", ""self_evolve_h50_r2"", ""self_evolve_h50_r3""]",True,165.67542776765725,2.425122267699076,23.074220591709167,1.7847522916620364,71.30060358797404,1.8594827445948516,0.2960388379578962,0.018358941829533345,29.9932281946335,1.8855967702499372
exp_ar_pos08_fixed6,constant_order,steady,100,100,separately_retrained_at_each_horizon,1,1,"[""baseline_h100_constant_order""]",True,171.36206240107043,,16.82564960381805,,77.26820639862619,,0.23019078156351364,,23.11086389553574,
exp_ar_pos08_fixed6,base_stock,steady,100,100,separately_retrained_at_each_horizon,1,1,"[""baseline_h100_base_stock""]",True,167.53318546662314,,26.544921209693115,,70.494132128465,,0.29767966298830906,,29.872968997658845,
exp_ar_pos08_fixed6,capped_base_stock,steady,100,100,separately_retrained_at_each_horizon,1,1,"[""baseline_h100_capped_base_stock""]",True,164.59136462346004,,25.505877051378338,,69.54274378604086,,0.3071581736260834,,30.83557858977627,
exp_ar_pos08_fixed6,forecast_capped_base_stock,steady,100,100,separately_retrained_at_each_horizon,1,1,"[""baseline_h100_forecast_capped_base_stock""]",True,162.3720496418168,,25.856848309171546,,68.25760066632262,,0.3199618229752794,,32.09035879013677,
exp_ar_pos08_fixed6,conditional_pil,steady,100,100,separately_retrained_at_each_horizon,1,1,"[""baseline_h100_conditional_pil""]",True,162.44720079461723,,27.50278916959025,,67.4722058125135,,0.32778657039410386,,32.89492836690468,
exp_ar_pos08_fixed6,forecast_adaptive_pil,steady,100,100,separately_retrained_at_each_horizon,1,1,"[""baseline_h100_forecast_adaptive_pil""]",True,161.93011891898007,,26.241943102977032,,67.84408790800151,,0.32408157608116167,,32.51067445437304,
exp_ar_pos08_fixed6,pil_cop_continuation,steady,100,100,separately_retrained_at_each_horizon,1,1,"[""baseline_h100_pil_cop_continuation""]",True,162.44720079461723,,27.50278916959025,,67.4722058125135,,0.32778657039410386,,32.89492836690468,
exp_ar_pos08_fixed6,self_evolve,steady,100,100,separately_retrained_at_each_horizon,3,3,"[""self_evolve_h100_r1"", ""self_evolve_h100_r2"", ""self_evolve_h100_r3""]",True,166.39810352426193,1.8499025267950961,27.102270908060202,1.0282672701463844,69.64791630810087,1.4390845544416748,0.3061103587384137,0.01433734012672081,30.714244237021543,1.4314409980947482
exp_ar_pos08_fixed6,constant_order,steady,200,200,separately_retrained_at_each_horizon,1,1,"[""baseline_h200_constant_order""]",True,171.24003630940388,,18.72915888438945,,76.25543871250723,,0.23946855661254343,,24.011917664300935,
exp_ar_pos08_fixed6,base_stock,steady,200,200,separately_retrained_at_each_horizon,1,1,"[""baseline_h200_base_stock""]",True,167.61434851404044,,26.81947959744015,,70.39743445830015,,0.2978931949864519,,29.865429274062492,
exp_ar_pos08_fixed6,capped_base_stock,steady,200,200,separately_retrained_at_each_horizon,1,1,"[""baseline_h200_capped_base_stock""]",True,164.60430686398055,,24.990426057975675,,69.80694040300244,,0.3037824706075706,,30.455748641161964,
exp_ar_pos08_fixed6,forecast_capped_base_stock,steady,200,200,separately_retrained_at_each_horizon,1,1,"[""baseline_h200_forecast_capped_base_stock""]",True,162.45013042599842,,23.565534021363842,,69.44229820231728,,0.30741921919743304,,30.80851413825102,
exp_ar_pos08_fixed6,conditional_pil,steady,200,200,separately_retrained_at_each_horizon,1,1,"[""baseline_h200_conditional_pil""]",True,162.47453944886703,,26.951942833947243,,67.7612983074599,,0.32418462371093926,,32.49302380260424,
exp_ar_pos08_fixed6,forecast_adaptive_pil,steady,200,200,separately_retrained_at_each_horizon,1,1,"[""baseline_h200_forecast_adaptive_pil""]",True,161.81033978872654,,25.623714481426077,,68.09331265365023,,0.320873288097417,,32.155524874271094,
exp_ar_pos08_fixed6,pil_cop_continuation,steady,200,200,separately_retrained_at_each_horizon,1,1,"[""baseline_h200_pil_cop_continuation""]",True,162.47453944886703,,26.951942833947243,,67.7612983074599,,0.32418462371093926,,32.49302380260424,
exp_ar_pos08_fixed6,self_evolve,steady,200,200,separately_retrained_at_each_horizon,3,3,"[""self_evolve_h200_r1"", ""self_evolve_h200_r2"", ""self_evolve_h200_r3""]",True,166.17068822022603,2.4593585505645934,25.920573240013997,2.0464370251196393,70.12505749010602,0.20646482571879798,0.30060973891123566,0.0020591710514532183,30.13574766327739,0.20457366488632533
exp_ar_pos08_fixed6,constant_order,steady,500,500,separately_retrained_at_each_horizon,1,1,"[""baseline_h500_constant_order""]",True,170.54737390043292,,16.637948460488765,,76.95471271997206,,0.22897099797821424,,22.850638312270732,
exp_ar_pos08_fixed6,base_stock,steady,500,500,separately_retrained_at_each_horizon,1,1,"[""baseline_h500_base_stock""]",True,167.12310344595133,,24.7207000186765,,71.2012017136374,,0.28661690025684444,,28.605364455496566,
exp_ar_pos08_fixed6,capped_base_stock,steady,500,500,separately_retrained_at_each_horizon,1,1,"[""baseline_h500_capped_base_stock""]",True,164.17304242421045,,23.94375437852089,,70.11464402284479,,0.2975034004120652,,29.69157842404892,
exp_ar_pos08_fixed6,forecast_capped_base_stock,steady,500,500,separately_retrained_at_each_horizon,1,1,"[""baseline_h500_forecast_capped_base_stock""]",True,161.66927757175628,,25.23849584901575,,68.21539086137027,,0.3165325049063811,,31.586744192570677,
exp_ar_pos08_fixed6,conditional_pil,steady,500,500,separately_retrained_at_each_horizon,1,1,"[""baseline_h500_conditional_pil""]",True,162.05094393179965,,24.96186041746663,,68.5445417571665,,0.3132346576696064,,31.260081677650057,
exp_ar_pos08_fixed6,forecast_adaptive_pil,steady,500,500,separately_retrained_at_each_horizon,1,1,"[""baseline_h500_forecast_adaptive_pil""]",True,161.39472251414597,,24.44472140700718,,68.4750005535694,,0.3139314088225083,,31.327789123065017,
exp_ar_pos08_fixed6,pil_cop_continuation,steady,500,500,separately_retrained_at_each_horizon,1,1,"[""baseline_h500_pil_cop_continuation""]",True,162.05094393179965,,24.96186041746663,,68.5445417571665,,0.3132346576696064,,31.260081677650057,
exp_ar_pos08_fixed6,self_evolve,steady,500,500,separately_retrained_at_each_horizon,3,3,"[""self_evolve_h500_r1"", ""self_evolve_h500_r2"", ""self_evolve_h500_r3""]",True,165.5995945548866,2.4261342852923327,24.583653069815416,0.14044074997278966,70.50797074253559,1.142853467907265,0.29356255913759693,0.011450541983362927,29.298284248234495,1.1419714115564439
exp_ar_pos08_fixed6,constant_order,cold_start,50,50,separately_retrained_at_each_horizon,1,1,"[""baseline_h50_constant_order""]",True,173.57632950880677,,11.499820366532324,,81.03825457113722,,0.19125468809128268,,22.13008572299902,
exp_ar_pos08_fixed6,base_stock,cold_start,50,50,separately_retrained_at_each_horizon,1,1,"[""baseline_h50_base_stock""]",True,178.23733965296753,,29.789874931005155,,74.22373236098119,,0.2592622348915861,,29.903803942346777,
exp_ar_pos08_fixed6,capped_base_stock,cold_start,50,50,separately_retrained_at_each_horizon,1,1,"[""baseline_h50_capped_base_stock""]",True,167.98153837971225,,20.420714172442285,,73.78041210363499,,0.2636864809677177,,30.479434914653915,
exp_ar_pos08_fixed6,forecast_capped_base_stock,cold_start,50,50,separately_retrained_at_each_horizon,1,1,"[""baseline_h50_forecast_capped_base_stock""]",True,166.37138039392173,,21.735803134664444,,72.31778862962864,,0.27828316600184433,,32.2780568581104,
exp_ar_pos08_fixed6,conditional_pil,cold_start,50,50,separately_retrained_at_each_horizon,1,1,"[""baseline_h50_conditional_pil""]",True,165.9771752513858,,20.858911461659094,,72.55913189486337,,0.2758746092609291,,31.84327625921852,
exp_ar_pos08_fixed6,forecast_adaptive_pil,cold_start,50,50,separately_retrained_at_each_horizon,1,1,"[""baseline_h50_forecast_adaptive_pil""]",True,165.96635575377763,,21.130295058198172,,72.41803034778972,,0.2772827740258636,,32.13679276553357,
exp_ar_pos08_fixed6,pil_cop_continuation,cold_start,50,50,separately_retrained_at_each_horizon,1,1,"[""baseline_h50_pil_cop_continuation""]",True,165.9771752513858,,20.858911461659094,,72.55913189486337,,0.2758746092609291,,31.84327625921852,
exp_ar_pos08_fixed6,self_evolve,cold_start,50,50,separately_retrained_at_each_horizon,3,3,"[""self_evolve_h50_r1"", ""self_evolve_h50_r2"", ""self_evolve_h50_r3""]",True,170.74715001644995,2.9619413228363434,25.57221893358572,2.296159891494,72.5874655414321,1.1413670119438275,0.2755918452261777,0.011390610828945462,31.680737010714097,1.3962766979804924
exp_ar_pos08_fixed6,constant_order,cold_start,100,100,separately_retrained_at_each_horizon,1,1,"[""baseline_h100_constant_order""]",True,171.5126918518638,,14.106269235536754,,78.7032113081635,,0.215081249002862,,23.11086389553574,
exp_ar_pos08_fixed6,base_stock,cold_start,100,100,separately_retrained_at_each_horizon,1,1,"[""baseline_h100_base_stock""]",True,173.167823014312,,29.374026924003864,,71.89689804515406,,0.28296161648085943,,30.421512895919317,
exp_ar_pos08_fixed6,capped_base_stock,cold_start,100,100,separately_retrained_at_each_horizon,1,1,"[""baseline_h100_capped_base_stock""]",True,166.09071762431037,,23.62181025556239,,71.23445368437399,,0.2895682719352688,,31.135191941875895,
exp_ar_pos08_fixed6,forecast_capped_base_stock,cold_start,100,100,separately_retrained_at_each_horizon,1,1,"[""baseline_h100_forecast_capped_base_stock""]",True,164.11141667416058,,23.754892803947683,,70.17826193510646,,0.3001018282523356,,32.2724565066131,
exp_ar_pos08_fixed6,conditional_pil,cold_start,100,100,separately_retrained_at_each_horizon,1,1,"[""baseline_h100_conditional_pil""]",True,164.16289708278552,,25.789762354260482,,69.18656736426252,,0.30999214468262243,,33.32489328378512,
exp_ar_pos08_fixed6,forecast_adaptive_pil,cold_start,100,100,separately_retrained_at_each_horizon,1,1,"[""baseline_h100_forecast_adaptive_pil""]",True,163.8817158452961,,24.323114906553037,,69.7793004693715,,0.304080729877512,,32.698681348673205,
exp_ar_pos08_fixed6,pil_cop_continuation,cold_start,100,100,separately_retrained_at_each_horizon,1,1,"[""baseline_h100_pil_cop_continuation""]",True,164.16289708278552,,25.789762354260482,,69.18656736426252,,0.30999214468262243,,33.32489328378512,
exp_ar_pos08_fixed6,self_evolve,cold_start,100,100,separately_retrained_at_each_horizon,3,3,"[""self_evolve_h100_r1"", ""self_evolve_h100_r2"", ""self_evolve_h100_r3""]",True,170.81386229307438,3.8709207519038924,28.722328558143772,1.029132839548376,71.0457668674653,1.4208995653409253,0.29145007342971724,0.014170841234836489,31.33086739124757,1.5192810973145547
exp_ar_pos08_fixed6,constant_order,cold_start,200,200,separately_retrained_at_each_horizon,1,1,"[""baseline_h200_constant_order""]",True,170.23204751673921,,17.191849750797697,,76.52009888297076,,0.2326357503128968,,24.011917664300935,
exp_ar_pos08_fixed6,base_stock,cold_start,200,200,separately_retrained_at_each_horizon,1,1,"[""baseline_h200_base_stock""]",True,169.54384283395947,,28.29083572275038,,70.62650355560453,,0.2917383184271975,,30.12606314076097,
exp_ar_pos08_fixed6,capped_base_stock,cold_start,200,200,separately_retrained_at_each_horizon,1,1,"[""baseline_h200_capped_base_stock""]",True,164.34588365903193,,24.04395838911413,,70.15096263495892,,0.29650717140953403,,30.60939654344994,
exp_ar_pos08_fixed6,forecast_capped_base_stock,cold_start,200,200,separately_retrained_at_each_horizon,1,1,"[""baseline_h200_forecast_capped_base_stock""]",True,162.32822066139653,,22.542389572140124,,69.89291554462821,,0.29909493743109145,,30.861718124615923,
exp_ar_pos08_fixed6,conditional_pil,cold_start,200,200,separately_retrained_at_each_horizon,1,1,"[""baseline_h200_conditional_pil""]",True,162.41724593078268,,26.100293664615993,,68.15847613308335,,0.31648836500236777,,32.66945185172573,
exp_ar_pos08_fixed6,forecast_adaptive_pil,cold_start,200,200,separately_retrained_at_each_horizon,1,1,"[""baseline_h200_forecast_adaptive_pil""]",True,161.793616976742,,24.74560429104404,,68.52400634284899,,0.31282272918577325,,32.2820108444846,
exp_ar_pos08_fixed6,pil_cop_continuation,cold_start,200,200,separately_retrained_at_each_horizon,1,1,"[""baseline_h200_pil_cop_continuation""]",True,162.41724593078268,,26.100293664615993,,68.15847613308335,,0.31648836500236777,,32.66945185172573,
exp_ar_pos08_fixed6,self_evolve,cold_start,200,200,separately_retrained_at_each_horizon,3,3,"[""self_evolve_h200_r1"", ""self_evolve_h200_r2"", ""self_evolve_h200_r3""]",True,167.3842391027766,3.2784349768192187,26.803310503225063,2.847349489382407,70.29046429977576,0.21559058576356496,0.2951082109806405,0.0021620007096054567,30.46243824641971,0.20721256594116402
exp_ar_pos08_fixed6,constant_order,cold_start,500,500,separately_retrained_at_each_horizon,1,1,"[""baseline_h500_constant_order""]",True,170.67403762920156,,15.560004766943011,,77.55701643112927,,0.225193319481855,,22.850638312270732,
exp_ar_pos08_fixed6,base_stock,cold_start,500,500,separately_retrained_at_each_horizon,1,1,"[""baseline_h500_base_stock""]",True,168.2324600647919,,24.798584503478676,,71.71693778065661,,0.28353661530932883,,28.775901715265,
exp_ar_pos08_fixed6,capped_base_stock,cold_start,500,500,separately_retrained_at_each_horizon,1,1,"[""baseline_h500_capped_base_stock""]",True,164.42417839918303,,23.06799918419589,,70.67808960749358,,0.293914870451796,,29.825035085590734,
exp_ar_pos08_fixed6,forecast_capped_base_stock,cold_start,500,500,separately_retrained_at_each_horizon,1,1,"[""baseline_h500_forecast_capped_base_stock""]",True,161.99077054741483,,24.370232028211593,,68.81026925960163,,0.3125746868056075,,31.72122433597659,
exp_ar_pos08_fixed6,conditional_pil,cold_start,500,500,separately_retrained_at_each_horizon,1,1,"[""baseline_h500_conditional_pil""]",True,162.32876588249084,,24.12862911593983,,69.1000683832755,,0.309679548398237,,31.425219627508987,
exp_ar_pos08_fixed6,forecast_adaptive_pil,cold_start,500,500,separately_retrained_at_each_horizon,1,1,"[""baseline_h500_forecast_adaptive_pil""]",True,161.69933318137242,,23.623318738949934,,69.03800722121126,,0.310299549078779,,31.488028396733135,
exp_ar_pos08_fixed6,pil_cop_continuation,cold_start,500,500,separately_retrained_at_each_horizon,1,1,"[""baseline_h500_pil_cop_continuation""]",True,162.32876588249084,,24.12862911593983,,69.1000683832755,,0.309679548398237,,31.425219627508987,
exp_ar_pos08_fixed6,self_evolve,cold_start,500,500,separately_retrained_at_each_horizon,3,3,"[""self_evolve_h500_r1"", ""self_evolve_h500_r2"", ""self_evolve_h500_r3""]",True,166.3993772164731,2.8606019424302818,24.40460247950789,0.5428807779130592,70.9973873684826,1.1588625879194883,0.2907250360606231,0.011577217848754024,29.503150364330764,1.1716965944348856
