scenario_id,mode,horizon,n_valid_repeats,n_planned_repeats,family,source_training_horizon,repeats,selection,mean_cost_per_period_mean,mean_cost_per_period_sd,holding_per_period_mean,holding_per_period_sd,lost_units_per_period_mean,lost_units_per_period_sd,fill_rate_mean,fill_rate_sd,orders_per_period_mean,orders_per_period_sd
exp_ar_neg06_fixed6,cold_start,50,3,3,self_evolve,200,"[1, 2, 3]",all primary repeats; no test-based best selection,122.38232778161944,14.117773265868093,43.38069510893086,11.4445215052034,39.50081633634429,1.432422621006972,0.60297277144068,0.014397443802213528,68.68289982809165,1.5504888293739316
exp_ar_neg06_fixed6,cold_start,100,3,3,self_evolve,200,"[1, 2, 3]",all primary repeats; no test-based best selection,112.66226146186648,8.830383749761602,39.44789688466301,6.227727645561332,36.60718228860171,1.3155396956626146,0.6334640749329928,0.013172075236782365,67.59672338429824,1.3727787485583511
exp_ar_neg06_fixed6,cold_start,200,3,3,self_evolve,200,"[1, 2, 3]",all primary repeats; no test-based best selection,107.24024562040749,6.137371480286451,37.582425378575294,3.6028875648253127,34.82891012091609,1.2672427846321577,0.6507076023652814,0.012708932581948449,67.04881696971258,1.2977283846214147
exp_ar_neg06_fixed6,cold_start,500,3,3,self_evolve,200,"[1, 2, 3]",all primary repeats; no test-based best selection,104.04581413604684,4.380748256567363,36.31455887182771,1.9344019124812257,33.86562763210957,1.2325698865139718,0.6604334955414455,0.012358827434445331,66.73513251165828,1.244908407827368
exp_ar_neg06_fixed6,steady,50,3,3,self_evolve,200,"[1, 2, 3]",all primary repeats; no test-based best selection,101.34201943237274,3.024942716897476,35.553177054086184,0.7376004770358389,32.89442118914327,1.1816815580454527,0.6691082378058195,0.011886778333800785,66.5324007361178,1.1869351765723057
exp_ar_neg06_fixed6,steady,100,3,3,self_evolve,200,"[1, 2, 3]",all primary repeats; no test-based best selection,101.66111734719719,3.126770777935003,35.71391836559258,0.7897329369284889,32.97359949080229,1.2088246807462049,0.66857535370915,0.012150153408508436,66.5092661685154,1.217791178827775
exp_ar_neg06_fixed6,steady,200,3,3,self_evolve,200,"[1, 2, 3]",all primary repeats; no test-based best selection,101.88594888000193,3.105275838535983,35.56468042337719,0.8025866471916014,33.16063422831237,1.198667766851371,0.6673300424095828,0.012025124502081598,66.52622322174834,1.197585930327149
exp_ar_neg06_fixed6,steady,500,3,3,self_evolve,200,"[1, 2, 3]",all primary repeats; no test-based best selection,102.18883884585283,3.1852865835133986,35.43218102891581,0.8811346334732549,33.37832890846851,1.2056043112326165,0.6658933078646723,0.012067724227734602,66.5286955852264,1.204992520455973
exp_ar_pos08_fixed6,cold_start,50,3,3,self_evolve,200,"[1, 2, 3]",all primary repeats; no test-based best selection,174.4759807915566,5.647582098059247,28.903773396395025,5.06333914200707,72.7861036975808,0.2925130521671664,0.27360947679534703,0.0029192208157030313,31.551777062194635,0.2792947020127031
exp_ar_pos08_fixed6,cold_start,100,3,3,self_evolve,200,"[1, 2, 3]",all primary repeats; no test-based best selection,170.30289334862005,4.0309709542856975,27.375101487980526,3.563339804589893,71.46389593031977,0.2339530327922601,0.2872800105273756,0.0023332481513654384,30.86603953005603,0.22488398752657593
exp_ar_pos08_fixed6,cold_start,200,3,3,self_evolve,200,"[1, 2, 3]",all primary repeats; no test-based best selection,167.3842391027766,3.2784349768192187,26.803310503225063,2.847349489382407,70.29046429977576,0.21559058576356496,0.2951082109806405,0.0021620007096054567,30.46243824641971,0.20721256594116402
exp_ar_pos08_fixed6,cold_start,500,3,3,self_evolve,200,"[1, 2, 3]",all primary repeats; no test-based best selection,166.62117410365923,2.793220863051788,26.167562321280716,2.37749033013592,70.22680589118926,0.20788035907073665,0.2984232651050655,0.0020767571828856335,30.285943255918657,0.20496888440104033
exp_ar_pos08_fixed6,steady,50,3,3,self_evolve,200,"[1, 2, 3]",all primary repeats; no test-based best selection,166.84026581954274,2.454689532037106,24.86988310745105,2.0439943660364155,70.98519135604585,0.20534987058267,0.29915294850026347,0.0020274489449758192,30.28605176018084,0.23217964136318858
exp_ar_pos08_fixed6,steady,100,3,3,self_evolve,200,"[1, 2, 3]",all primary repeats; no test-based best selection,166.12162689400347,2.4594624353660106,25.691875183315005,2.0515317091878007,70.21487585534423,0.20396806590627314,0.30046184292200057,0.0020320970903771386,30.157438162052216,0.21730164690481124
exp_ar_pos08_fixed6,steady,200,3,3,self_evolve,200,"[1, 2, 3]",all primary repeats; no test-based best selection,166.17068822022603,2.4593585505645934,25.920573240013997,2.0464370251196393,70.12505749010602,0.20646482571879798,0.30060973891123566,0.0020591710514532183,30.13574766327739,0.20457366488632533
exp_ar_pos08_fixed6,steady,500,3,3,self_evolve,200,"[1, 2, 3]",all primary repeats; no test-based best selection,165.81710390638884,2.405882350975689,26.341268992949278,2.01393712911999,69.73791745671979,0.19597646072364538,0.3012779204907953,0.001963538418775783,30.069414233431427,0.19622328214862914
exp_iid_fixed6,cold_start,50,3,3,self_evolve,200,"[1, 2, 3]",all primary repeats; no test-based best selection,145.21779853398678,3.627068652129445,50.74670740231809,5.0652368239030165,47.23554556583435,2.0148186403357093,0.5284353200134874,0.020114456094013855,60.42553775514073,2.140966552089561
exp_iid_fixed6,cold_start,100,3,3,self_evolve,200,"[1, 2, 3]",all primary repeats; no test-based best selection,134.76552244684058,1.6098695698766363,43.86691148605217,2.205855083446421,45.449305480394194,1.6365535501704593,0.5455667043503604,0.016363383674408365,58.3216390894702,1.7544671227137383
exp_iid_fixed6,cold_start,200,3,3,self_evolve,200,"[1, 2, 3]",all primary repeats; no test-based best selection,129.7869317713233,0.8371277911268065,40.71477004408161,2.5791953371902983,44.536080863620846,1.6744532023743364,0.5544435062172832,0.016751889330759856,57.27129721290981,1.7399448110773157
exp_iid_fixed6,cold_start,500,3,3,self_evolve,200,"[1, 2, 3]",all primary repeats; no test-based best selection,126.81529130544713,0.9110180608235439,38.8702148931332,3.3203238846260743,43.97253820615696,1.7440532230155283,0.5596054099690534,0.017467074575979995,56.62447151779443,1.7737077960993937
exp_iid_fixed6,steady,50,3,3,self_evolve,200,"[1, 2, 3]",all primary repeats; no test-based best selection,124.81863208348796,1.1250186595519485,37.015781736390984,3.9230258103225477,43.90142517354847,1.8163638467265297,0.5616816553791985,0.018134846223760857,56.2308902312566,1.8218703474207407
exp_iid_fixed6,steady,100,3,3,self_evolve,200,"[1, 2, 3]",all primary repeats; no test-based best selection,125.06945714536312,1.1812808054750623,37.28208690241824,3.8943736170569716,43.89368512147243,1.8345485489960727,0.5615718817419416,0.018324222857194903,56.21730946490334,1.838785395137083
exp_iid_fixed6,steady,200,3,3,self_evolve,200,"[1, 2, 3]",all primary repeats; no test-based best selection,124.97485777596047,1.1343235005642118,37.50331921526032,3.939450516791045,43.73576928035007,1.825521774369749,0.5623738671928931,0.01826642237276331,56.206807705400415,1.8233473101578055
exp_iid_fixed6,steady,500,3,3,self_evolve,200,"[1, 2, 3]",all primary repeats; no test-based best selection,125.09916598558567,1.1342365089124367,37.41595167561936,3.929277986547924,43.84160715498316,1.8194075966081986,0.5618114180617951,0.018184635246309127,56.20777987191439,1.818251327873631
exp_iid_random3_9,cold_start,50,3,3,self_evolve,200,"[1, 2, 3]",all primary repeats; no test-based best selection,151.79588996260213,8.893002571785903,45.00955800136341,5.898238121684509,53.39316598061936,2.4351720834325294,0.4669622012934025,0.02431095333990491,53.644472266042946,2.4161950356930886
exp_iid_random3_9,cold_start,100,3,3,self_evolve,200,"[1, 2, 3]",all primary repeats; no test-based best selection,145.4046321495995,7.6179601278555715,41.85053583146408,4.370227920713367,51.77704815906771,2.0067646784338025,0.4822975976148805,0.020065008183840174,51.681178198606624,1.9826217775552726
exp_iid_random3_9,cold_start,200,3,3,self_evolve,200,"[1, 2, 3]",all primary repeats; no test-based best selection,142.44244106686676,6.780471575596854,40.503366219562444,3.480662689707162,50.96953742365218,1.8202340554861443,0.4900806729323177,0.01821033840202097,50.67865413164645,1.798089215636198
exp_iid_random3_9,cold_start,500,3,3,self_evolve,200,"[1, 2, 3]",all primary repeats; no test-based best selection,140.80468788911045,6.3423106854464555,39.832499622672685,3.0475763226675707,50.48609413321888,1.7237466506881045,0.49437072238532814,0.017263699811640817,50.04569012420558,1.7194041361074626
exp_iid_random3_9,steady,50,3,3,self_evolve,200,"[1, 2, 3]",all primary repeats; no test-based best selection,139.78600803685302,5.848417922389577,38.955860967165144,2.8192952748023927,50.41507353484394,1.536899326208649,0.4966484234082862,0.015344630973813698,49.710698337216535,1.5265252619392438
exp_iid_random3_9,steady,100,3,3,self_evolve,200,"[1, 2, 3]",all primary repeats; no test-based best selection,140.16011424980508,5.8765253258879,39.25822394196377,2.7318817740146297,50.45094515392065,1.5983784964913383,0.4960752808300106,0.01596525957074469,49.679667045677654,1.610939635313624
exp_iid_random3_9,steady,200,3,3,self_evolve,200,"[1, 2, 3]",all primary repeats; no test-based best selection,139.94601253043194,5.921127118998577,39.31549120601116,2.648244583298431,50.31526066221039,1.6599919238368985,0.4965385699828615,0.01661010788362098,49.64130671837767,1.6632620214867726
exp_iid_random3_9,steady,500,3,3,self_evolve,200,"[1, 2, 3]",all primary repeats; no test-based best selection,139.92854442719516,5.906696565505958,39.16264917052548,2.7061935512073405,50.38294762833485,1.626755145535565,0.49643195567438214,0.01625911038943037,49.66833490651482,1.626857363579507
exp_regime095_fixed6,cold_start,50,3,3,self_evolve,200,"[1, 2, 3]",all primary repeats; no test-based best selection,161.5782905369524,5.971651963379532,25.998327392134268,4.259598364166619,67.78998157240908,2.7610318192260297,0.3184672173713052,0.02775828603336515,36.34068486590734,3.216751460309608
exp_regime095_fixed6,cold_start,100,3,3,self_evolve,200,"[1, 2, 3]",all primary repeats; no test-based best selection,158.19163204954563,4.38478546517033,25.339133276385496,4.061999014790963,66.42624938658007,2.9338560635293622,0.33356049142899763,0.02943471310291341,35.582341176098986,3.1672573556588
exp_regime095_fixed6,cold_start,200,3,3,self_evolve,200,"[1, 2, 3]",all primary repeats; no test-based best selection,156.02947576389136,3.543841518979267,24.79665103357159,4.1919272203974725,65.61641236515987,3.019138072993642,0.3415527247176062,0.03029643295340431,35.20640956758474,3.1352560287961064
exp_regime095_fixed6,cold_start,500,3,3,self_evolve,200,"[1, 2, 3]",all primary repeats; no test-based best selection,155.1015173509036,3.0275974612878525,24.55882667152456,4.38576051566687,65.27134533968952,3.0744818816275377,0.34599961494679055,0.030805437270508884,34.990709546044656,3.115784125056471
exp_regime095_fixed6,steady,50,3,3,self_evolve,200,"[1, 2, 3]",all primary repeats; no test-based best selection,151.68201350830643,2.653128164738987,24.177005153075754,4.289738323662766,63.75250417761533,3.034557892615799,0.3523574020208053,0.030827164872090126,34.708602931503194,3.0625209858628715
exp_regime095_fixed6,steady,100,3,3,self_evolve,200,"[1, 2, 3]",all primary repeats; no test-based best selection,151.9384262287363,2.686629926332699,24.259449045484825,4.305642104408427,63.83948859162573,3.0347568433417655,0.3519456401332879,0.030806753732688187,34.70556792038477,3.057768730038233
exp_regime095_fixed6,steady,200,3,3,self_evolve,200,"[1, 2, 3]",all primary repeats; no test-based best selection,152.55988929909617,2.626147783677059,24.219957202365936,4.37371370848335,64.16996604836511,3.060493682475727,0.35117135669397376,0.030944943345470023,34.75493083828915,3.0670157782904037
exp_regime095_fixed6,steady,500,3,3,self_evolve,200,"[1, 2, 3]",all primary repeats; no test-based best selection,153.68663152708208,2.7135570981658304,24.171182013103216,4.417980377317529,64.75772475698942,3.100663662181676,0.3497843771226419,0.031132964630926862,34.84680078343003,3.1066546663757424
exp_regime095_random3_9,cold_start,50,3,3,self_evolve,200,"[1, 2, 3]",all primary repeats; no test-based best selection,157.4258190021327,3.141704975064476,22.961943661043815,2.7068299208700197,67.23193767054444,0.7887007435853848,0.32407756280060057,0.007929275093000596,37.088461547673084,1.1086195515447215
exp_regime095_random3_9,cold_start,100,3,3,self_evolve,200,"[1, 2, 3]",all primary repeats; no test-based best selection,156.23172204951825,2.7938724144460387,24.444706092964747,1.6369162518020721,65.89350797827677,1.0796282479168968,0.33890536526462317,0.010831665578373988,36.19565737519108,1.2549089305160521
exp_regime095_random3_9,cold_start,200,3,3,self_evolve,200,"[1, 2, 3]",all primary repeats; no test-based best selection,155.3668371265346,2.5603098628702483,25.05098530727091,1.269293732077106,65.15792590963184,1.2777639249058617,0.3461535425086839,0.012822099601031062,35.709009620731436,1.362038656455282
exp_regime095_random3_9,cold_start,500,3,3,self_evolve,200,"[1, 2, 3]",all primary repeats; no test-based best selection,155.34321276206614,2.417545540996964,25.66369904084822,1.2593022431207879,64.83975686060896,1.404433886932629,0.35032400921251705,0.014072029587495052,35.43507714898775,1.437350966966474
exp_regime095_random3_9,steady,50,3,3,self_evolve,200,"[1, 2, 3]",all primary repeats; no test-based best selection,152.43853686223963,2.1605211054619127,25.530911467683158,1.1688082685887016,63.45381269727824,1.4134733755096436,0.3553917193204179,0.01435905272895789,35.045315962048726,1.4260000953041527
exp_regime095_random3_9,steady,100,3,3,self_evolve,200,"[1, 2, 3]",all primary repeats; no test-based best selection,152.4178881671881,2.277767366093692,25.344116646290548,1.082117343203969,63.536885760448776,1.4159113990461887,0.35501745490465436,0.014373353790575649,35.04611256719118,1.4273568423110679
exp_regime095_random3_9,steady,200,3,3,self_evolve,200,"[1, 2, 3]",all primary repeats; no test-based best selection,153.12586305287564,2.3228688611423354,25.494857977219095,1.1538340353110241,63.81550253782828,1.4583877792041147,0.3547553710359754,0.014745897847006872,35.10864767564959,1.448603920643063
exp_regime095_random3_9,steady,500,3,3,self_evolve,200,"[1, 2, 3]",all primary repeats; no test-based best selection,154.34134036536454,2.2995702081498024,25.62813032858868,1.2360972177203569,64.35660501838792,1.4776216228929864,0.3538119170286825,0.014836417856121702,35.25256507313498,1.4805303039540223
