run,level,role,dataset,mean,standard_error,ci95_low,ci95_high,setup_seconds,api_cost_usd
l1_main,L1,main,excel,1300.6547288063746,17.89883660289155,1265.3590008328097,1335.9504567799395,2.305570791941136,0.3546604
l1_main,L1,main,validation,1296.4224178860622,16.877865344887322,1263.1400008662117,1329.7048349059128,2.305570791941136,0.3546604
l1_main,L1,main,fresh,1296.7114713343024,16.596644434203434,1263.9836097296554,1329.4393329389493,2.305570791941136,0.3546604
l2_main,L2,main,excel,1314.1709721226282,16.864203759032335,1280.9154951564094,1347.426449088847,1.4045304160099477,0.31507140000000006
l2_main,L2,main,validation,1301.997295622308,13.723973125869446,1274.9342170036145,1329.0603742410015,1.4045304160099477,0.31507140000000006
l2_main,L2,main,fresh,1301.2013895661999,11.571594777708343,1278.3827075168685,1324.0200716155312,1.4045304160099477,0.31507140000000006
l2_repeat_01,L2,stability,excel,1320.2062972428184,21.395359671774745,1278.0155777214422,1362.3970167641946,0.9303542089182884,0.2188784
l2_repeat_01,L2,stability,validation,1330.069490851243,19.083805876214797,1292.4370549644111,1367.701926738075,0.9303542089182884,0.2188784
l2_repeat_01,L2,stability,fresh,1330.0932580819976,22.523209918292753,1285.6784668860641,1374.5080492779311,0.9303542089182884,0.2188784
l2_repeat_02,L2,stability,excel,1317.953512685874,21.374718896094375,1275.803495877179,1360.103529494569,0.7936657499521971,0.2545813
l2_repeat_02,L2,stability,validation,1327.5735106433995,19.101067774510092,1289.907035043258,1365.239986243541,0.7936657499521971,0.2545813
l2_repeat_02,L2,stability,fresh,1328.2993343439825,22.61086249807913,1283.7116960697188,1372.8869726182463,0.7936657499521971,0.2545813
l2_repeat_03,L2,stability,excel,1307.6579593676688,17.474472585554718,1273.1990587952364,1342.1168599401012,2.012973542092368,0.3076784
l2_repeat_03,L2,stability,validation,1302.4833184221566,15.83368246221132,1271.2599846711948,1333.7066521731183,2.012973542092368,0.3076784
l2_repeat_03,L2,stability,fresh,1296.5689641923182,14.818284518160084,1267.347951062148,1325.7899773224883,2.012973542092368,0.3076784
l2_repeat_04,L2,stability,excel,1298.5502029839156,13.412097259135795,1272.1021300216219,1324.9982759462093,3.4918813339900225,0.30360519999999996
l2_repeat_04,L2,stability,validation,1296.6562236413793,11.69409864401756,1273.5959692911833,1319.7164779915752,3.4918813339900225,0.30360519999999996
l2_repeat_04,L2,stability,fresh,1293.5612121826923,10.48961994464453,1272.8761374861367,1314.246286879248,3.4918813339900225,0.30360519999999996
l2_repeat_05,L2,stability,excel,1315.4491582390851,22.34195466527599,1271.3917945255182,1359.506521952652,4.412217709003016,0.2786657
l2_repeat_05,L2,stability,validation,1300.1589084850261,18.156502797582,1264.355073972609,1335.9627429974432,4.412217709003016,0.2786657
l2_repeat_05,L2,stability,fresh,1295.159726888913,17.65986473143592,1260.3352410611571,1329.9842127166687,4.412217709003016,0.2786657
l2_repeat_06,L2,stability,excel,1302.489355538045,15.298832697016964,1272.3207222817496,1332.6579887943403,0.9150838330388069,0.2213405
l2_repeat_06,L2,stability,validation,1303.9068936797014,13.379309440782768,1277.5234768703806,1330.2903104890222,0.9150838330388069,0.2213405
l2_repeat_06,L2,stability,fresh,1303.575013012164,14.96739254164294,1274.0599653392862,1333.0900606850416,0.9150838330388069,0.2213405
l2_repeat_07,L2,stability,excel,1305.5191285148876,17.625683857918606,1270.7620458843526,1340.2762111454226,9.7057774590794,0.2742811
l2_repeat_07,L2,stability,validation,1291.472063258672,15.337738993740016,1261.2267084759412,1321.7174180414029,9.7057774590794,0.2742811
l2_repeat_07,L2,stability,fresh,1287.5493042162116,13.470305157883384,1260.9864478070554,1314.1121606253678,9.7057774590794,0.2742811
l2_repeat_08,L2,stability,excel,1324.4108316413601,19.533250526074323,1285.8921104359588,1362.9295528467615,1.798736667027697,0.2332841
l2_repeat_08,L2,stability,validation,1307.7696077243068,13.552579813547675,1281.0445092694872,1334.4947061791263,1.798736667027697,0.2332841
l2_repeat_08,L2,stability,fresh,1315.9999948001514,13.08553500969774,1290.1958884027424,1341.8041011975604,1.798736667027697,0.2332841
l2_repeat_09,L2,stability,excel,1306.2772384962618,17.429562282004788,1271.906899090819,1340.6475779017046,0.9177377079613507,0.3199584
l2_repeat_09,L2,stability,validation,1300.4806276749646,15.842659324009496,1269.239591942633,1331.721663407296,0.9177377079613507,0.3199584
l2_repeat_09,L2,stability,fresh,1295.5047213058187,14.842380644839592,1266.2361916609518,1324.7732509506857,0.9177377079613507,0.3199584
l2_repeat_10,L2,stability,excel,1316.9426947379322,21.993844294900867,1273.5717895473483,1360.3135999285162,1.5825832078699023,0.30363190000000007
l2_repeat_10,L2,stability,validation,1323.6320401085086,20.742345346809504,1282.7290364587377,1364.5350437582795,1.5825832078699023,0.30363190000000007
l2_repeat_10,L2,stability,fresh,1319.042705191447,23.157644092192534,1273.376837374395,1364.7085730084991,1.5825832078699023,0.30363190000000007
