prompt_file,reason,last_line
examples/inventory/deepseek-chat_poisson_L6_c1_2_50_plain_processed_scipy_15_default_m2_4_r1/prompt_for_code/m2_20251223_000712.txt,last_line_mean_not_found,- Can naturally bootstrap from initial state without time awareness
examples/inventory/deepseek-chat_poisson_L6_c1_2_50_plain_processed_scipy_15_default_m2_4_r1/prompt_for_code/m2_20251222_235738.txt,last_line_mean_not_found,- Can naturally bootstrap from initial state without time awareness
examples/inventory/deepseek-chat_poisson_L6_c1_2_50_plain_processed_scipy_15_default_m2_4_r1/prompt_for_code/m2_20251222_235240.txt,last_line_mean_not_found,- Can naturally bootstrap from initial state without time awareness
examples/inventory/deepseek-chat_poisson_L6_c1_2_50_plain_processed_scipy_15_default_m2_4_r1/prompt_for_code/m2_20251223_000758.txt,last_line_mean_not_found,- Can naturally bootstrap from initial state without time awareness
examples/inventory/deepseek-chat_poisson_L6_c1_2_50_plain_processed_scipy_15_default_m2_4_r1/prompt_for_code/m2_20251223_000710.txt,last_line_mean_not_found,- Can naturally bootstrap from initial state without time awareness
examples/inventory/deepseek-chat_poisson_L6_c1_2_50_plain_processed_scipy_15_default_m2_4_r1/prompt_for_code/m2_20251222_235930.txt,last_line_mean_not_found,- Can naturally bootstrap from initial state without time awareness
examples/inventory/deepseek-chat_poisson_L6_c1_2_50_plain_processed_scipy_15_default_m2_4_r1/prompt_for_code/m2_20251222_235136.txt,last_line_mean_not_found,- Can naturally bootstrap from initial state without time awareness
examples/inventory/deepseek-chat_poisson_L6_c1_2_50_plain_processed_scipy_15_default_m2_4_r1/prompt_for_code/m2_20251222_234816.txt,last_line_mean_not_found,- Can naturally bootstrap from initial state without time awareness
examples/inventory/deepseek-chat_poisson_L6_c1_2_50_plain_processed_scipy_15_default_m2_4_r1/prompt_for_code/m2_20251222_235602.txt,last_line_mean_not_found,- Can naturally bootstrap from initial state without time awareness
examples/inventory/deepseek-chat_poisson_L6_c1_2_50_plain_processed_scipy_15_default_m2_4_r1/prompt_for_code/m2_20251222_235230.txt,last_line_mean_not_found,- Can naturally bootstrap from initial state without time awareness
examples/inventory/deepseek-chat_poisson_L6_c1_2_50_plain_processed_scipy_15_default_m2_4_r1/prompt_for_code/m2_20251223_000543.txt,last_line_mean_not_found,- Can naturally bootstrap from initial state without time awareness
examples/inventory/deepseek-chat_poisson_L6_c1_2_50_plain_processed_scipy_15_default_m2_4_r1/prompt_for_code/m2_20251222_235207.txt,last_line_mean_not_found,- Can naturally bootstrap from initial state without time awareness
examples/inventory/deepseek-chat_poisson_L6_c1_2_50_plain_processed_scipy_15_default_m2_4_r1/prompt_for_code/m2_20251222_235102.txt,last_line_mean_not_found,- Can naturally bootstrap from initial state without time awareness
examples/inventory/deepseek-chat_poisson_L6_c1_2_50_plain_processed_scipy_15_default_m2_4_r1/prompt_for_code/m2_20251222_235838.txt,last_line_mean_not_found,- Can naturally bootstrap from initial state without time awareness
examples/inventory/deepseek-chat_poisson_L6_c1_2_50_plain_processed_scipy_15_default_m2_4_r1/prompt_for_code/m2_20251223_000643.txt,last_line_mean_not_found,- Can naturally bootstrap from initial state without time awareness
examples/inventory/deepseek-chat_poisson_L6_c1_2_50_plain_processed_scipy_15_default_m2_4_r1/prompt_for_code/m2_20251222_235823.txt,last_line_mean_not_found,- Can naturally bootstrap from initial state without time awareness
examples/inventory/deepseek-chat_poisson_L6_c1_2_50_plain_processed_scipy_15_default_m2_4_r1/prompt_for_code/m2_20251223_000232.txt,last_line_mean_not_found,- Can naturally bootstrap from initial state without time awareness
examples/inventory/deepseek-chat_poisson_L6_c1_2_50_plain_processed_scipy_15_default_m2_4_r1/prompt_for_code/m2_20251222_235138.txt,last_line_mean_not_found,- Can naturally bootstrap from initial state without time awareness
examples/inventory/deepseek-chat_poisson_L6_c1_2_50_plain_processed_scipy_15_default_m2_4_r1/prompt_for_code/m2_20251222_235822.txt,last_line_mean_not_found,- Can naturally bootstrap from initial state without time awareness
examples/inventory/deepseek-chat_poisson_L6_c1_2_50_plain_processed_scipy_15_default_m2_4_r1/prompt_for_code/m2_20251223_000413.txt,last_line_mean_not_found,- Can naturally bootstrap from initial state without time awareness
examples/inventory/deepseek-chat_poisson_L6_c1_2_50_plain_processed_scipy_15_default_m2_4_r1/prompt_for_code/m2_20251222_235732.txt,last_line_mean_not_found,- Can naturally bootstrap from initial state without time awareness
examples/inventory/deepseek-chat_poisson_L6_c1_2_50_plain_processed_scipy_15_default_m2_4_r1/prompt_for_code/m2_20251222_234751.txt,last_line_mean_not_found,- Can naturally bootstrap from initial state without time awareness
examples/inventory/deepseek-chat_exponential_L6_c1_2_50_plain_processed_scipy_15_default_m2_4_r1/prompt_for_code/m2_20251222_084000.txt,last_line_mean_not_found,- Can naturally bootstrap from initial state without time awareness
examples/inventory/deepseek-chat_exponential_L6_c1_2_50_plain_processed_scipy_15_default_m2_4_r1/prompt_for_code/m2_20251222_081043.txt,last_line_mean_not_found,- Can naturally bootstrap from initial state without time awareness
examples/inventory/deepseek-chat_exponential_L6_c1_2_50_plain_processed_scipy_15_default_m2_4_r1/prompt_for_code/m2_20251222_084344.txt,last_line_mean_not_found,- Can naturally bootstrap from initial state without time awareness
examples/inventory/deepseek-chat_exponential_L6_c1_2_50_plain_processed_scipy_15_default_m2_4_r1/prompt_for_code/m2_20251222_082407.txt,last_line_mean_not_found,- Can naturally bootstrap from initial state without time awareness
examples/inventory/deepseek-chat_exponential_L6_c1_2_50_plain_processed_scipy_15_default_m2_4_r1/prompt_for_code/m2_20251222_082220.txt,last_line_mean_not_found,- Can naturally bootstrap from initial state without time awareness
examples/inventory/deepseek-chat_exponential_L6_c1_2_50_plain_processed_scipy_15_default_m2_4_r1/prompt_for_code/m2_20251222_082714.txt,last_line_mean_not_found,- Can naturally bootstrap from initial state without time awareness
examples/inventory/deepseek-chat_exponential_L6_c1_2_50_plain_processed_scipy_15_default_m2_4_r1/prompt_for_code/m2_20251222_081456.txt,last_line_mean_not_found,- Can naturally bootstrap from initial state without time awareness
examples/inventory/deepseek-chat_exponential_L6_c1_2_50_plain_processed_scipy_15_default_m2_4_r1/prompt_for_code/m2_20251222_085952.txt,last_line_mean_not_found,- Can naturally bootstrap from initial state without time awareness
examples/inventory/deepseek-chat_exponential_L6_c1_2_50_plain_processed_scipy_15_default_m2_4_r1/prompt_for_code/m2_20251222_083420.txt,last_line_mean_not_found,- Can naturally bootstrap from initial state without time awareness
examples/inventory/deepseek-chat_exponential_L6_c1_2_50_plain_processed_scipy_15_default_m2_4_r1/prompt_for_code/m2_20251222_081332.txt,last_line_mean_not_found,- Can naturally bootstrap from initial state without time awareness
examples/inventory/deepseek-chat_exponential_L6_c1_2_50_plain_processed_scipy_15_default_m2_4_r1/prompt_for_code/m2_20251222_090015.txt,last_line_mean_not_found,- Can naturally bootstrap from initial state without time awareness
examples/inventory/deepseek-chat_exponential_L6_c1_2_50_plain_processed_scipy_15_default_m2_4_r1/prompt_for_code/m2_20251222_081657.txt,last_line_mean_not_found,- Can naturally bootstrap from initial state without time awareness
examples/inventory/deepseek-chat_exponential_L6_c1_2_50_plain_processed_scipy_15_default_m2_4_r1/prompt_for_code/m2_20251222_082711.txt,last_line_mean_not_found,- Can naturally bootstrap from initial state without time awareness
examples/inventory/deepseek-chat_exponential_L6_c1_2_50_plain_processed_scipy_15_default_m2_4_r1/prompt_for_code/m2_20251222_083302.txt,last_line_mean_not_found,- Can naturally bootstrap from initial state without time awareness
examples/inventory/deepseek-chat_exponential_L6_c1_2_50_plain_processed_scipy_15_default_m2_4_r1/prompt_for_code/m2_20251222_083228.txt,last_line_mean_not_found,- Can naturally bootstrap from initial state without time awareness
examples/inventory/deepseek-chat_exponential_L6_c1_2_50_plain_processed_scipy_15_default_m2_4_r1/prompt_for_code/m2_20251222_082341.txt,last_line_mean_not_found,- Can naturally bootstrap from initial state without time awareness
examples/inventory/deepseek-chat_exponential_L6_c1_2_50_plain_processed_scipy_15_default_m2_4_r1/prompt_for_code/m2_20251222_075748.txt,last_line_mean_not_found,- Can naturally bootstrap from initial state without time awareness
examples/inventory/deepseek-chat_exponential_L6_c1_2_50_plain_processed_scipy_15_default_m2_4_r1/prompt_for_code/m2_20251222_083840.txt,last_line_mean_not_found,- Can naturally bootstrap from initial state without time awareness
examples/inventory/deepseek-chat_exponential_L6_c1_2_50_plain_processed_scipy_15_default_m2_4_r1/prompt_for_code/m2_20251222_082452.txt,last_line_mean_not_found,- Can naturally bootstrap from initial state without time awareness
examples/inventory/deepseek-chat_exponential_L6_c1_2_50_plain_processed_scipy_15_default_m2_4_r1/prompt_for_code/m2_20251222_081647.txt,last_line_mean_not_found,- Can naturally bootstrap from initial state without time awareness
examples/inventory/deepseek-chat_exponential_L6_c1_2_50_plain_processed_scipy_15_default_m2_4_r1/prompt_for_code/m2_20251222_081439.txt,last_line_mean_not_found,- Can naturally bootstrap from initial state without time awareness
examples/inventory/deepseek-chat_exponential_L6_c1_2_50_plain_processed_scipy_15_default_m2_4_r1/prompt_for_code/m2_20251222_084805.txt,last_line_mean_not_found,- Can naturally bootstrap from initial state without time awareness
examples/inventory/deepseek-chat_exponential_L6_c1_2_50_plain_processed_scipy_15_default_m2_4_r1/prompt_for_code/m2_20251222_082200.txt,last_line_mean_not_found,- Can naturally bootstrap from initial state without time awareness
examples/inventory/deepseek-chat_exponential_L6_c1_2_50_plain_processed_scipy_15_default_m2_4_r1/prompt_for_code/m2_20251222_081449.txt,last_line_mean_not_found,- Can naturally bootstrap from initial state without time awareness
examples/inventory/deepseek-chat_exponential_L6_c1_2_50_plain_processed_scipy_15_default_m2_4_r1/prompt_for_code/m2_20251222_075837.txt,last_line_mean_not_found,- Can naturally bootstrap from initial state without time awareness
examples/inventory/deepseek-chat_exponential_L6_c1_2_50_plain_processed_scipy_15_default_m2_4_r1/prompt_for_code/m2_20251222_081737.txt,last_line_mean_not_found,- Can naturally bootstrap from initial state without time awareness
examples/inventory/deepseek-chat_exponential_L6_c1_2_50_plain_processed_scipy_15_default_m2_4_r1/prompt_for_code/m2_20251222_082606.txt,last_line_mean_not_found,- Can naturally bootstrap from initial state without time awareness
examples/inventory/deepseek-chat_exponential_L6_c1_2_50_plain_processed_scipy_15_default_m2_4_r1/prompt_for_code/m2_20251222_085342.txt,last_line_mean_not_found,- Can naturally bootstrap from initial state without time awareness
examples/inventory/deepseek-chat_exponential_L6_c1_2_50_plain_processed_scipy_15_default_m2_4_r1/prompt_for_code/m2_20251222_084719.txt,last_line_mean_not_found,- Can naturally bootstrap from initial state without time awareness
examples/inventory/deepseek-chat_exponential_L6_c1_2_50_plain_processed_scipy_15_default_m2_4_r1/prompt_for_code/m2_20251222_083850.txt,last_line_mean_not_found,- Can naturally bootstrap from initial state without time awareness
examples/inventory/deepseek-chat_exponential_L6_c1_2_50_plain_processed_scipy_15_default_m2_4_r1/prompt_for_code/m2_20251222_085245.txt,last_line_mean_not_found,- Can naturally bootstrap from initial state without time awareness
examples/inventory/deepseek-chat_exponential_L6_c1_2_50_plain_processed_scipy_15_default_m2_4_r1/prompt_for_code/m2_20251222_084008.txt,last_line_mean_not_found,- Can naturally bootstrap from initial state without time awareness
examples/inventory/deepseek-chat_exponential_L6_c1_2_50_plain_processed_scipy_15_default_m2_4_r1/prompt_for_code/m2_20251222_080510.txt,last_line_mean_not_found,- Can naturally bootstrap from initial state without time awareness
examples/inventory/deepseek-chat_exponential_L6_c1_2_50_plain_processed_scipy_15_default_m2_4_r1/prompt_for_code/m2_20251222_080845.txt,last_line_mean_not_found,- Can naturally bootstrap from initial state without time awareness
examples/inventory/deepseek-chat_exponential_L6_c1_2_50_plain_processed_scipy_15_default_m2_4_r1/prompt_for_code/m2_20251222_084341.txt,last_line_mean_not_found,- Can naturally bootstrap from initial state without time awareness
examples/inventory/deepseek-chat_exponential_L6_c1_2_50_plain_processed_scipy_15_default_m2_4_r1/prompt_for_code/m2_20251222_085445.txt,last_line_mean_not_found,- Can naturally bootstrap from initial state without time awareness
examples/inventory/deepseek-chat_exponential_L6_c1_2_50_plain_processed_scipy_15_default_m2_4_r1/prompt_for_code/m2_20251222_080520.txt,last_line_mean_not_found,- Can naturally bootstrap from initial state without time awareness
examples/inventory/deepseek-chat_exponential_L6_c1_2_50_plain_processed_scipy_15_default_m2_4_r1/prompt_for_code/m2_20251222_080504.txt,last_line_mean_not_found,- Can naturally bootstrap from initial state without time awareness
examples/inventory/deepseek-chat_exponential_L6_c1_2_50_plain_processed_scipy_15_default_m2_4_r1/prompt_for_code/m2_20251222_084916.txt,last_line_mean_not_found,- Can naturally bootstrap from initial state without time awareness
examples/inventory/deepseek-chat_exponential_L6_c1_2_50_plain_processed_scipy_15_default_m2_4_r1/prompt_for_code/m2_20251222_080817.txt,last_line_mean_not_found,- Can naturally bootstrap from initial state without time awareness
examples/inventory/deepseek-chat_exponential_L6_c1_2_50_plain_processed_scipy_15_default_m2_4_r1/prompt_for_code/m2_20251222_083224.txt,last_line_mean_not_found,- Can naturally bootstrap from initial state without time awareness
examples/inventory/deepseek-chat_exponential_L6_c1_2_50_plain_processed_scipy_15_default_m2_4_r1/prompt_for_code/m2_20251222_084421.txt,last_line_mean_not_found,- Can naturally bootstrap from initial state without time awareness
examples/inventory/deepseek-chat_exponential_L6_c1_2_50_plain_processed_scipy_15_default_m2_4_r1/prompt_for_code/m2_20251222_083306.txt,last_line_mean_not_found,- Can naturally bootstrap from initial state without time awareness
examples/inventory/deepseek-chat_exponential_L6_c1_2_50_plain_processed_scipy_15_default_m2_4_r1/prompt_for_code/m2_20251222_084955.txt,last_line_mean_not_found,- Can naturally bootstrap from initial state without time awareness
examples/inventory/deepseek-chat_exponential_L6_c1_2_50_plain_processed_scipy_15_default_m2_4_r1/prompt_for_code/m2_20251222_075714.txt,last_line_mean_not_found,- Can naturally bootstrap from initial state without time awareness
examples/inventory/deepseek-chat_exponential_L6_c1_2_50_plain_processed_scipy_15_default_m2_4_r1/prompt_for_code/m2_20251222_083728.txt,last_line_mean_not_found,- Can naturally bootstrap from initial state without time awareness
examples/inventory/deepseek-chat_exponential_L6_c1_2_50_plain_processed_scipy_15_default_m2_4_r1/prompt_for_code/m2_20251222_084718.txt,last_line_mean_not_found,- Can naturally bootstrap from initial state without time awareness
examples/inventory/deepseek-chat_exponential_L6_c1_2_50_plain_processed_scipy_15_default_m2_4_r1/prompt_for_code/m2_20251222_084939.txt,last_line_mean_not_found,- Can naturally bootstrap from initial state without time awareness
examples/inventory/deepseek-chat_exponential_L6_c1_2_50_plain_processed_scipy_15_default_m2_4_r1/prompt_for_code/m2_20251222_080425.txt,last_line_mean_not_found,- Can naturally bootstrap from initial state without time awareness
examples/inventory/deepseek-chat_exponential_L6_c1_2_50_plain_processed_scipy_15_default_m2_4_r1/prompt_for_code/m2_20251222_080827.txt,last_line_mean_not_found,- Can naturally bootstrap from initial state without time awareness
examples/inventory/deepseek-chat_exponential_L6_c1_2_50_plain_processed_scipy_15_default_m2_4_r1/prompt_for_code/m2_20251222_080130.txt,last_line_mean_not_found,- Can naturally bootstrap from initial state without time awareness
examples/inventory/deepseek-chat_exponential_L6_c1_2_50_plain_processed_scipy_15_default_m2_4_r1/prompt_for_code/m2_20251222_080305.txt,last_line_mean_not_found,- Can naturally bootstrap from initial state without time awareness
examples/inventory/deepseek-chat_exponential_L6_c1_2_50_plain_processed_scipy_15_default_m2_4_r1/prompt_for_code/m2_20251222_080058.txt,last_line_mean_not_found,- Can naturally bootstrap from initial state without time awareness
examples/inventory/deepseek-chat_exponential_L6_c1_2_50_plain_processed_scipy_15_default_m2_4_r1/prompt_for_code/m2_20251222_084544.txt,last_line_mean_not_found,- Can naturally bootstrap from initial state without time awareness
examples/inventory/deepseek-chat_exponential_L6_c1_2_50_plain_processed_scipy_15_default_m2_4_r1/prompt_for_code/m2_20251222_085545.txt,last_line_mean_not_found,- Can naturally bootstrap from initial state without time awareness
examples/inventory/deepseek-chat_exponential_L6_c1_2_50_plain_processed_scipy_15_default_m2_4_r1/prompt_for_code/m2_20251222_085405.txt,last_line_mean_not_found,- Can naturally bootstrap from initial state without time awareness
examples/inventory/deepseek-chat_exponential_L6_c1_2_50_plain_processed_scipy_15_default_m2_4_r1/prompt_for_code/m2_20251222_080142.txt,last_line_mean_not_found,- Can naturally bootstrap from initial state without time awareness
examples/inventory/deepseek-chat_exponential_L6_c1_2_50_plain_processed_scipy_15_default_m2_4_r1/prompt_for_code/m2_20251222_080857.txt,last_line_mean_not_found,- Can naturally bootstrap from initial state without time awareness
examples/inventory/deepseek-chat_exponential_L6_c1_2_50_plain_processed_scipy_15_default_m2_4_r1/prompt_for_code/m2_20251222_080743.txt,last_line_mean_not_found,- Can naturally bootstrap from initial state without time awareness
examples/inventory/deepseek-chat_exponential_L6_c1_2_50_plain_processed_scipy_15_default_m2_4_r1/prompt_for_code/m2_20251222_081619.txt,last_line_mean_not_found,- Can naturally bootstrap from initial state without time awareness
examples/inventory/deepseek-chat_exponential_L6_c1_2_50_plain_processed_scipy_15_default_m2_4_r1/prompt_for_code/m2_20251222_090029.txt,last_line_mean_not_found,- Can naturally bootstrap from initial state without time awareness
examples/inventory/deepseek-chat_exponential_L6_c1_2_50_plain_processed_scipy_15_default_m2_4_r1/prompt_for_code/m2_20251222_081314.txt,last_line_mean_not_found,- Can naturally bootstrap from initial state without time awareness
examples/inventory/deepseek-chat_exponential_L6_c1_2_50_plain_processed_scipy_15_default_m2_4_r1/prompt_for_code/m2_20251222_083330.txt,last_line_mean_not_found,- Can naturally bootstrap from initial state without time awareness
examples/inventory/deepseek-chat_exponential_L6_c1_2_50_plain_processed_scipy_15_default_m2_4_r1/prompt_for_code/m2_20251222_080105.txt,last_line_mean_not_found,- Can naturally bootstrap from initial state without time awareness
examples/inventory/deepseek-chat_exponential_L6_c1_2_50_plain_processed_scipy_15_default_m2_4_r1/prompt_for_code/m2_20251222_081840.txt,last_line_mean_not_found,- Can naturally bootstrap from initial state without time awareness
examples/inventory/deepseek-chat_exponential_L6_c1_2_50_plain_processed_scipy_15_default_m2_4_r1/prompt_for_code/m2_20251222_082057.txt,last_line_mean_not_found,- Can naturally bootstrap from initial state without time awareness
examples/inventory/deepseek-chat_exponential_L6_c1_2_50_plain_processed_scipy_15_default_m2_4_r1/prompt_for_code/m2_20251222_082148.txt,last_line_mean_not_found,- Can naturally bootstrap from initial state without time awareness
examples/inventory/deepseek-chat_exponential_L6_c1_2_50_plain_processed_scipy_15_default_m2_4_r1/prompt_for_code/m2_20251222_080431.txt,last_line_mean_not_found,- Can naturally bootstrap from initial state without time awareness
examples/inventory/deepseek-chat_exponential_L6_c1_2_50_plain_processed_scipy_15_default_m2_4_r1/prompt_for_code/m2_20251222_084837.txt,last_line_mean_not_found,- Can naturally bootstrap from initial state without time awareness
examples/inventory/deepseek-chat_exponential_L6_c1_2_50_plain_processed_scipy_15_default_m2_4_r1/prompt_for_code/m2_20251222_081242.txt,last_line_mean_not_found,- Can naturally bootstrap from initial state without time awareness
examples/inventory/deepseek-chat_exponential_L6_c1_2_50_plain_processed_scipy_15_default_m2_4_r1/prompt_for_code/m2_20251222_075831.txt,last_line_mean_not_found,- Can naturally bootstrap from initial state without time awareness
examples/inventory/deepseek-chat_exponential_L6_c1_2_50_plain_processed_scipy_15_default_m2_4_r1/prompt_for_code/m2_20251222_081029.txt,last_line_mean_not_found,- Can naturally bootstrap from initial state without time awareness
examples/inventory/deepseek-chat_exponential_L6_c1_2_50_plain_processed_scipy_15_default_m2_4_r1/prompt_for_code/m2_20251222_080029.txt,last_line_mean_not_found,- Can naturally bootstrap from initial state without time awareness
examples/inventory/deepseek-chat_exponential_L6_c1_2_50_plain_processed_scipy_15_default_m2_4_r1/prompt_for_code/m2_20251222_080526.txt,last_line_mean_not_found,- Can naturally bootstrap from initial state without time awareness
examples/inventory/deepseek-chat_exponential_L6_c1_2_50_plain_processed_scipy_15_default_m2_4_r1/prompt_for_code/m2_20251222_084029.txt,last_line_mean_not_found,- Can naturally bootstrap from initial state without time awareness
examples/inventory/deepseek-chat_exponential_L6_c1_2_50_plain_processed_scipy_15_default_m2_4_r1/prompt_for_code/m2_20251222_082524.txt,last_line_mean_not_found,- Can naturally bootstrap from initial state without time awareness
examples/inventory/deepseek-chat_exponential_L6_c1_2_50_plain_processed_scipy_15_default_m2_4_r1/prompt_for_code/m2_20251222_081857.txt,last_line_mean_not_found,- Can naturally bootstrap from initial state without time awareness
examples/inventory/deepseek-chat_exponential_L6_c1_2_50_plain_processed_scipy_15_default_m2_4_r1/prompt_for_code/m2_20251222_085510.txt,last_line_mean_not_found,- Can naturally bootstrap from initial state without time awareness
examples/inventory/deepseek-chat_exponential_L6_c1_2_50_plain_processed_scipy_15_default_m2_4_r1/prompt_for_code/m2_20251222_081423.txt,last_line_mean_not_found,- Can naturally bootstrap from initial state without time awareness
examples/inventory/deepseek-chat_exponential_L6_c1_2_50_plain_processed_scipy_15_default_m2_4_r1/prompt_for_code/m2_20251222_080104.txt,last_line_mean_not_found,- Can naturally bootstrap from initial state without time awareness
examples/inventory/deepseek-chat_exponential_L6_c1_2_50_plain_processed_scipy_15_default_m2_4_r1/prompt_for_code/m2_20251222_085754.txt,last_line_mean_not_found,- Can naturally bootstrap from initial state without time awareness
examples/inventory/deepseek-chat_exponential_L6_c1_2_50_plain_processed_scipy_15_default_m2_4_r1/prompt_for_code/m2_20251222_084449.txt,last_line_mean_not_found,- Can naturally bootstrap from initial state without time awareness
examples/inventory/deepseek-chat_exponential_L6_c1_2_50_plain_processed_scipy_15_default_m2_4_r1/prompt_for_code/m2_20251222_084505.txt,last_line_mean_not_found,- Can naturally bootstrap from initial state without time awareness
examples/inventory/deepseek-chat_exponential_L6_c1_2_50_plain_processed_scipy_15_default_m2_4_r1/prompt_for_code/m2_20251222_083837.txt,last_line_mean_not_found,- Can naturally bootstrap from initial state without time awareness
examples/inventory/deepseek-chat_exponential_L6_c1_2_50_plain_processed_scipy_15_default_m2_4_r1/prompt_for_code/m2_20251222_083144.txt,last_line_mean_not_found,- Can naturally bootstrap from initial state without time awareness
examples/inventory/deepseek-chat_exponential_L6_c1_2_50_plain_processed_scipy_15_default_m2_4_r1/prompt_for_code/m2_20251222_085501.txt,last_line_mean_not_found,- Can naturally bootstrap from initial state without time awareness
examples/inventory/deepseek-chat_exponential_L6_c1_2_50_plain_processed_scipy_15_default_m2_4_r1/prompt_for_code/m2_20251222_075906.txt,last_line_mean_not_found,- Can naturally bootstrap from initial state without time awareness
examples/inventory/deepseek-chat_exponential_L6_c1_2_50_plain_processed_scipy_15_default_m2_4_r1/prompt_for_code/m2_20251222_084806.txt,last_line_mean_not_found,- Can naturally bootstrap from initial state without time awareness
examples/inventory/deepseek-chat_exponential_L6_c1_2_50_plain_processed_scipy_15_default_m2_4_r1/prompt_for_code/m2_20251222_082700.txt,last_line_mean_not_found,- Can naturally bootstrap from initial state without time awareness
examples/inventory/deepseek-chat_exponential_L6_c1_2_50_plain_processed_scipy_15_default_m2_4_r1/prompt_for_code/m2_20251222_081815.txt,last_line_mean_not_found,- Can naturally bootstrap from initial state without time awareness
examples/inventory/deepseek-chat_exponential_L6_c1_2_50_plain_processed_scipy_15_default_m2_4_r1/prompt_for_code/m2_20251222_084252.txt,last_line_mean_not_found,- Can naturally bootstrap from initial state without time awareness
examples/inventory/deepseek-chat_exponential_L6_c1_2_50_plain_processed_scipy_15_default_m2_4_r1/prompt_for_code/m2_20251222_085857.txt,last_line_mean_not_found,- Can naturally bootstrap from initial state without time awareness
examples/inventory/deepseek-chat_exponential_L6_c1_2_50_plain_processed_scipy_15_default_m2_4_r1/prompt_for_code/m2_20251222_085908.txt,last_line_mean_not_found,- Can naturally bootstrap from initial state without time awareness
examples/inventory/deepseek-chat_exponential_L6_c1_2_50_plain_processed_scipy_15_default_m2_4_r1/prompt_for_code/m2_20251222_080128.txt,last_line_mean_not_found,- Can naturally bootstrap from initial state without time awareness
examples/inventory/deepseek-chat_exponential_L6_c1_2_50_plain_processed_scipy_15_default_m2_4_r1/prompt_for_code/m2_20251222_075754.txt,last_line_mean_not_found,- Can naturally bootstrap from initial state without time awareness
examples/inventory/deepseek-chat_normal_std50_L6_c1_5_50_plain_processed_scipy_15_default_m2_4_r1/prompt_for_code/m2_20251222_095005.txt,last_line_mean_not_found,- Can naturally bootstrap from initial state without time awareness
examples/inventory/deepseek-chat_normal_std50_L6_c1_5_50_plain_processed_scipy_15_default_m2_4_r1/prompt_for_code/m2_20251222_102014.txt,last_line_mean_not_found,- Can naturally bootstrap from initial state without time awareness
examples/inventory/deepseek-chat_normal_std50_L6_c1_5_50_plain_processed_scipy_15_default_m2_4_r1/prompt_for_code/m2_20251222_090403.txt,last_line_mean_not_found,- Can naturally bootstrap from initial state without time awareness
examples/inventory/deepseek-chat_normal_std50_L6_c1_5_50_plain_processed_scipy_15_default_m2_4_r1/prompt_for_code/m2_20251222_095439.txt,last_line_mean_not_found,- Can naturally bootstrap from initial state without time awareness
examples/inventory/deepseek-chat_normal_std50_L6_c1_5_50_plain_processed_scipy_15_default_m2_4_r1/prompt_for_code/m2_20251222_091052.txt,last_line_mean_not_found,- Can naturally bootstrap from initial state without time awareness
examples/inventory/deepseek-chat_normal_std50_L6_c1_5_50_plain_processed_scipy_15_default_m2_4_r1/prompt_for_code/m2_20251222_090333.txt,last_line_mean_not_found,- Can naturally bootstrap from initial state without time awareness
examples/inventory/deepseek-chat_normal_std50_L6_c1_5_50_plain_processed_scipy_15_default_m2_4_r1/prompt_for_code/m2_20251222_100814.txt,last_line_mean_not_found,- Can naturally bootstrap from initial state without time awareness
examples/inventory/deepseek-chat_normal_std50_L6_c1_5_50_plain_processed_scipy_15_default_m2_4_r1/prompt_for_code/m2_20251222_092507.txt,last_line_mean_not_found,- Can naturally bootstrap from initial state without time awareness
examples/inventory/deepseek-chat_normal_std50_L6_c1_5_50_plain_processed_scipy_15_default_m2_4_r1/prompt_for_code/m2_20251222_090146.txt,last_line_mean_not_found,- Can naturally bootstrap from initial state without time awareness
examples/inventory/deepseek-chat_normal_std50_L6_c1_5_50_plain_processed_scipy_15_default_m2_4_r1/prompt_for_code/m2_20251222_091506.txt,last_line_mean_not_found,- Can naturally bootstrap from initial state without time awareness
examples/inventory/deepseek-chat_normal_std50_L6_c1_5_50_plain_processed_scipy_15_default_m2_4_r1/prompt_for_code/m2_20251222_095900.txt,last_line_mean_not_found,- Can naturally bootstrap from initial state without time awareness
examples/inventory/deepseek-chat_normal_std50_L6_c1_5_50_plain_processed_scipy_15_default_m2_4_r1/prompt_for_code/m2_20251222_093333.txt,last_line_mean_not_found,- Can naturally bootstrap from initial state without time awareness
examples/inventory/deepseek-chat_normal_std50_L6_c1_5_50_plain_processed_scipy_15_default_m2_4_r1/prompt_for_code/m2_20251222_100347.txt,last_line_mean_not_found,- Can naturally bootstrap from initial state without time awareness
examples/inventory/deepseek-chat_normal_std50_L6_c1_5_50_plain_processed_scipy_15_default_m2_4_r1/prompt_for_code/m2_20251222_091545.txt,last_line_mean_not_found,- Can naturally bootstrap from initial state without time awareness
examples/inventory/deepseek-chat_normal_std50_L6_c1_5_50_plain_processed_scipy_15_default_m2_4_r1/prompt_for_code/m2_20251222_100715.txt,last_line_mean_not_found,- Can naturally bootstrap from initial state without time awareness
examples/inventory/deepseek-chat_normal_std50_L6_c1_5_50_plain_processed_scipy_15_default_m2_4_r1/prompt_for_code/m2_20251222_092400.txt,last_line_mean_not_found,- Can naturally bootstrap from initial state without time awareness
examples/inventory/deepseek-chat_normal_std50_L6_c1_5_50_plain_processed_scipy_15_default_m2_4_r1/prompt_for_code/m2_20251222_101717.txt,last_line_mean_not_found,- Can naturally bootstrap from initial state without time awareness
examples/inventory/deepseek-chat_normal_std50_L6_c1_5_50_plain_processed_scipy_15_default_m2_4_r1/prompt_for_code/m2_20251222_100706.txt,last_line_mean_not_found,- Can naturally bootstrap from initial state without time awareness
examples/inventory/deepseek-chat_normal_std50_L6_c1_5_50_plain_processed_scipy_15_default_m2_4_r1/prompt_for_code/m2_20251222_092903.txt,last_line_mean_not_found,- Can naturally bootstrap from initial state without time awareness
examples/inventory/deepseek-chat_normal_std50_L6_c1_5_50_plain_processed_scipy_15_default_m2_4_r1/prompt_for_code/m2_20251222_091510.txt,last_line_mean_not_found,- Can naturally bootstrap from initial state without time awareness
examples/inventory/deepseek-chat_normal_std50_L6_c1_5_50_plain_processed_scipy_15_default_m2_4_r1/prompt_for_code/m2_20251222_094217.txt,last_line_mean_not_found,- Can naturally bootstrap from initial state without time awareness
examples/inventory/deepseek-chat_normal_std50_L6_c1_5_50_plain_processed_scipy_15_default_m2_4_r1/prompt_for_code/m2_20251222_091057.txt,last_line_mean_not_found,- Can naturally bootstrap from initial state without time awareness
examples/inventory/deepseek-chat_normal_std50_L6_c1_5_50_plain_processed_scipy_15_default_m2_4_r1/prompt_for_code/m2_20251222_090339.txt,last_line_mean_not_found,- Can naturally bootstrap from initial state without time awareness
examples/inventory/deepseek-chat_normal_std50_L6_c1_5_50_plain_processed_scipy_15_default_m2_4_r1/prompt_for_code/m2_20251222_101327.txt,last_line_mean_not_found,- Can naturally bootstrap from initial state without time awareness
examples/inventory/deepseek-chat_normal_std50_L6_c1_5_50_plain_processed_scipy_15_default_m2_4_r1/prompt_for_code/m2_20251222_092413.txt,last_line_mean_not_found,- Can naturally bootstrap from initial state without time awareness
examples/inventory/deepseek-chat_normal_std50_L6_c1_5_50_plain_processed_scipy_15_default_m2_4_r1/prompt_for_code/m2_20251222_101818.txt,last_line_mean_not_found,- Can naturally bootstrap from initial state without time awareness
examples/inventory/deepseek-chat_normal_std50_L6_c1_5_50_plain_processed_scipy_15_default_m2_4_r1/prompt_for_code/m2_20251222_090849.txt,last_line_mean_not_found,- Can naturally bootstrap from initial state without time awareness
examples/inventory/deepseek-chat_normal_std50_L6_c1_5_50_plain_processed_scipy_15_default_m2_4_r1/prompt_for_code/m2_20251222_090813.txt,last_line_mean_not_found,- Can naturally bootstrap from initial state without time awareness
examples/inventory/deepseek-chat_normal_std50_L6_c1_5_50_plain_processed_scipy_15_default_m2_4_r1/prompt_for_code/m2_20251222_100959.txt,last_line_mean_not_found,- Can naturally bootstrap from initial state without time awareness
examples/inventory/deepseek-chat_normal_std50_L6_c1_5_50_plain_processed_scipy_15_default_m2_4_r1/prompt_for_code/m2_20251222_091834.txt,last_line_mean_not_found,- Can naturally bootstrap from initial state without time awareness
examples/inventory/deepseek-chat_normal_std50_L6_c1_5_50_plain_processed_scipy_15_default_m2_4_r1/prompt_for_code/m2_20251222_093536.txt,last_line_mean_not_found,- Can naturally bootstrap from initial state without time awareness
examples/inventory/deepseek-chat_normal_std50_L6_c1_5_50_plain_processed_scipy_15_default_m2_4_r1/prompt_for_code/m2_20251222_093041.txt,last_line_mean_not_found,- Can naturally bootstrap from initial state without time awareness
examples/inventory/deepseek-chat_normal_std50_L6_c1_5_50_plain_processed_scipy_15_default_m2_4_r1/prompt_for_code/m2_20251222_101634.txt,last_line_mean_not_found,- Can naturally bootstrap from initial state without time awareness
examples/inventory/deepseek-chat_normal_std50_L6_c1_5_50_plain_processed_scipy_15_default_m2_4_r1/prompt_for_code/m2_20251222_091549.txt,last_line_mean_not_found,- Can naturally bootstrap from initial state without time awareness
examples/inventory/deepseek-chat_normal_std50_L6_c1_5_50_plain_processed_scipy_15_default_m2_4_r1/prompt_for_code/m2_20251222_091724.txt,last_line_mean_not_found,- Can naturally bootstrap from initial state without time awareness
examples/inventory/deepseek-chat_normal_std50_L6_c1_5_50_plain_processed_scipy_15_default_m2_4_r1/prompt_for_code/m2_20251222_094556.txt,last_line_mean_not_found,- Can naturally bootstrap from initial state without time awareness
examples/inventory/deepseek-chat_normal_std50_L6_c1_5_50_plain_processed_scipy_15_default_m2_4_r1/prompt_for_code/m2_20251222_092601.txt,last_line_mean_not_found,- Can naturally bootstrap from initial state without time awareness
examples/inventory/deepseek-chat_normal_std50_L6_c1_5_50_plain_processed_scipy_15_default_m2_4_r1/prompt_for_code/m2_20251222_094900.txt,last_line_mean_not_found,- Can naturally bootstrap from initial state without time awareness
examples/inventory/deepseek-chat_normal_std50_L6_c1_5_50_plain_processed_scipy_15_default_m2_4_r1/prompt_for_code/m2_20251222_095539.txt,last_line_mean_not_found,- Can naturally bootstrap from initial state without time awareness
examples/inventory/deepseek-chat_normal_std50_L6_c1_5_50_plain_processed_scipy_15_default_m2_4_r1/prompt_for_code/m2_20251222_090141.txt,last_line_mean_not_found,- Can naturally bootstrap from initial state without time awareness
examples/inventory/deepseek-chat_normal_std50_L6_c1_5_50_plain_processed_scipy_15_default_m2_4_r1/prompt_for_code/m2_20251222_101958.txt,last_line_mean_not_found,- Can naturally bootstrap from initial state without time awareness
examples/inventory/deepseek-chat_normal_std50_L6_c1_5_50_plain_processed_scipy_15_default_m2_4_r1/prompt_for_code/m2_20251222_092731.txt,last_line_mean_not_found,- Can naturally bootstrap from initial state without time awareness
examples/inventory/deepseek-chat_normal_std50_L6_c1_5_50_plain_processed_scipy_15_default_m2_4_r1/prompt_for_code/m2_20251222_092306.txt,last_line_mean_not_found,- Can naturally bootstrap from initial state without time awareness
examples/inventory/deepseek-chat_normal_std50_L6_c1_5_50_plain_processed_scipy_15_default_m2_4_r1/prompt_for_code/m2_20251222_094914.txt,last_line_mean_not_found,- Can naturally bootstrap from initial state without time awareness
examples/inventory/deepseek-chat_normal_std50_L6_c1_5_50_plain_processed_scipy_15_default_m2_4_r1/prompt_for_code/m2_20251222_091238.txt,last_line_mean_not_found,- Can naturally bootstrap from initial state without time awareness
examples/inventory/deepseek-chat_normal_std50_L6_c1_5_50_plain_processed_scipy_15_default_m2_4_r1/prompt_for_code/m2_20251222_091124.txt,last_line_mean_not_found,- Can naturally bootstrap from initial state without time awareness
examples/inventory/deepseek-chat_normal_std50_L6_c1_5_50_plain_processed_scipy_15_default_m2_4_r1/prompt_for_code/m2_20251222_093514.txt,last_line_mean_not_found,- Can naturally bootstrap from initial state without time awareness
examples/inventory/deepseek-chat_normal_std50_L6_c1_5_50_plain_processed_scipy_15_default_m2_4_r1/prompt_for_code/m2_20251222_090925.txt,last_line_mean_not_found,- Can naturally bootstrap from initial state without time awareness
examples/inventory/deepseek-chat_normal_std50_L6_c1_5_50_plain_processed_scipy_15_default_m2_4_r1/prompt_for_code/m2_20251222_095604.txt,last_line_mean_not_found,- Can naturally bootstrap from initial state without time awareness
examples/inventory/deepseek-chat_normal_std50_L6_c1_5_50_plain_processed_scipy_15_default_m2_4_r1/prompt_for_code/m2_20251222_090144.txt,last_line_mean_not_found,- Can naturally bootstrap from initial state without time awareness
examples/inventory/deepseek-chat_normal_std50_L6_c1_5_50_plain_processed_scipy_15_default_m2_4_r1/prompt_for_code/m2_20251222_092436.txt,last_line_mean_not_found,- Can naturally bootstrap from initial state without time awareness
examples/inventory/deepseek-chat_normal_std50_L6_c1_5_50_plain_processed_scipy_15_default_m2_4_r1/prompt_for_code/m2_20251222_093400.txt,last_line_mean_not_found,- Can naturally bootstrap from initial state without time awareness
examples/inventory/deepseek-chat_normal_std50_L6_c1_5_50_plain_processed_scipy_15_default_m2_4_r1/prompt_for_code/m2_20251222_093736.txt,last_line_mean_not_found,- Can naturally bootstrap from initial state without time awareness
examples/inventory/deepseek-chat_normal_std50_L6_c1_5_50_plain_processed_scipy_15_default_m2_4_r1/prompt_for_code/m2_20251222_100919.txt,last_line_mean_not_found,- Can naturally bootstrap from initial state without time awareness
examples/inventory/deepseek-chat_normal_std50_L6_c1_5_50_plain_processed_scipy_15_default_m2_4_r1/prompt_for_code/m2_20251222_090218.txt,last_line_mean_not_found,- Can naturally bootstrap from initial state without time awareness
examples/inventory/deepseek-chat_normal_std50_L6_c1_5_50_plain_processed_scipy_15_default_m2_4_r1/prompt_for_code/m2_20251222_095904.txt,last_line_mean_not_found,- Can naturally bootstrap from initial state without time awareness
examples/inventory/deepseek-chat_normal_std50_L6_c1_5_50_plain_processed_scipy_15_default_m2_4_r1/prompt_for_code/m2_20251222_090409.txt,last_line_mean_not_found,- Can naturally bootstrap from initial state without time awareness
examples/inventory/deepseek-chat_normal_std50_L6_c1_5_50_plain_processed_scipy_15_default_m2_4_r1/prompt_for_code/m2_20251222_091159.txt,last_line_mean_not_found,- Can naturally bootstrap from initial state without time awareness
examples/inventory/deepseek-chat_normal_std50_L6_c1_5_50_plain_processed_scipy_15_default_m2_4_r1/prompt_for_code/m2_20251222_094148.txt,last_line_mean_not_found,- Can naturally bootstrap from initial state without time awareness
examples/inventory/deepseek-chat_normal_std50_L6_c1_5_50_plain_processed_scipy_15_default_m2_4_r1/prompt_for_code/m2_20251222_094105.txt,last_line_mean_not_found,- Can naturally bootstrap from initial state without time awareness
examples/inventory/deepseek-chat_normal_std50_L6_c1_5_50_plain_processed_scipy_15_default_m2_4_r1/prompt_for_code/m2_20251222_095401.txt,last_line_mean_not_found,- Can naturally bootstrap from initial state without time awareness
examples/inventory/deepseek-chat_normal_std50_L6_c1_5_50_plain_processed_scipy_15_default_m2_4_r1/prompt_for_code/m2_20251222_101529.txt,last_line_mean_not_found,- Can naturally bootstrap from initial state without time awareness
examples/inventory/deepseek-chat_normal_std50_L6_c1_5_50_plain_processed_scipy_15_default_m2_4_r1/prompt_for_code/m2_20251222_090304.txt,last_line_mean_not_found,- Can naturally bootstrap from initial state without time awareness
examples/inventory/deepseek-chat_normal_std50_L6_c1_5_50_plain_processed_scipy_15_default_m2_4_r1/prompt_for_code/m2_20251222_095621.txt,last_line_mean_not_found,- Can naturally bootstrap from initial state without time awareness
examples/inventory/deepseek-chat_normal_std50_L6_c1_5_50_plain_processed_scipy_15_default_m2_4_r1/prompt_for_code/m2_20251222_094013.txt,last_line_mean_not_found,- Can naturally bootstrap from initial state without time awareness
examples/inventory/deepseek-chat_normal_std50_L6_c1_5_50_plain_processed_scipy_15_default_m2_4_r1/prompt_for_code/m2_20251222_091856.txt,last_line_mean_not_found,- Can naturally bootstrap from initial state without time awareness
examples/inventory/deepseek-chat_normal_std50_L6_c1_5_50_plain_processed_scipy_15_default_m2_4_r1/prompt_for_code/m2_20251222_091230.txt,last_line_mean_not_found,- Can naturally bootstrap from initial state without time awareness
examples/inventory/deepseek-chat_normal_std50_L6_c1_5_50_plain_processed_scipy_15_default_m2_4_r1/prompt_for_code/m2_20251222_090155.txt,last_line_mean_not_found,- Can naturally bootstrap from initial state without time awareness
examples/inventory/deepseek-chat_normal_std50_L6_c1_5_50_plain_processed_scipy_15_default_m2_4_r1/prompt_for_code/m2_20251222_094000.txt,last_line_mean_not_found,- Can naturally bootstrap from initial state without time awareness
examples/inventory/deepseek-chat_normal_std50_L6_c1_5_50_plain_processed_scipy_15_default_m2_4_r1/prompt_for_code/m2_20251222_091501.txt,last_line_mean_not_found,- Can naturally bootstrap from initial state without time awareness
examples/inventory/deepseek-chat_normal_std50_L6_c1_5_50_plain_processed_scipy_15_default_m2_4_r1/prompt_for_code/m2_20251222_090444.txt,last_line_mean_not_found,- Can naturally bootstrap from initial state without time awareness
examples/inventory/deepseek-chat_normal_std50_L6_c1_5_50_plain_processed_scipy_15_default_m2_4_r1/prompt_for_code/m2_20251222_091825.txt,last_line_mean_not_found,- Can naturally bootstrap from initial state without time awareness
examples/inventory/deepseek-chat_normal_std50_L6_c1_5_50_plain_processed_scipy_15_default_m2_4_r1/prompt_for_code/m2_20251222_090427.txt,last_line_mean_not_found,- Can naturally bootstrap from initial state without time awareness
examples/inventory/deepseek-chat_normal_std50_L6_c1_5_50_plain_processed_scipy_15_default_m2_4_r1/prompt_for_code/m2_20251222_090914.txt,last_line_mean_not_found,- Can naturally bootstrap from initial state without time awareness
examples/inventory/deepseek-chat_normal_std50_L6_c1_5_50_plain_processed_scipy_15_default_m2_4_r1/prompt_for_code/m2_20251222_095056.txt,last_line_mean_not_found,- Can naturally bootstrap from initial state without time awareness
examples/inventory/deepseek-chat_normal_std50_L6_c1_5_50_plain_processed_scipy_15_default_m2_4_r1/prompt_for_code/m2_20251222_093145.txt,last_line_mean_not_found,- Can naturally bootstrap from initial state without time awareness
examples/inventory/deepseek-chat_normal_std50_L6_c1_5_50_plain_processed_scipy_15_default_m2_4_r1/prompt_for_code/m2_20251222_095706.txt,last_line_mean_not_found,- Can naturally bootstrap from initial state without time awareness
examples/inventory/deepseek-chat_normal_std50_L6_c1_5_50_plain_processed_scipy_15_default_m2_4_r1/prompt_for_code/m2_20251222_093336.txt,last_line_mean_not_found,- Can naturally bootstrap from initial state without time awareness
examples/inventory/deepseek-chat_normal_std50_L6_c1_5_50_plain_processed_scipy_15_default_m2_4_r1/prompt_for_code/m2_20251222_100516.txt,last_line_mean_not_found,- Can naturally bootstrap from initial state without time awareness
examples/inventory/deepseek-chat_normal_std50_L6_c1_5_50_plain_processed_scipy_15_default_m2_4_r1/prompt_for_code/m2_20251222_090115.txt,last_line_mean_not_found,- Can naturally bootstrap from initial state without time awareness
examples/inventory/deepseek-chat_normal_std50_L6_c1_5_50_plain_processed_scipy_15_default_m2_4_r1/prompt_for_code/m2_20251222_093008.txt,last_line_mean_not_found,- Can naturally bootstrap from initial state without time awareness
examples/inventory/deepseek-chat_normal_std50_L6_c1_5_50_plain_processed_scipy_15_default_m2_4_r1/prompt_for_code/m2_20251222_091902.txt,last_line_mean_not_found,- Can naturally bootstrap from initial state without time awareness
examples/inventory/deepseek-chat_normal_std50_L6_c1_5_50_plain_processed_scipy_15_default_m2_4_r1/prompt_for_code/m2_20251222_092441.txt,last_line_mean_not_found,- Can naturally bootstrap from initial state without time awareness
examples/inventory/deepseek-chat_normal_std50_L6_c1_5_50_plain_processed_scipy_15_default_m2_4_r1/prompt_for_code/m2_20251222_091023.txt,last_line_mean_not_found,- Can naturally bootstrap from initial state without time awareness
examples/inventory/deepseek-chat_normal_std50_L6_c1_5_50_plain_processed_scipy_15_default_m2_4_r1/prompt_for_code/m2_20251222_090211.txt,last_line_mean_not_found,- Can naturally bootstrap from initial state without time awareness
examples/inventory/deepseek-chat_normal_std50_L6_c1_5_50_plain_processed_scipy_15_default_m2_4_r1/prompt_for_code/m2_20251222_091930.txt,last_line_mean_not_found,- Can naturally bootstrap from initial state without time awareness
examples/inventory/deepseek-chat_normal_std50_L6_c1_5_50_plain_processed_scipy_15_default_m2_4_r1/prompt_for_code/m2_20251222_091434.txt,last_line_mean_not_found,- Can naturally bootstrap from initial state without time awareness
examples/inventory/deepseek-chat_normal_std50_L6_c1_5_50_plain_processed_scipy_15_default_m2_4_r1/prompt_for_code/m2_20251222_091310.txt,last_line_mean_not_found,- Can naturally bootstrap from initial state without time awareness
examples/inventory/deepseek-chat_normal_std50_L6_c1_5_50_plain_processed_scipy_15_default_m2_4_r1/prompt_for_code/m2_20251222_091759.txt,last_line_mean_not_found,- Can naturally bootstrap from initial state without time awareness
examples/inventory/deepseek-chat_normal_std50_L6_c1_5_50_plain_processed_scipy_15_default_m2_4_r1/prompt_for_code/m2_20251222_094811.txt,last_line_mean_not_found,- Can naturally bootstrap from initial state without time awareness
examples/inventory/deepseek-chat_normal_std50_L6_c1_5_50_plain_processed_scipy_15_default_m2_4_r1/prompt_for_code/m2_20251222_094009.txt,last_line_mean_not_found,- Can naturally bootstrap from initial state without time awareness
examples/inventory/deepseek-chat_normal_std50_L6_c1_5_50_plain_processed_scipy_15_default_m2_4_r1/prompt_for_code/m2_20251222_094755.txt,last_line_mean_not_found,- Can naturally bootstrap from initial state without time awareness
examples/inventory/deepseek-chat_normal_std50_L6_c1_5_50_plain_processed_scipy_15_default_m2_4_r1/prompt_for_code/m2_20251222_100206.txt,last_line_mean_not_found,- Can naturally bootstrap from initial state without time awareness
examples/inventory/deepseek-chat_normal_std50_L6_c1_5_50_plain_processed_scipy_15_default_m2_4_r1/prompt_for_code/m2_20251222_100858.txt,last_line_mean_not_found,- Can naturally bootstrap from initial state without time awareness
