dist,target_train_cells,matched_train_cells,matched_pct,unique_matched_policies,source_prompt_files
exponential_L2_c1_2,990,986,99.5959595959596,78,86
exponential_L2_c1_5,957,953,99.58202716823406,71,76
exponential_L4_c1_2,988,976,98.78542510121457,63,70
exponential_L4_c1_5,990,968,97.77777777777777,62,71
exponential_L6_c1_2,999,995,99.5995995995996,101,108
exponential_L6_c1_5,992,977,98.48790322580645,68,75
normal_std10_L2_c1_2,988,633,64.06882591093117,19,19
normal_std10_L2_c1_5,977,758,77.58444216990789,35,35
normal_std10_L4_c1_2,995,633,63.61809045226131,37,37
normal_std10_L4_c1_5,977,0,0.0,0,0
normal_std10_L6_c1_2,986,301,30.52738336713996,15,15
normal_std10_L6_c1_5,989,659,66.6329625884732,48,48
normal_std30_L2_c1_2,969,0,0.0,0,0
normal_std30_L2_c1_5,975,0,0.0,0,0
normal_std30_L4_c1_2,987,448,45.39007092198582,5,5
normal_std30_L4_c1_5,998,852,85.37074148296593,26,26
normal_std30_L6_c1_2,987,803,81.35764944275583,41,43
normal_std30_L6_c1_5,986,615,62.37322515212982,16,16
normal_std50_L2_c1_2,981,0,0.0,0,0
normal_std50_L2_c1_5,991,0,0.0,0,0
normal_std50_L4_c1_2,983,0,0.0,0,0
normal_std50_L4_c1_5,1000,0,0.0,0,0
normal_std50_L6_c1_2,993,974,98.08660624370594,94,99
normal_std50_L6_c1_5,999,747,74.77477477477478,19,19
poisson_L2_c1_2,996,940,94.37751004016064,78,85
poisson_L2_c1_5,969,876,90.40247678018576,59,65
poisson_L4_c1_2,991,887,89.50554994954591,94,101
poisson_L4_c1_5,992,728,73.38709677419355,71,75
poisson_L6_c1_2,985,748,75.93908629441624,82,87
poisson_L6_c1_5,991,790,79.71745711402623,58,62
