scenario_id,repeat,policy_id,training_horizon,original_adaptive_train_cost_per_period,optimized_gen0_train_cost_per_period,final_train_cost_per_period,final_available,seed_to_final_cost_reduction,seed_to_final_improvement_pct,gen0_to_final_cost_reduction
exp_iid_fixed6,1,self_evolve_h200_r1,200,123.95571224940359,123.95550825000001,123.95550825165193,True,0.00020399775165458323,0.00016457309465830184,-1.6519265955139417e-09
exp_iid_fixed6,2,self_evolve_h200_r2,200,123.95571224940359,123.95550825000001,123.91317711763335,True,0.04253513177023649,0.034314781463765216,0.04233113236665531
exp_iid_fixed6,3,self_evolve_h200_r3,200,123.95571224940359,123.95550825000001,,False,,,
exp_ar_pos08_fixed6,1,self_evolve_h200_r1,200,166.59415298176413,166.59415195000003,166.59415194139763,True,1.0403664987279626e-06,6.244916043613152e-07,8.602398793300381e-09
exp_ar_pos08_fixed6,2,self_evolve_h200_r2,200,166.59415298176413,166.59415195000003,166.59377136922535,True,0.0003816125387743341,0.00022906718629921334,0.00038058077467439944
exp_ar_pos08_fixed6,3,self_evolve_h200_r3,200,166.59415298176413,166.59415195000003,,False,,,
exp_ar_neg06_fixed6,1,self_evolve_h200_r1,200,100.19812171911249,100.19801,100.19800999904594,True,0.00011172006655613131,0.00011149916249859307,9.540599421598017e-10
exp_ar_neg06_fixed6,2,self_evolve_h200_r2,200,100.19812171911249,100.19801,100.1978625433168,True,0.0002591757956906804,0.0002586633274596038,0.00014745668319449123
exp_ar_neg06_fixed6,3,self_evolve_h200_r3,200,100.19812171911249,100.19801,,False,,,
exp_regime095_fixed6,1,self_evolve_h200_r1,200,148.15124556677674,148.1512439,148.1512439096504,True,1.6571263472542341e-06,1.1185368985016813e-06,-9.650392485127668e-09
exp_regime095_fixed6,2,self_evolve_h200_r2,200,148.15124556677674,148.1512439,,False,,,
exp_regime095_fixed6,3,self_evolve_h200_r3,200,148.15124556677674,148.1512439,,False,,,
exp_iid_random3_9,1,self_evolve_h200_r1,200,133.52727276856254,133.5182,133.51677736147565,True,0.010495407086892783,0.007860122407415638,0.001422638524360309
exp_iid_random3_9,2,self_evolve_h200_r2,200,133.52727276856254,133.5182,,False,,,
exp_iid_random3_9,3,self_evolve_h200_r3,200,133.52727276856254,133.5182,,False,,,
exp_regime095_random3_9,1,self_evolve_h200_r1,200,148.10674934717147,148.10674935,147.14185810555256,True,0.9648912416189148,0.6514836399232216,0.9648912444474433
exp_regime095_random3_9,2,self_evolve_h200_r2,200,148.10674934717147,148.10674935,,False,,,
exp_regime095_random3_9,3,self_evolve_h200_r3,200,148.10674934717147,148.10674935,,False,,,
