scenario_id,repeat,available_windows,expected_windows,complete
exp_iid_fixed6,1,0,8,False
exp_iid_fixed6,2,0,8,False
exp_iid_fixed6,3,0,8,False
exp_ar_pos08_fixed6,1,0,8,False
exp_ar_pos08_fixed6,2,0,8,False
exp_ar_pos08_fixed6,3,0,8,False
exp_ar_neg06_fixed6,1,0,8,False
exp_ar_neg06_fixed6,2,0,8,False
exp_ar_neg06_fixed6,3,0,8,False
exp_regime095_fixed6,1,0,8,False
exp_regime095_fixed6,2,0,8,False
exp_regime095_fixed6,3,0,8,False
exp_iid_random3_9,1,0,8,False
exp_iid_random3_9,2,0,8,False
exp_iid_random3_9,3,0,8,False
exp_regime095_random3_9,1,0,8,False
exp_regime095_random3_9,2,0,8,False
exp_regime095_random3_9,3,0,8,False
