scenario_id,mode,horizon,reference,status,candidate_repeats,reference_repeats
exp_iid_fixed6,steady,50,forecast_adaptive_pil,pending,3,1
exp_iid_fixed6,steady,50,conditional_pil,pending,3,1
exp_iid_fixed6,steady,50,pil_cop_continuation,pending,3,1
exp_iid_fixed6,steady,50,capped_evolve,pending,3,3
exp_iid_fixed6,steady,50,unrestricted_evolve,pending,3,3
exp_iid_fixed6,steady,100,forecast_adaptive_pil,pending,3,1
exp_iid_fixed6,steady,100,conditional_pil,pending,3,1
exp_iid_fixed6,steady,100,pil_cop_continuation,pending,3,1
exp_iid_fixed6,steady,100,capped_evolve,pending,3,3
exp_iid_fixed6,steady,100,unrestricted_evolve,pending,3,3
exp_iid_fixed6,steady,200,forecast_adaptive_pil,pending,3,1
exp_iid_fixed6,steady,200,conditional_pil,pending,3,1
exp_iid_fixed6,steady,200,pil_cop_continuation,pending,3,1
exp_iid_fixed6,steady,200,capped_evolve,pending,3,3
exp_iid_fixed6,steady,200,unrestricted_evolve,pending,3,3
exp_iid_fixed6,steady,500,forecast_adaptive_pil,pending,3,1
exp_iid_fixed6,steady,500,conditional_pil,pending,3,1
exp_iid_fixed6,steady,500,pil_cop_continuation,pending,3,1
exp_iid_fixed6,steady,500,capped_evolve,pending,3,3
exp_iid_fixed6,steady,500,unrestricted_evolve,pending,3,3
exp_iid_fixed6,cold_start,50,forecast_adaptive_pil,pending,3,1
exp_iid_fixed6,cold_start,50,conditional_pil,pending,3,1
exp_iid_fixed6,cold_start,50,pil_cop_continuation,pending,3,1
exp_iid_fixed6,cold_start,50,capped_evolve,pending,3,3
exp_iid_fixed6,cold_start,50,unrestricted_evolve,pending,3,3
exp_iid_fixed6,cold_start,100,forecast_adaptive_pil,pending,3,1
exp_iid_fixed6,cold_start,100,conditional_pil,pending,3,1
exp_iid_fixed6,cold_start,100,pil_cop_continuation,pending,3,1
exp_iid_fixed6,cold_start,100,capped_evolve,pending,3,3
exp_iid_fixed6,cold_start,100,unrestricted_evolve,pending,3,3
exp_iid_fixed6,cold_start,200,forecast_adaptive_pil,pending,3,1
exp_iid_fixed6,cold_start,200,conditional_pil,pending,3,1
exp_iid_fixed6,cold_start,200,pil_cop_continuation,pending,3,1
exp_iid_fixed6,cold_start,200,capped_evolve,pending,3,3
exp_iid_fixed6,cold_start,200,unrestricted_evolve,pending,3,3
exp_iid_fixed6,cold_start,500,forecast_adaptive_pil,pending,3,1
exp_iid_fixed6,cold_start,500,conditional_pil,pending,3,1
exp_iid_fixed6,cold_start,500,pil_cop_continuation,pending,3,1
exp_iid_fixed6,cold_start,500,capped_evolve,pending,3,3
exp_iid_fixed6,cold_start,500,unrestricted_evolve,pending,3,3
exp_ar_pos08_fixed6,steady,50,forecast_adaptive_pil,pending,3,1
exp_ar_pos08_fixed6,steady,50,conditional_pil,pending,3,1
exp_ar_pos08_fixed6,steady,50,pil_cop_continuation,pending,3,1
exp_ar_pos08_fixed6,steady,50,capped_evolve,pending,3,3
exp_ar_pos08_fixed6,steady,50,unrestricted_evolve,pending,3,3
exp_ar_pos08_fixed6,steady,100,forecast_adaptive_pil,pending,3,1
exp_ar_pos08_fixed6,steady,100,conditional_pil,pending,3,1
exp_ar_pos08_fixed6,steady,100,pil_cop_continuation,pending,3,1
exp_ar_pos08_fixed6,steady,100,capped_evolve,pending,3,3
exp_ar_pos08_fixed6,steady,100,unrestricted_evolve,pending,3,3
exp_ar_pos08_fixed6,steady,200,forecast_adaptive_pil,pending,3,1
exp_ar_pos08_fixed6,steady,200,conditional_pil,pending,3,1
exp_ar_pos08_fixed6,steady,200,pil_cop_continuation,pending,3,1
exp_ar_pos08_fixed6,steady,200,capped_evolve,pending,3,3
exp_ar_pos08_fixed6,steady,200,unrestricted_evolve,pending,3,3
exp_ar_pos08_fixed6,steady,500,forecast_adaptive_pil,pending,3,1
exp_ar_pos08_fixed6,steady,500,conditional_pil,pending,3,1
exp_ar_pos08_fixed6,steady,500,pil_cop_continuation,pending,3,1
exp_ar_pos08_fixed6,steady,500,capped_evolve,pending,3,3
exp_ar_pos08_fixed6,steady,500,unrestricted_evolve,pending,3,3
exp_ar_pos08_fixed6,cold_start,50,forecast_adaptive_pil,pending,3,1
exp_ar_pos08_fixed6,cold_start,50,conditional_pil,pending,3,1
exp_ar_pos08_fixed6,cold_start,50,pil_cop_continuation,pending,3,1
exp_ar_pos08_fixed6,cold_start,50,capped_evolve,pending,3,3
exp_ar_pos08_fixed6,cold_start,50,unrestricted_evolve,pending,3,3
exp_ar_pos08_fixed6,cold_start,100,forecast_adaptive_pil,pending,3,1
exp_ar_pos08_fixed6,cold_start,100,conditional_pil,pending,3,1
exp_ar_pos08_fixed6,cold_start,100,pil_cop_continuation,pending,3,1
exp_ar_pos08_fixed6,cold_start,100,capped_evolve,pending,3,3
exp_ar_pos08_fixed6,cold_start,100,unrestricted_evolve,pending,3,3
exp_ar_pos08_fixed6,cold_start,200,forecast_adaptive_pil,pending,3,1
exp_ar_pos08_fixed6,cold_start,200,conditional_pil,pending,3,1
exp_ar_pos08_fixed6,cold_start,200,pil_cop_continuation,pending,3,1
exp_ar_pos08_fixed6,cold_start,200,capped_evolve,pending,3,3
exp_ar_pos08_fixed6,cold_start,200,unrestricted_evolve,pending,3,3
exp_ar_pos08_fixed6,cold_start,500,forecast_adaptive_pil,pending,3,1
exp_ar_pos08_fixed6,cold_start,500,conditional_pil,pending,3,1
exp_ar_pos08_fixed6,cold_start,500,pil_cop_continuation,pending,3,1
exp_ar_pos08_fixed6,cold_start,500,capped_evolve,pending,3,3
exp_ar_pos08_fixed6,cold_start,500,unrestricted_evolve,pending,3,3
exp_ar_neg06_fixed6,steady,50,forecast_adaptive_pil,pending,3,1
exp_ar_neg06_fixed6,steady,50,conditional_pil,pending,3,1
exp_ar_neg06_fixed6,steady,50,pil_cop_continuation,pending,3,1
exp_ar_neg06_fixed6,steady,50,capped_evolve,pending,3,3
exp_ar_neg06_fixed6,steady,50,unrestricted_evolve,pending,3,3
exp_ar_neg06_fixed6,steady,100,forecast_adaptive_pil,pending,3,1
exp_ar_neg06_fixed6,steady,100,conditional_pil,pending,3,1
exp_ar_neg06_fixed6,steady,100,pil_cop_continuation,pending,3,1
exp_ar_neg06_fixed6,steady,100,capped_evolve,pending,3,3
exp_ar_neg06_fixed6,steady,100,unrestricted_evolve,pending,3,3
exp_ar_neg06_fixed6,steady,200,forecast_adaptive_pil,pending,3,1
exp_ar_neg06_fixed6,steady,200,conditional_pil,pending,3,1
exp_ar_neg06_fixed6,steady,200,pil_cop_continuation,pending,3,1
exp_ar_neg06_fixed6,steady,200,capped_evolve,pending,3,3
exp_ar_neg06_fixed6,steady,200,unrestricted_evolve,pending,3,3
exp_ar_neg06_fixed6,steady,500,forecast_adaptive_pil,pending,3,1
exp_ar_neg06_fixed6,steady,500,conditional_pil,pending,3,1
exp_ar_neg06_fixed6,steady,500,pil_cop_continuation,pending,3,1
exp_ar_neg06_fixed6,steady,500,capped_evolve,pending,3,3
exp_ar_neg06_fixed6,steady,500,unrestricted_evolve,pending,3,3
exp_ar_neg06_fixed6,cold_start,50,forecast_adaptive_pil,pending,3,1
exp_ar_neg06_fixed6,cold_start,50,conditional_pil,pending,3,1
exp_ar_neg06_fixed6,cold_start,50,pil_cop_continuation,pending,3,1
exp_ar_neg06_fixed6,cold_start,50,capped_evolve,pending,3,3
exp_ar_neg06_fixed6,cold_start,50,unrestricted_evolve,pending,3,3
exp_ar_neg06_fixed6,cold_start,100,forecast_adaptive_pil,pending,3,1
exp_ar_neg06_fixed6,cold_start,100,conditional_pil,pending,3,1
exp_ar_neg06_fixed6,cold_start,100,pil_cop_continuation,pending,3,1
exp_ar_neg06_fixed6,cold_start,100,capped_evolve,pending,3,3
exp_ar_neg06_fixed6,cold_start,100,unrestricted_evolve,pending,3,3
exp_ar_neg06_fixed6,cold_start,200,forecast_adaptive_pil,pending,3,1
exp_ar_neg06_fixed6,cold_start,200,conditional_pil,pending,3,1
exp_ar_neg06_fixed6,cold_start,200,pil_cop_continuation,pending,3,1
exp_ar_neg06_fixed6,cold_start,200,capped_evolve,pending,3,3
exp_ar_neg06_fixed6,cold_start,200,unrestricted_evolve,pending,3,3
exp_ar_neg06_fixed6,cold_start,500,forecast_adaptive_pil,pending,3,1
exp_ar_neg06_fixed6,cold_start,500,conditional_pil,pending,3,1
exp_ar_neg06_fixed6,cold_start,500,pil_cop_continuation,pending,3,1
exp_ar_neg06_fixed6,cold_start,500,capped_evolve,pending,3,3
exp_ar_neg06_fixed6,cold_start,500,unrestricted_evolve,pending,3,3
exp_regime095_fixed6,steady,50,forecast_adaptive_pil,pending,3,1
exp_regime095_fixed6,steady,50,conditional_pil,pending,3,1
exp_regime095_fixed6,steady,50,pil_cop_continuation,pending,3,1
exp_regime095_fixed6,steady,50,capped_evolve,pending,3,3
exp_regime095_fixed6,steady,50,unrestricted_evolve,pending,3,3
exp_regime095_fixed6,steady,100,forecast_adaptive_pil,pending,3,1
exp_regime095_fixed6,steady,100,conditional_pil,pending,3,1
exp_regime095_fixed6,steady,100,pil_cop_continuation,pending,3,1
exp_regime095_fixed6,steady,100,capped_evolve,pending,3,3
exp_regime095_fixed6,steady,100,unrestricted_evolve,pending,3,3
exp_regime095_fixed6,steady,200,forecast_adaptive_pil,pending,3,1
exp_regime095_fixed6,steady,200,conditional_pil,pending,3,1
exp_regime095_fixed6,steady,200,pil_cop_continuation,pending,3,1
exp_regime095_fixed6,steady,200,capped_evolve,pending,3,3
exp_regime095_fixed6,steady,200,unrestricted_evolve,pending,3,3
exp_regime095_fixed6,steady,500,forecast_adaptive_pil,pending,3,1
exp_regime095_fixed6,steady,500,conditional_pil,pending,3,1
exp_regime095_fixed6,steady,500,pil_cop_continuation,pending,3,1
exp_regime095_fixed6,steady,500,capped_evolve,pending,3,3
exp_regime095_fixed6,steady,500,unrestricted_evolve,pending,3,3
exp_regime095_fixed6,cold_start,50,forecast_adaptive_pil,pending,3,1
exp_regime095_fixed6,cold_start,50,conditional_pil,pending,3,1
exp_regime095_fixed6,cold_start,50,pil_cop_continuation,pending,3,1
exp_regime095_fixed6,cold_start,50,capped_evolve,pending,3,3
exp_regime095_fixed6,cold_start,50,unrestricted_evolve,pending,3,3
exp_regime095_fixed6,cold_start,100,forecast_adaptive_pil,pending,3,1
exp_regime095_fixed6,cold_start,100,conditional_pil,pending,3,1
exp_regime095_fixed6,cold_start,100,pil_cop_continuation,pending,3,1
exp_regime095_fixed6,cold_start,100,capped_evolve,pending,3,3
exp_regime095_fixed6,cold_start,100,unrestricted_evolve,pending,3,3
exp_regime095_fixed6,cold_start,200,forecast_adaptive_pil,pending,3,1
exp_regime095_fixed6,cold_start,200,conditional_pil,pending,3,1
exp_regime095_fixed6,cold_start,200,pil_cop_continuation,pending,3,1
exp_regime095_fixed6,cold_start,200,capped_evolve,pending,3,3
exp_regime095_fixed6,cold_start,200,unrestricted_evolve,pending,3,3
exp_regime095_fixed6,cold_start,500,forecast_adaptive_pil,pending,3,1
exp_regime095_fixed6,cold_start,500,conditional_pil,pending,3,1
exp_regime095_fixed6,cold_start,500,pil_cop_continuation,pending,3,1
exp_regime095_fixed6,cold_start,500,capped_evolve,pending,3,3
exp_regime095_fixed6,cold_start,500,unrestricted_evolve,pending,3,3
exp_iid_random3_9,steady,50,forecast_adaptive_pil,pending,3,1
exp_iid_random3_9,steady,50,conditional_pil,pending,3,1
exp_iid_random3_9,steady,50,pil_cop_continuation,pending,3,1
exp_iid_random3_9,steady,50,capped_evolve,pending,3,3
exp_iid_random3_9,steady,50,unrestricted_evolve,pending,3,3
exp_iid_random3_9,steady,100,forecast_adaptive_pil,pending,3,1
exp_iid_random3_9,steady,100,conditional_pil,pending,3,1
exp_iid_random3_9,steady,100,pil_cop_continuation,pending,3,1
exp_iid_random3_9,steady,100,capped_evolve,pending,3,3
exp_iid_random3_9,steady,100,unrestricted_evolve,pending,3,3
exp_iid_random3_9,steady,200,forecast_adaptive_pil,pending,3,1
exp_iid_random3_9,steady,200,conditional_pil,pending,3,1
exp_iid_random3_9,steady,200,pil_cop_continuation,pending,3,1
exp_iid_random3_9,steady,200,capped_evolve,pending,3,3
exp_iid_random3_9,steady,200,unrestricted_evolve,pending,3,3
exp_iid_random3_9,steady,500,forecast_adaptive_pil,pending,3,1
exp_iid_random3_9,steady,500,conditional_pil,pending,3,1
exp_iid_random3_9,steady,500,pil_cop_continuation,pending,3,1
exp_iid_random3_9,steady,500,capped_evolve,pending,3,3
exp_iid_random3_9,steady,500,unrestricted_evolve,pending,3,3
exp_iid_random3_9,cold_start,50,forecast_adaptive_pil,pending,3,1
exp_iid_random3_9,cold_start,50,conditional_pil,pending,3,1
exp_iid_random3_9,cold_start,50,pil_cop_continuation,pending,3,1
exp_iid_random3_9,cold_start,50,capped_evolve,pending,3,3
exp_iid_random3_9,cold_start,50,unrestricted_evolve,pending,3,3
exp_iid_random3_9,cold_start,100,forecast_adaptive_pil,pending,3,1
exp_iid_random3_9,cold_start,100,conditional_pil,pending,3,1
exp_iid_random3_9,cold_start,100,pil_cop_continuation,pending,3,1
exp_iid_random3_9,cold_start,100,capped_evolve,pending,3,3
exp_iid_random3_9,cold_start,100,unrestricted_evolve,pending,3,3
exp_iid_random3_9,cold_start,200,forecast_adaptive_pil,pending,3,1
exp_iid_random3_9,cold_start,200,conditional_pil,pending,3,1
exp_iid_random3_9,cold_start,200,pil_cop_continuation,pending,3,1
exp_iid_random3_9,cold_start,200,capped_evolve,pending,3,3
exp_iid_random3_9,cold_start,200,unrestricted_evolve,pending,3,3
exp_iid_random3_9,cold_start,500,forecast_adaptive_pil,pending,3,1
exp_iid_random3_9,cold_start,500,conditional_pil,pending,3,1
exp_iid_random3_9,cold_start,500,pil_cop_continuation,pending,3,1
exp_iid_random3_9,cold_start,500,capped_evolve,pending,3,3
exp_iid_random3_9,cold_start,500,unrestricted_evolve,pending,3,3
exp_regime095_random3_9,steady,50,forecast_adaptive_pil,pending,3,1
exp_regime095_random3_9,steady,50,conditional_pil,pending,3,1
exp_regime095_random3_9,steady,50,pil_cop_continuation,pending,3,1
exp_regime095_random3_9,steady,50,capped_evolve,pending,3,3
exp_regime095_random3_9,steady,50,unrestricted_evolve,pending,3,3
exp_regime095_random3_9,steady,100,forecast_adaptive_pil,pending,3,1
exp_regime095_random3_9,steady,100,conditional_pil,pending,3,1
exp_regime095_random3_9,steady,100,pil_cop_continuation,pending,3,1
exp_regime095_random3_9,steady,100,capped_evolve,pending,3,3
exp_regime095_random3_9,steady,100,unrestricted_evolve,pending,3,3
exp_regime095_random3_9,steady,200,forecast_adaptive_pil,pending,3,1
exp_regime095_random3_9,steady,200,conditional_pil,pending,3,1
exp_regime095_random3_9,steady,200,pil_cop_continuation,pending,3,1
exp_regime095_random3_9,steady,200,capped_evolve,pending,3,3
exp_regime095_random3_9,steady,200,unrestricted_evolve,pending,3,3
exp_regime095_random3_9,steady,500,forecast_adaptive_pil,pending,3,1
exp_regime095_random3_9,steady,500,conditional_pil,pending,3,1
exp_regime095_random3_9,steady,500,pil_cop_continuation,pending,3,1
exp_regime095_random3_9,steady,500,capped_evolve,pending,3,3
exp_regime095_random3_9,steady,500,unrestricted_evolve,pending,3,3
exp_regime095_random3_9,cold_start,50,forecast_adaptive_pil,pending,3,1
exp_regime095_random3_9,cold_start,50,conditional_pil,pending,3,1
exp_regime095_random3_9,cold_start,50,pil_cop_continuation,pending,3,1
exp_regime095_random3_9,cold_start,50,capped_evolve,pending,3,3
exp_regime095_random3_9,cold_start,50,unrestricted_evolve,pending,3,3
exp_regime095_random3_9,cold_start,100,forecast_adaptive_pil,pending,3,1
exp_regime095_random3_9,cold_start,100,conditional_pil,pending,3,1
exp_regime095_random3_9,cold_start,100,pil_cop_continuation,pending,3,1
exp_regime095_random3_9,cold_start,100,capped_evolve,pending,3,3
exp_regime095_random3_9,cold_start,100,unrestricted_evolve,pending,3,3
exp_regime095_random3_9,cold_start,200,forecast_adaptive_pil,pending,3,1
exp_regime095_random3_9,cold_start,200,conditional_pil,pending,3,1
exp_regime095_random3_9,cold_start,200,pil_cop_continuation,pending,3,1
exp_regime095_random3_9,cold_start,200,capped_evolve,pending,3,3
exp_regime095_random3_9,cold_start,200,unrestricted_evolve,pending,3,3
exp_regime095_random3_9,cold_start,500,forecast_adaptive_pil,pending,3,1
exp_regime095_random3_9,cold_start,500,conditional_pil,pending,3,1
exp_regime095_random3_9,cold_start,500,pil_cop_continuation,pending,3,1
exp_regime095_random3_9,cold_start,500,capped_evolve,pending,3,3
exp_regime095_random3_9,cold_start,500,unrestricted_evolve,pending,3,3
