scenario_id,mode,horizon,new_n_repeats,new_planned_repeats,new_mean_cost_per_period,new_generation_sd,primary_ready,forecast_adaptive_pil_mean_cost_per_period,forecast_adaptive_pil_generation_sd,forecast_adaptive_pil_status,conditional_pil_mean_cost_per_period,conditional_pil_generation_sd,conditional_pil_status,pil_cop_continuation_mean_cost_per_period,pil_cop_continuation_generation_sd,pil_cop_continuation_status,capped_evolve_mean_cost_per_period,capped_evolve_generation_sd,capped_evolve_status,unrestricted_evolve_mean_cost_per_period,unrestricted_evolve_generation_sd,unrestricted_evolve_status
exp_iid_fixed6,steady,50,0,3,,,False,123.5314890177921,,pending,123.34309708082888,,pending,123.34309708082888,,pending,124.81863208348796,1.1250186595519485,pending,,,pending
exp_iid_fixed6,steady,100,0,3,,,False,123.76633763846297,,pending,123.62369713351934,,pending,123.62369713351934,,pending,125.06945714536312,1.1812808054750623,pending,,,pending
exp_iid_fixed6,steady,200,0,3,,,False,123.64475659144759,,pending,123.48107258002206,,pending,123.48107258002206,,pending,124.97485777596047,1.1343235005642118,pending,,,pending
exp_iid_fixed6,steady,500,0,3,,,False,123.73704093285677,,pending,123.59052360477737,,pending,123.59052360477737,,pending,125.09916598558567,1.1342365089124367,pending,,,pending
exp_iid_fixed6,cold_start,50,0,3,,,False,132.2894461293466,,pending,132.30595214712463,,pending,132.30595214712463,,pending,145.21779853398678,3.627068652129445,pending,,,pending
exp_iid_fixed6,cold_start,100,0,3,,,False,127.6272300530386,,pending,127.57228005077839,,pending,127.57228005077839,,pending,134.76552244684058,1.6098695698766363,pending,,,pending
exp_iid_fixed6,cold_start,200,0,3,,,False,125.53683885554503,,pending,125.45735385381028,,pending,125.45735385381028,,pending,129.7869317713233,0.8371277911268065,pending,,,pending
exp_iid_fixed6,cold_start,500,0,3,,,False,124.3062761082149,,pending,124.20147391044411,,pending,124.20147391044411,,pending,126.81529130544713,0.9110180608235439,pending,,,pending
exp_ar_pos08_fixed6,steady,50,0,3,,,False,162.51993297815463,,pending,163.05951597651037,,pending,163.05951597651037,,pending,166.84026581954274,2.454689532037106,pending,,,pending
exp_ar_pos08_fixed6,steady,100,0,3,,,False,161.70770090808267,,pending,162.4022919864621,,pending,162.4022919864621,,pending,166.12162689400347,2.4594624353660106,pending,,,pending
exp_ar_pos08_fixed6,steady,200,0,3,,,False,161.81033978872654,,pending,162.47453944886703,,pending,162.47453944886703,,pending,166.17068822022603,2.4593585505645934,pending,,,pending
exp_ar_pos08_fixed6,steady,500,0,3,,,False,161.44540336404606,,pending,162.14147990042312,,pending,162.14147990042312,,pending,165.81710390638884,2.405882350975689,pending,,,pending
exp_ar_pos08_fixed6,cold_start,50,0,3,,,False,165.32366464313913,,pending,165.93039026781852,,pending,165.93039026781852,,pending,174.4759807915566,5.647582098059247,pending,,,pending
exp_ar_pos08_fixed6,cold_start,100,0,3,,,False,163.5540955200927,,pending,164.1285267892381,,pending,164.1285267892381,,pending,170.30289334862005,4.0309709542856975,pending,,,pending
exp_ar_pos08_fixed6,cold_start,200,0,3,,,False,161.793616976742,,pending,162.41724593078268,,pending,162.41724593078268,,pending,167.3842391027766,3.2784349768192187,pending,,,pending
exp_ar_pos08_fixed6,cold_start,500,0,3,,,False,161.72956780901302,,pending,162.38529535492754,,pending,162.38529535492754,,pending,166.62117410365923,2.793220863051788,pending,,,pending
exp_ar_neg06_fixed6,steady,50,0,3,,,False,99.53698139860504,,pending,99.4147817946614,,pending,99.4147817946614,,pending,101.34201943237274,3.024942716897476,pending,,,pending
exp_ar_neg06_fixed6,steady,100,0,3,,,False,99.75381860324258,,pending,99.69645678722861,,pending,99.69645678722861,,pending,101.66111734719719,3.126770777935003,pending,,,pending
exp_ar_neg06_fixed6,steady,200,0,3,,,False,100.00697023518077,,pending,99.95988235996779,,pending,99.95988235996779,,pending,101.88594888000193,3.105275838535983,pending,,,pending
exp_ar_neg06_fixed6,steady,500,0,3,,,False,100.24771874869364,,pending,100.24756750197959,,pending,100.24756750197959,,pending,102.18883884585283,3.1852865835133986,pending,,,pending
exp_ar_neg06_fixed6,cold_start,50,0,3,,,False,111.6743775207906,,pending,111.6357114512477,,pending,111.6357114512477,,pending,122.38232778161944,14.117773265868093,pending,,,pending
exp_ar_neg06_fixed6,cold_start,100,0,3,,,False,106.24468155063725,,pending,106.2384054487148,,pending,106.2384054487148,,pending,112.66226146186648,8.830383749761602,pending,,,pending
exp_ar_neg06_fixed6,cold_start,200,0,3,,,False,102.99853425795094,,pending,102.99627789176344,,pending,102.99627789176344,,pending,107.24024562040749,6.137371480286451,pending,,,pending
exp_ar_neg06_fixed6,cold_start,500,0,3,,,False,101.15440741710435,,pending,101.17521618746983,,pending,101.17521618746983,,pending,104.04581413604684,4.380748256567363,pending,,,pending
exp_regime095_fixed6,steady,50,0,3,,,False,146.72104944338335,,pending,149.54506016809725,,pending,149.54506016809725,,pending,151.68201350830643,2.653128164738987,pending,,,pending
exp_regime095_fixed6,steady,100,0,3,,,False,146.98599621990755,,pending,149.76653792443423,,pending,149.76653792443423,,pending,151.9384262287363,2.686629926332699,pending,,,pending
exp_regime095_fixed6,steady,200,0,3,,,False,147.73312395515933,,pending,150.404058237885,,pending,150.404058237885,,pending,152.55988929909617,2.626147783677059,pending,,,pending
exp_regime095_fixed6,steady,500,0,3,,,False,148.9084124609371,,pending,151.4570790230042,,pending,151.4570790230042,,pending,153.68663152708208,2.7135570981658304,pending,,,pending
exp_regime095_fixed6,cold_start,50,0,3,,,False,152.82795956046598,,pending,155.86113898479357,,pending,155.86113898479357,,pending,161.5782905369524,5.971651963379532,pending,,,pending
exp_regime095_fixed6,cold_start,100,0,3,,,False,151.35391625085148,,pending,153.9435848732392,,pending,153.9435848732392,,pending,158.19163204954563,4.38478546517033,pending,,,pending
exp_regime095_fixed6,cold_start,200,0,3,,,False,150.42978253038748,,pending,152.82221582468165,,pending,152.82221582468165,,pending,156.02947576389136,3.543841518979267,pending,,,pending
exp_regime095_fixed6,cold_start,500,0,3,,,False,150.07116326955432,,pending,152.3826686139565,,pending,152.3826686139565,,pending,155.1015173509036,3.0275974612878525,pending,,,pending
exp_iid_random3_9,steady,50,0,3,,,False,131.8681000072974,,pending,132.19544439691327,,pending,132.75153522358184,,pending,139.78600803685302,5.848417922389577,pending,,,pending
exp_iid_random3_9,steady,100,0,3,,,False,132.1337832548984,,pending,132.34967407175802,,pending,132.98880730520779,,pending,140.16011424980508,5.8765253258879,pending,,,pending
exp_iid_random3_9,steady,200,0,3,,,False,131.99172911276656,,pending,132.23273220434578,,pending,132.73272289874996,,pending,139.94601253043194,5.921127118998577,pending,,,pending
exp_iid_random3_9,steady,500,0,3,,,False,132.08643188865676,,pending,132.3306691027788,,pending,132.84721785758853,,pending,139.92854442719516,5.906696565505958,pending,,,pending
exp_iid_random3_9,cold_start,50,0,3,,,False,138.0755971798406,,pending,138.21721582780307,,pending,138.4222266997561,,pending,151.79588996260213,8.893002571785903,pending,,,pending
exp_iid_random3_9,cold_start,100,0,3,,,False,134.57312147961233,,pending,134.7454018110458,,pending,135.12127310966144,,pending,145.4046321495995,7.6179601278555715,pending,,,pending
exp_iid_random3_9,cold_start,200,0,3,,,False,133.12453290857442,,pending,133.34061249322085,,pending,133.8931717123404,,pending,142.44244106686676,6.780471575596854,pending,,,pending
exp_iid_random3_9,cold_start,500,0,3,,,False,132.40098316786856,,pending,132.64190051959096,,pending,133.13155992723378,,pending,140.80468788911045,6.3423106854464555,pending,,,pending
exp_regime095_random3_9,steady,50,0,3,,,False,147.29158479929168,,pending,153.6403417902594,,pending,151.46078065049383,,pending,152.43853686223963,2.1605211054619127,pending,,,pending
exp_regime095_random3_9,steady,100,0,3,,,False,147.07528823781612,,pending,153.701170948347,,pending,151.55830535534736,,pending,152.4178881671881,2.277767366093692,pending,,,pending
exp_regime095_random3_9,steady,200,0,3,,,False,147.79132070207473,,pending,154.42645486171227,,pending,152.14896159791724,,pending,153.12586305287564,2.3228688611423354,pending,,,pending
exp_regime095_random3_9,steady,500,0,3,,,False,149.00905596579383,,pending,155.45239581139987,,pending,153.21374751577116,,pending,154.34134036536454,2.2995702081498024,pending,,,pending
exp_regime095_random3_9,cold_start,50,0,3,,,False,151.47178884000834,,pending,158.1063419873669,,pending,156.00994326140088,,pending,157.4258190021327,3.141704975064476,pending,,,pending
exp_regime095_random3_9,cold_start,100,0,3,,,False,150.5213225333459,,pending,157.107579950786,,pending,154.97484342239122,,pending,156.23172204951825,2.7938724144460387,pending,,,pending
exp_regime095_random3_9,cold_start,200,0,3,,,False,149.94966487818658,,pending,156.32343123077015,,pending,154.20432891342492,,pending,155.3668371265346,2.5603098628702483,pending,,,pending
exp_regime095_random3_9,cold_start,500,0,3,,,False,149.97187503813169,,pending,156.13233300058036,,pending,153.9722282772461,,pending,155.34321276206614,2.417545540996964,pending,,,pending
