scenario_id,repeat,policy_id,training_horizon,stage,generation,mean_train_cost_per_period
exp_iid_fixed6,1,self_evolve_h200_r1,200,original_adaptive_pil,-1,123.95571224940359
exp_iid_fixed6,1,self_evolve_h200_r1,200,automatically_retuned_gen0,0,123.95550825000001
exp_iid_fixed6,1,self_evolve_h200_r1,200,evolved,1,123.95550825000001
exp_iid_fixed6,1,self_evolve_h200_r1,200,evolved,2,123.95550825000001
exp_iid_fixed6,1,self_evolve_h200_r1,200,evolved,3,123.95550825000001
exp_iid_fixed6,1,self_evolve_h200_r1,200,evolved,4,123.95550825000001
exp_iid_fixed6,1,self_evolve_h200_r1,200,evolved,5,123.95550825000001
exp_iid_fixed6,1,self_evolve_h200_r1,200,evolved,6,123.95550825000001
exp_iid_fixed6,1,self_evolve_h200_r1,200,evolved,7,123.95550825000001
exp_iid_fixed6,1,self_evolve_h200_r1,200,evolved,8,123.95550825000001
exp_iid_fixed6,1,self_evolve_h200_r1,200,evolved,9,123.95550825000001
exp_iid_fixed6,1,self_evolve_h200_r1,200,evolved,10,123.95550825000001
exp_iid_fixed6,2,self_evolve_h200_r2,200,original_adaptive_pil,-1,123.95571224940359
exp_iid_fixed6,2,self_evolve_h200_r2,200,automatically_retuned_gen0,0,123.95550825000001
exp_iid_fixed6,2,self_evolve_h200_r2,200,evolved,1,123.95550825000001
exp_iid_fixed6,2,self_evolve_h200_r2,200,evolved,2,123.9460328
exp_iid_fixed6,2,self_evolve_h200_r2,200,evolved,3,123.9460328
exp_iid_fixed6,2,self_evolve_h200_r2,200,evolved,4,123.9460328
exp_iid_fixed6,2,self_evolve_h200_r2,200,evolved,5,123.934463
exp_iid_fixed6,2,self_evolve_h200_r2,200,evolved,6,123.934463
exp_iid_fixed6,2,self_evolve_h200_r2,200,evolved,7,123.9258452
exp_iid_fixed6,2,self_evolve_h200_r2,200,evolved,8,123.9200122
exp_iid_fixed6,2,self_evolve_h200_r2,200,evolved,9,123.9131771
exp_iid_fixed6,2,self_evolve_h200_r2,200,evolved,10,123.9131771
exp_iid_fixed6,3,self_evolve_h200_r3,200,original_adaptive_pil,-1,123.95571224940359
exp_iid_fixed6,3,self_evolve_h200_r3,200,automatically_retuned_gen0,0,123.95550825000001
exp_ar_pos08_fixed6,1,self_evolve_h200_r1,200,original_adaptive_pil,-1,166.59415298176413
exp_ar_pos08_fixed6,1,self_evolve_h200_r1,200,automatically_retuned_gen0,0,166.59415195000003
exp_ar_pos08_fixed6,1,self_evolve_h200_r1,200,evolved,1,166.59415195000003
exp_ar_pos08_fixed6,1,self_evolve_h200_r1,200,evolved,2,166.59415195000003
exp_ar_pos08_fixed6,1,self_evolve_h200_r1,200,evolved,3,166.59415195000003
exp_ar_pos08_fixed6,1,self_evolve_h200_r1,200,evolved,4,166.59415195000003
exp_ar_pos08_fixed6,1,self_evolve_h200_r1,200,evolved,5,166.59415195000003
exp_ar_pos08_fixed6,1,self_evolve_h200_r1,200,evolved,6,166.59415195000003
exp_ar_pos08_fixed6,1,self_evolve_h200_r1,200,evolved,7,166.59415195000003
exp_ar_pos08_fixed6,1,self_evolve_h200_r1,200,evolved,8,166.59415195000003
exp_ar_pos08_fixed6,1,self_evolve_h200_r1,200,evolved,9,166.59415195000003
exp_ar_pos08_fixed6,1,self_evolve_h200_r1,200,evolved,10,166.59415195000003
exp_ar_pos08_fixed6,2,self_evolve_h200_r2,200,original_adaptive_pil,-1,166.59415298176413
exp_ar_pos08_fixed6,2,self_evolve_h200_r2,200,automatically_retuned_gen0,0,166.59415195000003
exp_ar_pos08_fixed6,2,self_evolve_h200_r2,200,evolved,1,166.59415195000003
exp_ar_pos08_fixed6,2,self_evolve_h200_r2,200,evolved,2,166.59415195000003
exp_ar_pos08_fixed6,2,self_evolve_h200_r2,200,evolved,3,166.59415195000003
exp_ar_pos08_fixed6,2,self_evolve_h200_r2,200,evolved,4,166.59377135
exp_ar_pos08_fixed6,2,self_evolve_h200_r2,200,evolved,5,166.59377135
exp_ar_pos08_fixed6,2,self_evolve_h200_r2,200,evolved,6,166.59377135
exp_ar_pos08_fixed6,2,self_evolve_h200_r2,200,evolved,7,166.59377135
exp_ar_pos08_fixed6,2,self_evolve_h200_r2,200,evolved,8,166.59377135
exp_ar_pos08_fixed6,2,self_evolve_h200_r2,200,evolved,9,166.59377135
exp_ar_pos08_fixed6,2,self_evolve_h200_r2,200,evolved,10,166.59377135
exp_ar_pos08_fixed6,3,self_evolve_h200_r3,200,original_adaptive_pil,-1,166.59415298176413
exp_ar_pos08_fixed6,3,self_evolve_h200_r3,200,automatically_retuned_gen0,0,166.59415195000003
exp_ar_neg06_fixed6,1,self_evolve_h200_r1,200,original_adaptive_pil,-1,100.19812171911249
exp_ar_neg06_fixed6,1,self_evolve_h200_r1,200,automatically_retuned_gen0,0,100.19801
exp_ar_neg06_fixed6,1,self_evolve_h200_r1,200,evolved,1,100.19801
exp_ar_neg06_fixed6,1,self_evolve_h200_r1,200,evolved,2,100.19801
exp_ar_neg06_fixed6,1,self_evolve_h200_r1,200,evolved,3,100.19801
exp_ar_neg06_fixed6,1,self_evolve_h200_r1,200,evolved,4,100.19801
exp_ar_neg06_fixed6,1,self_evolve_h200_r1,200,evolved,5,100.19801
exp_ar_neg06_fixed6,1,self_evolve_h200_r1,200,evolved,6,100.19801
exp_ar_neg06_fixed6,1,self_evolve_h200_r1,200,evolved,7,100.19801
exp_ar_neg06_fixed6,1,self_evolve_h200_r1,200,evolved,8,100.19801
exp_ar_neg06_fixed6,1,self_evolve_h200_r1,200,evolved,9,100.19801
exp_ar_neg06_fixed6,1,self_evolve_h200_r1,200,evolved,10,100.19801
exp_ar_neg06_fixed6,2,self_evolve_h200_r2,200,original_adaptive_pil,-1,100.19812171911249
exp_ar_neg06_fixed6,2,self_evolve_h200_r2,200,automatically_retuned_gen0,0,100.19801
exp_ar_neg06_fixed6,2,self_evolve_h200_r2,200,evolved,1,100.19801
exp_ar_neg06_fixed6,2,self_evolve_h200_r2,200,evolved,2,100.19801
exp_ar_neg06_fixed6,2,self_evolve_h200_r2,200,evolved,3,100.19801
exp_ar_neg06_fixed6,2,self_evolve_h200_r2,200,evolved,4,100.19801
exp_ar_neg06_fixed6,2,self_evolve_h200_r2,200,evolved,5,100.19801
exp_ar_neg06_fixed6,2,self_evolve_h200_r2,200,evolved,6,100.19801
exp_ar_neg06_fixed6,2,self_evolve_h200_r2,200,evolved,7,100.19801
exp_ar_neg06_fixed6,2,self_evolve_h200_r2,200,evolved,8,100.19786255000001
exp_ar_neg06_fixed6,2,self_evolve_h200_r2,200,evolved,9,100.19786255000001
exp_ar_neg06_fixed6,2,self_evolve_h200_r2,200,evolved,10,100.19786255000001
exp_ar_neg06_fixed6,3,self_evolve_h200_r3,200,original_adaptive_pil,-1,100.19812171911249
exp_ar_neg06_fixed6,3,self_evolve_h200_r3,200,automatically_retuned_gen0,0,100.19801
exp_regime095_fixed6,1,self_evolve_h200_r1,200,original_adaptive_pil,-1,148.15124556677674
exp_regime095_fixed6,1,self_evolve_h200_r1,200,automatically_retuned_gen0,0,148.1512439
exp_regime095_fixed6,1,self_evolve_h200_r1,200,evolved,1,148.1512439
exp_regime095_fixed6,1,self_evolve_h200_r1,200,evolved,2,148.1512439
exp_regime095_fixed6,1,self_evolve_h200_r1,200,evolved,3,148.1512439
exp_regime095_fixed6,1,self_evolve_h200_r1,200,evolved,4,148.1512439
exp_regime095_fixed6,1,self_evolve_h200_r1,200,evolved,5,148.1512439
exp_regime095_fixed6,1,self_evolve_h200_r1,200,evolved,6,148.1512439
exp_regime095_fixed6,1,self_evolve_h200_r1,200,evolved,7,148.1512439
exp_regime095_fixed6,1,self_evolve_h200_r1,200,evolved,8,148.1512439
exp_regime095_fixed6,1,self_evolve_h200_r1,200,evolved,9,148.1512439
exp_regime095_fixed6,1,self_evolve_h200_r1,200,evolved,10,148.1512439
exp_regime095_fixed6,2,self_evolve_h200_r2,200,original_adaptive_pil,-1,148.15124556677674
exp_regime095_fixed6,2,self_evolve_h200_r2,200,automatically_retuned_gen0,0,148.1512439
exp_regime095_fixed6,2,self_evolve_h200_r2,200,evolved,1,148.1512439
exp_regime095_fixed6,2,self_evolve_h200_r2,200,evolved,2,148.1512439
exp_regime095_fixed6,2,self_evolve_h200_r2,200,evolved,3,148.1512439
exp_regime095_fixed6,2,self_evolve_h200_r2,200,evolved,4,148.1512439
exp_regime095_fixed6,2,self_evolve_h200_r2,200,evolved,5,148.1512439
exp_regime095_fixed6,2,self_evolve_h200_r2,200,evolved,6,148.1512439
exp_regime095_fixed6,3,self_evolve_h200_r3,200,original_adaptive_pil,-1,148.15124556677674
exp_regime095_fixed6,3,self_evolve_h200_r3,200,automatically_retuned_gen0,0,148.1512439
exp_regime095_fixed6,3,self_evolve_h200_r3,200,evolved,1,148.1512439
exp_iid_random3_9,1,self_evolve_h200_r1,200,original_adaptive_pil,-1,133.52727276856254
exp_iid_random3_9,1,self_evolve_h200_r1,200,automatically_retuned_gen0,0,133.5182
exp_iid_random3_9,1,self_evolve_h200_r1,200,evolved,1,133.5182
exp_iid_random3_9,1,self_evolve_h200_r1,200,evolved,2,133.5182
exp_iid_random3_9,1,self_evolve_h200_r1,200,evolved,3,133.51677734999998
exp_iid_random3_9,1,self_evolve_h200_r1,200,evolved,4,133.51677734999998
exp_iid_random3_9,1,self_evolve_h200_r1,200,evolved,5,133.51677734999998
exp_iid_random3_9,1,self_evolve_h200_r1,200,evolved,6,133.51677734999998
exp_iid_random3_9,1,self_evolve_h200_r1,200,evolved,7,133.51677734999998
exp_iid_random3_9,1,self_evolve_h200_r1,200,evolved,8,133.51677734999998
exp_iid_random3_9,1,self_evolve_h200_r1,200,evolved,9,133.51677734999998
exp_iid_random3_9,1,self_evolve_h200_r1,200,evolved,10,133.51677734999998
exp_iid_random3_9,2,self_evolve_h200_r2,200,original_adaptive_pil,-1,133.52727276856254
exp_iid_random3_9,2,self_evolve_h200_r2,200,automatically_retuned_gen0,0,133.5182
exp_iid_random3_9,2,self_evolve_h200_r2,200,evolved,1,133.5182
exp_iid_random3_9,2,self_evolve_h200_r2,200,evolved,2,133.5182
exp_iid_random3_9,2,self_evolve_h200_r2,200,evolved,3,133.5182
exp_iid_random3_9,2,self_evolve_h200_r2,200,evolved,4,133.5182
exp_iid_random3_9,2,self_evolve_h200_r2,200,evolved,5,133.5182
exp_iid_random3_9,2,self_evolve_h200_r2,200,evolved,6,133.5182
exp_iid_random3_9,3,self_evolve_h200_r3,200,original_adaptive_pil,-1,133.52727276856254
exp_iid_random3_9,3,self_evolve_h200_r3,200,automatically_retuned_gen0,0,133.5182
exp_iid_random3_9,3,self_evolve_h200_r3,200,evolved,1,133.5182
exp_regime095_random3_9,1,self_evolve_h200_r1,200,original_adaptive_pil,-1,148.10674934717147
exp_regime095_random3_9,1,self_evolve_h200_r1,200,automatically_retuned_gen0,0,148.10674935
exp_regime095_random3_9,1,self_evolve_h200_r1,200,evolved,1,147.97483275000002
exp_regime095_random3_9,1,self_evolve_h200_r1,200,evolved,2,147.8970971
exp_regime095_random3_9,1,self_evolve_h200_r1,200,evolved,3,147.78715019999999
exp_regime095_random3_9,1,self_evolve_h200_r1,200,evolved,4,147.73837505
exp_regime095_random3_9,1,self_evolve_h200_r1,200,evolved,5,147.61052385000002
exp_regime095_random3_9,1,self_evolve_h200_r1,200,evolved,6,147.5813967
exp_regime095_random3_9,1,self_evolve_h200_r1,200,evolved,7,147.5813967
exp_regime095_random3_9,1,self_evolve_h200_r1,200,evolved,8,147.5666403
exp_regime095_random3_9,1,self_evolve_h200_r1,200,evolved,9,147.1418581
exp_regime095_random3_9,1,self_evolve_h200_r1,200,evolved,10,147.1418581
exp_regime095_random3_9,2,self_evolve_h200_r2,200,original_adaptive_pil,-1,148.10674934717147
exp_regime095_random3_9,2,self_evolve_h200_r2,200,automatically_retuned_gen0,0,148.10674935
exp_regime095_random3_9,2,self_evolve_h200_r2,200,evolved,1,147.874388
exp_regime095_random3_9,3,self_evolve_h200_r3,200,original_adaptive_pil,-1,148.10674934717147
exp_regime095_random3_9,3,self_evolve_h200_r3,200,automatically_retuned_gen0,0,148.10674935
exp_regime095_random3_9,3,self_evolve_h200_r3,200,evolved,1,148.10674935
