name,m,L,cv,f,split,method,simulated_cost,dp_gain_lower,dp_gain_upper,bellman_span,empirical_gap_pct
perish_m3_L2_cv1.5_f0,3,2,1.5,0.0,discovery,one_query,233.77378472222222,233.8993917643501,233.899391772012,7.661896006538882e-09,-0.053701313632874136
perish_m3_L2_cv1.5_f0,3,2,1.5,0.0,discovery,best_of_n,233.4087673611111,233.8993917643501,233.899391772012,7.661896006538882e-09,-0.20975873573719708
perish_m3_L2_cv1.5_f0,3,2,1.5,0.0,discovery,evolution,233.4157986111111,233.8993917643501,233.899391772012,7.661896006538882e-09,-0.20675263557300697
perish_m3_L2_cv1.5_f0,3,2,1.5,0.0,discovery,baek,233.62968749999996,233.8993917643501,233.899391772012,7.661896006538882e-09,-0.11530781082508253
perish_m3_L2_cv1.5_f0.5,3,2,1.5,0.5,discovery,one_query,203.99253472222222,203.6206552398554,203.62065524718616,7.330754669965245e-09,0.18263347510432076
perish_m3_L2_cv1.5_f0.5,3,2,1.5,0.5,discovery,best_of_n,203.9078125,203.6206552398554,203.62065524718616,7.330754669965245e-09,0.14102560279839596
perish_m3_L2_cv1.5_f0.5,3,2,1.5,0.5,discovery,evolution,203.99435763888889,203.6206552398554,203.62065524718616,7.330754669965245e-09,0.1835287264551665
perish_m3_L2_cv1.5_f0.5,3,2,1.5,0.5,discovery,baek,203.7341145833333,203.6206552398554,203.62065524718616,7.330754669965245e-09,0.05572093836788307
perish_m3_L2_cv2_f0,3,2,2.0,0.0,discovery,one_query,263.57916666666665,263.4837967336787,263.48379674365594,9.977270565286744e-09,0.03619574682762534
perish_m3_L2_cv2_f0,3,2,2.0,0.0,discovery,best_of_n,263.5385416666667,263.4837967336787,263.48379674365594,9.977270565286744e-09,0.02077734140656235
perish_m3_L2_cv2_f0,3,2,2.0,0.0,discovery,evolution,263.65225694444445,263.4837967336787,263.48379674365594,9.977270565286744e-09,0.06393569846126897
perish_m3_L2_cv2_f0,3,2,2.0,0.0,discovery,baek,263.6105034722222,263.4837967336787,263.48379674365594,9.977270565286744e-09,0.048089004000716425
perish_m3_L2_cv2_f0.5,3,2,2.0,0.5,discovery,one_query,233.81605902777778,234.11681376908695,234.1168137769558,7.868862894611084e-09,-0.12846353937447866
perish_m3_L2_cv2_f0.5,3,2,2.0,0.5,discovery,best_of_n,233.68897569444445,234.11681376908695,234.1168137769558,7.868862894611084e-09,-0.182745558373994
perish_m3_L2_cv2_f0.5,3,2,2.0,0.5,discovery,evolution,233.7448784722222,234.11681376908695,234.1168137769558,7.868862894611084e-09,-0.15886740247530728
perish_m3_L2_cv2_f0.5,3,2,2.0,0.5,discovery,baek,233.74184027777778,234.11681376908695,234.1168137769558,7.868862894611084e-09,-0.16016512833936
