name,m,L,cv,f,split,candidate,reference,candidate_cost,reference_cost,improvement_pct,improvement_ci_low,improvement_ci_high,absolute_improvement,absolute_ci_low,absolute_ci_high,paths,bootstrap_draws,path_ci_excludes_zero,excess_cost_pct,excess_cost_ci_low,excess_cost_ci_high,candidate_generations,reference_policies,seed,burnin,horizon,inference
perish_m3_L2_cv1.5_f0,3,2,1.5,0.0,discovery,one_query,exact_dp,233.77378472222222,233.44479166666667,-0.14092970470950092,-0.24014806551742074,-0.03472236237595854,-0.3289930555555429,-0.561026475694409,-0.08090060763887624,128,5000,True,0.14092970470950092,0.03472236237595854,0.24014806551742074,3,1,17094001,500,3000,Demand-path CI conditional on three fixed candidate policies and one fixed DP policy; not a long-run optimality certificate
perish_m3_L2_cv1.5_f0,3,2,1.5,0.0,discovery,best_of_n,exact_dp,233.4087673611111,233.44479166666667,0.015431616742592247,-0.0787575624016751,0.11544544542363586,0.036024305555542924,-0.18350911458333458,0.270151909722213,128,5000,False,-0.015431616742592247,-0.11544544542363586,0.0787575624016751,3,1,17094001,500,3000,Demand-path CI conditional on three fixed candidate policies and one fixed DP policy; not a long-run optimality certificate
perish_m3_L2_cv1.5_f0,3,2,1.5,0.0,discovery,evolution,exact_dp,233.4157986111111,233.44479166666667,0.012419662631393744,-0.08952977259225518,0.11530152701658938,0.028993055555559977,-0.20940321180555016,0.26944878472222333,128,5000,False,-0.012419662631393744,-0.11530152701658938,0.08952977259225518,3,1,17094001,500,3000,Demand-path CI conditional on three fixed candidate policies and one fixed DP policy; not a long-run optimality certificate
perish_m3_L2_cv1.5_f0,3,2,1.5,0.0,discovery,baek,exact_dp,233.62968749999996,233.44479166666667,-0.07920323773910758,-0.15473295137438145,-0.0037066523500262328,-0.18489583333331439,-0.36018446180554375,-0.008669704861098084,128,5000,True,0.07920323773910758,0.0037066523500262328,0.15473295137438145,3,1,17094001,500,3000,Demand-path CI conditional on three fixed candidate policies and one fixed DP policy; not a long-run optimality certificate
perish_m3_L2_cv1.5_f0.5,3,2,1.5,0.5,discovery,one_query,exact_dp,203.99253472222222,203.65130208333335,-0.16755730771082306,-0.19994789640293867,-0.13578082429124289,-0.3412326388888687,-0.4070334201389052,-0.27647352430556826,128,5000,True,0.16755730771082306,0.13578082429124289,0.19994789640293867,3,1,17094001,500,3000,Demand-path CI conditional on three fixed candidate policies and one fixed DP policy; not a long-run optimality certificate
perish_m3_L2_cv1.5_f0.5,3,2,1.5,0.5,discovery,best_of_n,exact_dp,203.9078125,203.65130208333335,-0.12595569684188204,-0.15615893991732818,-0.0945190301355271,-0.25651041666662877,-0.31857638888888645,-0.192532552083317,128,5000,True,0.12595569684188204,0.0945190301355271,0.15615893991732818,3,1,17094001,500,3000,Demand-path CI conditional on three fixed candidate policies and one fixed DP policy; not a long-run optimality certificate
perish_m3_L2_cv1.5_f0.5,3,2,1.5,0.5,discovery,evolution,exact_dp,203.99435763888889,203.65130208333335,-0.16845242433812685,-0.19972604395406302,-0.13789500184995426,-0.34305555555553724,-0.40651258680558017,-0.2813216145833325,128,5000,True,0.16845242433812685,0.13789500184995426,0.19972604395406302,3,1,17094001,500,3000,Demand-path CI conditional on three fixed candidate policies and one fixed DP policy; not a long-run optimality certificate
perish_m3_L2_cv1.5_f0.5,3,2,1.5,0.5,discovery,baek,exact_dp,203.7341145833333,203.65130208333335,-0.040663869640323765,-0.055956755797133176,-0.025214549433558473,-0.08281249999998863,-0.11380425347221461,-0.05147569444446205,128,5000,True,0.040663869640323765,0.025214549433558473,0.055956755797133176,3,1,17094001,500,3000,Demand-path CI conditional on three fixed candidate policies and one fixed DP policy; not a long-run optimality certificate
perish_m3_L2_cv2_f0,3,2,2.0,0.0,discovery,one_query,exact_dp,263.57916666666665,263.41015625,-0.06416245260727357,-0.1350460158550968,0.001676418459690543,-0.1690104166666515,-0.35539279513889,0.004427083333325754,128,5000,False,0.06416245260727357,-0.001676418459690543,0.1350460158550968,3,1,17094001,500,3000,Demand-path CI conditional on three fixed candidate policies and one fixed DP policy; not a long-run optimality certificate
perish_m3_L2_cv2_f0,3,2,2.0,0.0,discovery,best_of_n,exact_dp,263.5385416666667,263.41015625,-0.04873973672633371,-0.13322013220939924,0.038036546719768353,-0.12838541666667425,-0.35105034722222966,0.10034939236112732,128,5000,False,0.04873973672633371,-0.038036546719768353,0.13322013220939924,3,1,17094001,500,3000,Demand-path CI conditional on three fixed candidate policies and one fixed DP policy; not a long-run optimality certificate
perish_m3_L2_cv2_f0,3,2,2.0,0.0,discovery,evolution,exact_dp,263.65225694444445,263.41015625,-0.09191015938454185,-0.1538177615595307,-0.031530721176799226,-0.2421006944444457,-0.40616753472222344,-0.08315538194448215,128,5000,True,0.09191015938454185,0.031530721176799226,0.1538177615595307,3,1,17094001,500,3000,Demand-path CI conditional on three fixed candidate policies and one fixed DP policy; not a long-run optimality certificate
perish_m3_L2_cv2_f0,3,2,2.0,0.0,discovery,baek,exact_dp,263.6105034722222,263.41015625,-0.07605903472913741,-0.11431920071410216,-0.03863472919001588,-0.20034722222226264,-0.30114149305549487,-0.10147352430561231,128,5000,True,0.07605903472913741,0.03863472919001588,0.11431920071410216,3,1,17094001,500,3000,Demand-path CI conditional on three fixed candidate policies and one fixed DP policy; not a long-run optimality certificate
perish_m3_L2_cv2_f0.5,3,2,2.0,0.5,discovery,one_query,exact_dp,233.81605902777778,233.67890625,-0.05869283624215502,-0.09082939214588184,-0.027508894034745622,-0.13715277777777146,-0.21241536458331253,-0.06440972222222215,128,5000,True,0.05869283624215502,0.027508894034745622,0.09082939214588184,3,1,17094001,500,3000,Demand-path CI conditional on three fixed candidate policies and one fixed DP policy; not a long-run optimality certificate
perish_m3_L2_cv2_f0.5,3,2,2.0,0.5,discovery,best_of_n,exact_dp,233.68897569444445,233.67890625,-0.004309094306384371,-0.01991728991445909,0.01084346109173477,-0.010069444444440023,-0.046529947916671685,0.025347222222251276,128,5000,False,0.004309094306384371,-0.01084346109173477,0.01991728991445909,3,1,17094001,500,3000,Demand-path CI conditional on three fixed candidate policies and one fixed DP policy; not a long-run optimality certificate
perish_m3_L2_cv2_f0.5,3,2,2.0,0.5,discovery,evolution,exact_dp,233.7448784722222,233.67890625,-0.02823199717976261,-0.04704421058715798,-0.008403886396441964,-0.06597222222220012,-0.10981119791666032,-0.019615885416666177,128,5000,True,0.02823199717976261,0.008403886396441964,0.04704421058715798,3,1,17094001,500,3000,Demand-path CI conditional on three fixed candidate policies and one fixed DP policy; not a long-run optimality certificate
perish_m3_L2_cv2_f0.5,3,2,2.0,0.5,discovery,baek,exact_dp,233.74184027777778,233.67890625,-0.02693183941489928,-0.045254398860722855,-0.00802411820633632,-0.06293402777774304,-0.10598958333332575,-0.018656684027734467,128,5000,True,0.02693183941489928,0.00802411820633632,0.045254398860722855,3,1,17094001,500,3000,Demand-path CI conditional on three fixed candidate policies and one fixed DP policy; not a long-run optimality certificate
