name,m,L,cv,f,split,method,cost,generation_sd,generations,best_generation_cost,worst_generation_cost,paths
perish_m3_L2_cv1.5_f0,3,2,1.5,0.0,discovery,baseline_constant,233.37630208333331,,1,233.37630208333331,233.37630208333331,128
perish_m3_L2_cv1.5_f0,3,2,1.5,0.0,discovery,baseline_base_stock,250.48828125,,1,250.48828125,250.48828125,128
perish_m3_L2_cv1.5_f0,3,2,1.5,0.0,discovery,baseline_capped_base_stock,233.37630208333331,,1,233.37630208333331,233.37630208333331,128
perish_m3_L2_cv1.5_f0,3,2,1.5,0.0,discovery,baseline_age_discount,233.37630208333331,,1,233.37630208333331,233.37630208333331,128
perish_m3_L2_cv1.5_f0,3,2,1.5,0.0,discovery,baseline_bsp_low_ew_mixed_l2,234.38072916666664,,1,234.38072916666664,234.38072916666664,128
perish_m3_L2_cv1.5_f0,3,2,1.5,0.0,discovery,one_query,233.77378472222222,0.5779006892480658,3,233.37630208333331,234.43671874999998,128
perish_m3_L2_cv1.5_f0,3,2,1.5,0.0,discovery,best_of_n,233.4087673611111,0.03976821998646515,3,233.37630208333331,233.453125,128
perish_m3_L2_cv1.5_f0,3,2,1.5,0.0,discovery,evolution,233.4157986111111,0.06840999283367206,3,233.37630208333331,233.49479166666666,128
perish_m3_L2_cv1.5_f0,3,2,1.5,0.0,discovery,baek,233.62968749999996,0.23537734161775495,3,233.43671875,233.89192708333331,128
perish_m3_L2_cv1.5_f0.5,3,2,1.5,0.5,discovery,baseline_constant,204.03203125,,1,204.03203125,204.03203125,128
perish_m3_L2_cv1.5_f0.5,3,2,1.5,0.5,discovery,baseline_base_stock,222.11276041666667,,1,222.11276041666667,222.11276041666667,128
perish_m3_L2_cv1.5_f0.5,3,2,1.5,0.5,discovery,baseline_capped_base_stock,204.03203125,,1,204.03203125,204.03203125,128
perish_m3_L2_cv1.5_f0.5,3,2,1.5,0.5,discovery,baseline_age_discount,204.21276041666664,,1,204.21276041666664,204.21276041666664,128
perish_m3_L2_cv1.5_f0.5,3,2,1.5,0.5,discovery,baseline_bsp_low_ew_mixed_l2,203.95442708333331,,1,203.95442708333331,203.95442708333331,128
perish_m3_L2_cv1.5_f0.5,3,2,1.5,0.5,discovery,one_query,203.99253472222222,0.09188994370941916,3,203.8875,204.05807291666667,128
perish_m3_L2_cv1.5_f0.5,3,2,1.5,0.5,discovery,best_of_n,203.9078125,0.14839249134883162,3,203.74348958333334,204.03203125,128
perish_m3_L2_cv1.5_f0.5,3,2,1.5,0.5,discovery,evolution,203.99435763888889,0.2505706829157407,3,203.72708333333333,204.22395833333331,128
perish_m3_L2_cv1.5_f0.5,3,2,1.5,0.5,discovery,baek,203.7341145833333,0.15623524235862782,3,203.63671875,203.91432291666666,128
perish_m3_L2_cv2_f0,3,2,2.0,0.0,discovery,baseline_constant,266.128125,,1,266.128125,266.128125,128
perish_m3_L2_cv2_f0,3,2,2.0,0.0,discovery,baseline_base_stock,277.2484375,,1,277.2484375,277.2484375,128
perish_m3_L2_cv2_f0,3,2,2.0,0.0,discovery,baseline_capped_base_stock,265.6486979166666,,1,265.6486979166666,265.6486979166666,128
perish_m3_L2_cv2_f0,3,2,2.0,0.0,discovery,baseline_age_discount,263.55208333333337,,1,263.55208333333337,263.55208333333337,128
perish_m3_L2_cv2_f0,3,2,2.0,0.0,discovery,baseline_bsp_low_ew_mixed_l2,265.26640625000005,,1,265.26640625000005,265.26640625000005,128
perish_m3_L2_cv2_f0,3,2,2.0,0.0,discovery,one_query,263.57916666666665,0.1777822070099906,3,263.41015625,263.76458333333335,128
perish_m3_L2_cv2_f0,3,2,2.0,0.0,discovery,best_of_n,263.5385416666667,0.05651041666664014,3,263.47395833333337,263.57890625,128
perish_m3_L2_cv2_f0,3,2,2.0,0.0,discovery,evolution,263.65225694444445,0.23075287531812805,3,263.38802083333337,263.8140625,128
perish_m3_L2_cv2_f0,3,2,2.0,0.0,discovery,baek,263.6105034722222,0.344758752415174,3,263.41015625,264.00859374999993,128
perish_m3_L2_cv2_f0.5,3,2,2.0,0.5,discovery,baseline_constant,235.78776041666669,,1,235.78776041666669,235.78776041666669,128
perish_m3_L2_cv2_f0.5,3,2,2.0,0.5,discovery,baseline_base_stock,249.015625,,1,249.015625,249.015625,128
perish_m3_L2_cv2_f0.5,3,2,2.0,0.5,discovery,baseline_capped_base_stock,235.11380208333333,,1,235.11380208333333,235.11380208333333,128
perish_m3_L2_cv2_f0.5,3,2,2.0,0.5,discovery,baseline_age_discount,233.76692708333331,,1,233.76692708333331,233.76692708333331,128
perish_m3_L2_cv2_f0.5,3,2,2.0,0.5,discovery,baseline_bsp_low_ew_mixed_l2,234.22760416666668,,1,234.22760416666668,234.22760416666668,128
perish_m3_L2_cv2_f0.5,3,2,2.0,0.5,discovery,one_query,233.81605902777778,0.07556676644319123,3,233.72916666666669,233.86640624999998,128
perish_m3_L2_cv2_f0.5,3,2,2.0,0.5,discovery,best_of_n,233.68897569444445,0.015560486027280307,3,233.67265625,233.70364583333333,128
perish_m3_L2_cv2_f0.5,3,2,2.0,0.5,discovery,evolution,233.7448784722222,0.08984349838933343,3,233.68776041666666,233.8484375,128
perish_m3_L2_cv2_f0.5,3,2,2.0,0.5,discovery,baek,233.74184027777778,0.10653376034600837,3,233.67890625,233.86484375,128
perish_m4_L2_cv1.5_f0,4,2,1.5,0.0,transfer,baseline_constant,210.32994791666667,,1,210.32994791666667,210.32994791666667,128
perish_m4_L2_cv1.5_f0,4,2,1.5,0.0,transfer,baseline_base_stock,215.53072916666667,,1,215.53072916666667,215.53072916666667,128
perish_m4_L2_cv1.5_f0,4,2,1.5,0.0,transfer,baseline_capped_base_stock,210.32994791666667,,1,210.32994791666667,210.32994791666667,128
perish_m4_L2_cv1.5_f0,4,2,1.5,0.0,transfer,baseline_age_discount,207.16692708333335,,1,207.16692708333335,207.16692708333335,128
perish_m4_L2_cv1.5_f0,4,2,1.5,0.0,transfer,baseline_bsp_low_ew_mixed_l2,206.52942708333333,,1,206.52942708333333,206.52942708333333,128
perish_m4_L2_cv1.5_f0,4,2,1.5,0.0,transfer,one_query,204.11848958333334,0.3807766336404593,3,203.78489583333334,204.53333333333333,128
perish_m4_L2_cv1.5_f0,4,2,1.5,0.0,transfer,best_of_n,203.26857638888887,0.28020304911632443,3,203.05338541666669,203.58541666666667,128
perish_m4_L2_cv1.5_f0,4,2,1.5,0.0,transfer,evolution,205.46527777777774,2.530903213949165,3,203.93854166666665,208.38671875,128
perish_m4_L2_cv1.5_f0,4,2,1.5,0.0,transfer,baek,202.73177083333334,0.16262098194070854,3,202.546875,202.85260416666665,128
perish_m4_L2_cv1.5_f0.5,4,2,1.5,0.5,transfer,baseline_constant,179.52265625,,1,179.52265625,179.52265625,128
perish_m4_L2_cv1.5_f0.5,4,2,1.5,0.5,transfer,baseline_base_stock,188.2265625,,1,188.2265625,188.2265625,128
perish_m4_L2_cv1.5_f0.5,4,2,1.5,0.5,transfer,baseline_capped_base_stock,178.33046874999997,,1,178.33046874999997,178.33046874999997,128
perish_m4_L2_cv1.5_f0.5,4,2,1.5,0.5,transfer,baseline_age_discount,175.96276041666667,,1,175.96276041666667,175.96276041666667,128
perish_m4_L2_cv1.5_f0.5,4,2,1.5,0.5,transfer,baseline_bsp_low_ew_mixed_l2,176.3046875,,1,176.3046875,176.3046875,128
perish_m4_L2_cv1.5_f0.5,4,2,1.5,0.5,transfer,one_query,175.7463541666667,0.07440674290518814,3,175.6703125,175.81901041666669,128
perish_m4_L2_cv1.5_f0.5,4,2,1.5,0.5,transfer,best_of_n,177.00677083333335,2.1796330980616485,3,175.68932291666667,179.52265625,128
perish_m4_L2_cv1.5_f0.5,4,2,1.5,0.5,transfer,evolution,175.69600694444443,0.014034340375667956,3,175.68020833333333,175.70703125,128
perish_m4_L2_cv1.5_f0.5,4,2,1.5,0.5,transfer,baek,175.6595486111111,0.04686221855064842,3,175.61015625,175.70338541666666,128
perish_m4_L2_cv2_f0,4,2,2.0,0.0,transfer,baseline_constant,243.63619791666667,,1,243.63619791666667,243.63619791666667,128
perish_m4_L2_cv2_f0,4,2,2.0,0.0,transfer,baseline_base_stock,247.33776041666667,,1,247.33776041666667,247.33776041666667,128
perish_m4_L2_cv2_f0,4,2,2.0,0.0,transfer,baseline_capped_base_stock,242.76171875,,1,242.76171875,242.76171875,128
perish_m4_L2_cv2_f0,4,2,2.0,0.0,transfer,baseline_age_discount,240.4265625,,1,240.4265625,240.4265625,128
perish_m4_L2_cv2_f0,4,2,2.0,0.0,transfer,baseline_bsp_low_ew_mixed_l2,240.76354166666667,,1,240.76354166666667,240.76354166666667,128
perish_m4_L2_cv2_f0,4,2,2.0,0.0,transfer,one_query,237.42821180555555,0.08073140677896899,3,237.33776041666664,237.49296875,128
perish_m4_L2_cv2_f0,4,2,2.0,0.0,transfer,best_of_n,237.31553819444446,0.2579478460668018,3,237.14453125,237.61223958333332,128
perish_m4_L2_cv2_f0,4,2,2.0,0.0,transfer,evolution,238.60269097222218,1.6733018625110792,3,237.44947916666666,240.521875,128
perish_m4_L2_cv2_f0,4,2,2.0,0.0,transfer,baek,236.7473090277778,0.18056179459705846,3,236.53958333333335,236.86666666666667,128
perish_m4_L2_cv2_f0.5,4,2,2.0,0.5,transfer,baseline_constant,212.04322916666666,,1,212.04322916666666,212.04322916666666,128
perish_m4_L2_cv2_f0.5,4,2,2.0,0.5,transfer,baseline_base_stock,220.52994791666669,,1,220.52994791666669,220.52994791666669,128
perish_m4_L2_cv2_f0.5,4,2,2.0,0.5,transfer,baseline_capped_base_stock,211.23072916666666,,1,211.23072916666666,211.23072916666666,128
perish_m4_L2_cv2_f0.5,4,2,2.0,0.5,transfer,baseline_age_discount,210.28020833333335,,1,210.28020833333335,210.28020833333335,128
perish_m4_L2_cv2_f0.5,4,2,2.0,0.5,transfer,baseline_bsp_low_ew_mixed_l2,210.36328125,,1,210.36328125,210.36328125,128
perish_m4_L2_cv2_f0.5,4,2,2.0,0.5,transfer,one_query,210.05112847222222,0.13294272958836292,3,209.91822916666666,210.18411458333333,128
perish_m4_L2_cv2_f0.5,4,2,2.0,0.5,transfer,best_of_n,210.05659722222222,0.12059691235908361,3,209.97265625000003,210.19479166666667,128
perish_m4_L2_cv2_f0.5,4,2,2.0,0.5,transfer,evolution,210.88350694444443,1.0359464794699147,3,210.04973958333332,212.04322916666666,128
perish_m4_L2_cv2_f0.5,4,2,2.0,0.5,transfer,baek,209.90729166666665,0.01837183752546339,3,209.88619791666667,209.91979166666664,128
perish_m5_L2_cv1.5_f0,5,2,1.5,0.0,discovery,baseline_constant,194.02916666666667,,1,194.02916666666667,194.02916666666667,128
perish_m5_L2_cv1.5_f0,5,2,1.5,0.0,discovery,baseline_base_stock,189.56979166666667,,1,189.56979166666667,189.56979166666667,128
perish_m5_L2_cv1.5_f0,5,2,1.5,0.0,discovery,baseline_capped_base_stock,187.67916666666665,,1,187.67916666666665,187.67916666666665,128
perish_m5_L2_cv1.5_f0,5,2,1.5,0.0,discovery,baseline_age_discount,185.42473958333335,,1,185.42473958333335,185.42473958333335,128
perish_m5_L2_cv1.5_f0,5,2,1.5,0.0,discovery,baseline_bsp_low_ew_mixed_l2,183.62161458333333,,1,183.62161458333333,183.62161458333333,128
perish_m5_L2_cv1.5_f0,5,2,1.5,0.0,discovery,one_query,179.7932291666667,1.0624667772072847,3,179.04062500000003,181.00859375,128
perish_m5_L2_cv1.5_f0,5,2,1.5,0.0,discovery,best_of_n,178.88585069444446,0.19431801212578903,3,178.75286458333332,179.10885416666667,128
perish_m5_L2_cv1.5_f0,5,2,1.5,0.0,discovery,evolution,181.21137152777774,2.141105708350945,3,179.36692708333334,183.559375,128
perish_m5_L2_cv1.5_f0,5,2,1.5,0.0,discovery,baek,177.90720486111113,0.34927985162289776,3,177.51067708333332,178.16927083333331,128
perish_m5_L2_cv1.5_f0.5,5,2,1.5,0.5,discovery,baseline_constant,161.59635416666669,,1,161.59635416666669,161.59635416666669,128
perish_m5_L2_cv1.5_f0.5,5,2,1.5,0.5,discovery,baseline_base_stock,163.28645833333334,,1,163.28645833333334,163.28645833333334,128
perish_m5_L2_cv1.5_f0.5,5,2,1.5,0.5,discovery,baseline_capped_base_stock,155.9171875,,1,155.9171875,155.9171875,128
perish_m5_L2_cv1.5_f0.5,5,2,1.5,0.5,discovery,baseline_age_discount,154.24166666666667,,1,154.24166666666667,154.24166666666667,128
perish_m5_L2_cv1.5_f0.5,5,2,1.5,0.5,discovery,baseline_bsp_low_ew_mixed_l2,154.54973958333332,,1,154.54973958333332,154.54973958333332,128
perish_m5_L2_cv1.5_f0.5,5,2,1.5,0.5,discovery,one_query,153.93975694444444,0.14538746324079752,3,153.8109375,154.09739583333334,128
perish_m5_L2_cv1.5_f0.5,5,2,1.5,0.5,discovery,best_of_n,153.8581597222222,0.05526869570927166,3,153.79557291666669,153.90026041666667,128
perish_m5_L2_cv1.5_f0.5,5,2,1.5,0.5,discovery,evolution,153.91675347222224,0.07606410794239775,3,153.83385416666667,153.98333333333335,128
perish_m5_L2_cv1.5_f0.5,5,2,1.5,0.5,discovery,baek,153.78177083333333,0.043179721974030076,3,153.73203125000003,153.80963541666665,128
perish_m5_L2_cv2_f0,5,2,2.0,0.0,discovery,baseline_constant,226.88567708333335,,1,226.88567708333335,226.88567708333335,128
perish_m5_L2_cv2_f0,5,2,2.0,0.0,discovery,baseline_base_stock,225.12708333333333,,1,225.12708333333333,225.12708333333333,128
perish_m5_L2_cv2_f0,5,2,2.0,0.0,discovery,baseline_capped_base_stock,223.39765625,,1,223.39765625,223.39765625,128
perish_m5_L2_cv2_f0,5,2,2.0,0.0,discovery,baseline_age_discount,221.77812500000002,,1,221.77812500000002,221.77812500000002,128
perish_m5_L2_cv2_f0,5,2,2.0,0.0,discovery,baseline_bsp_low_ew_mixed_l2,219.96822916666667,,1,219.96822916666667,219.96822916666667,128
perish_m5_L2_cv2_f0,5,2,2.0,0.0,discovery,one_query,216.51475694444446,0.5832058043571232,3,215.94192708333333,217.10781250000002,128
perish_m5_L2_cv2_f0,5,2,2.0,0.0,discovery,best_of_n,215.00112847222218,0.10724625269318219,3,214.92317708333331,215.12343750000002,128
perish_m5_L2_cv2_f0,5,2,2.0,0.0,discovery,evolution,217.38767361111113,2.448854961094857,3,215.68072916666665,220.19348958333333,128
perish_m5_L2_cv2_f0,5,2,2.0,0.0,discovery,baek,214.83480902777777,0.3544987656101866,3,214.43229166666669,215.10052083333332,128
perish_m5_L2_cv2_f0.5,5,2,2.0,0.5,discovery,baseline_constant,194.53723958333333,,1,194.53723958333333,194.53723958333333,128
perish_m5_L2_cv2_f0.5,5,2,2.0,0.5,discovery,baseline_base_stock,198.91484375,,1,198.91484375,198.91484375,128
perish_m5_L2_cv2_f0.5,5,2,2.0,0.5,discovery,baseline_capped_base_stock,193.61276041666667,,1,193.61276041666667,193.61276041666667,128
perish_m5_L2_cv2_f0.5,5,2,2.0,0.5,discovery,baseline_age_discount,191.75625,,1,191.75625,191.75625,128
perish_m5_L2_cv2_f0.5,5,2,2.0,0.5,discovery,baseline_bsp_low_ew_mixed_l2,191.66380208333334,,1,191.66380208333334,191.66380208333334,128
perish_m5_L2_cv2_f0.5,5,2,2.0,0.5,discovery,one_query,191.81076388888889,0.5709156184357241,3,191.35312499999998,192.45052083333331,128
perish_m5_L2_cv2_f0.5,5,2,2.0,0.5,discovery,best_of_n,192.0881076388889,1.2302647905622863,3,191.33489583333335,193.5078125,128
perish_m5_L2_cv2_f0.5,5,2,2.0,0.5,discovery,evolution,191.34487847222223,0.10500648868703048,3,191.2546875,191.46015625,128
perish_m5_L2_cv2_f0.5,5,2,2.0,0.5,discovery,baek,191.29461805555556,0.11000110150437274,3,191.16822916666666,191.36874999999998,128
