profile,arm,repeat,api_requests,api_known_usd,api_held_usd,input_tokens,output_tokens,api_elapsed_seconds,candidates,valid_candidates,invalid_candidates,fit_objective_calls,fit_worker_wall_seconds,fit_transitions,completed
primary,one_query,1,1,0.105524,0.0,757,10401,191.2392610409297,4,4,0,8066,12.320332083618268,46126208,True
primary,one_query,2,1,0.113824,0.0,757,11231,211.8608137080446,4,4,0,7523,14.218992750160396,43033280,True
primary,one_query,3,1,0.129006,0.0,758,12749,292.3690462501254,4,4,0,8082,17.256841709138826,46217344,True
primary,best_of_n,1,10,1.0129160000000001,0.0,7508,99790,1779.0476996658836,8,8,0,15784,145.24156329105608,90270208,True
primary,best_of_n,2,8,0.8643059999999999,0.0,6008,85229,1476.674429376144,8,8,0,16275,159.2562123327516,93066944,True
primary,best_of_n,3,8,0.876176,0.0,6008,86416,1467.3686670020688,8,8,0,15974,218.60912095801905,91352448,True
primary,evolution,1,10,0.8646976999999999,0.0,30258,82150,1518.3226876261178,8,8,0,14422,482.0696905828081,82512256,True
primary,evolution,2,8,0.7045605,0.0,33661,65699,1228.7123711644672,8,4,4,7480,509.7835428339895,42788352,True
primary,evolution,3,8,0.7805627,0.0,41094,70673,1291.4755886259954,8,6,2,11892,366.4269091656897,68010240,True
extended,one_query,1,1,0.1238635,0.0,1474,12018,175.35820604185574,8,8,0,30676,1053.4098136248067,1473984000,True
extended,one_query,2,1,0.1103202,0.0,1474,11002,163.7729361669626,8,8,0,29736,617.3987709193025,1428864000,True
extended,one_query,3,1,0.1104202,0.0,1474,11012,169.4879592920188,8,8,0,31125,430.10416595987044,1495536000,True
extended,best_of_n,1,8,0.8466298000000001,0.0,11720,84088,1668.5019196672365,8,8,0,30422,2643.53946828912,1461792000,True
extended,best_of_n,2,8,0.8063072,0.0,11720,80392,1611.148551500868,8,7,1,28625,1402.6136682950892,1375344000,True
extended,best_of_n,3,8,0.7742672,0.0,11720,77188,1624.8916708326433,8,8,0,32276,1689.1749473745003,1550784000,True
extended,evolution,1,8,0.7700241,0.0,48446,70974,1266.3375973745715,8,6,2,24576,1941.4582882910036,1180800000,True
extended,evolution,2,8,0.7985266000000001,0.0,50750,70862,1335.3124338760972,8,6,2,24576,1732.9097270818893,1180800000,True
extended,evolution,3,8,0.8615679,0.0,56522,73255,1306.689691418549,8,6,2,24576,1960.8263083728962,1180800000,True
