name,m,L,cv,f,split,method,candidate_cost,reference_cost,improvement_pct,improvement_ci_low,improvement_ci_high,absolute_improvement,absolute_ci_low,absolute_ci_high,paths,bootstrap_draws,path_ci_excludes_zero
perish_m3_L2_cv1.5_f0,3,2,1.5,0.0,discovery,baseline_age_discount,233.37630208333331,236.0505208333333,1.1329010165108524,1.0356208133446625,1.2312538787147125,2.6742187499999943,2.4463476562499857,2.910162760416694,128,5000,True
perish_m3_L2_cv1.5_f0,3,2,1.5,0.0,discovery,baseline_base_stock,250.48828125,252.40234375,0.7583378472490908,0.6400940496243813,0.8759646612960601,1.9140625,1.6163997395833172,2.210950520833333,128,5000,True
perish_m3_L2_cv1.5_f0,3,2,1.5,0.0,discovery,baseline_bsp_low_ew_mixed_l2,234.38072916666664,240.26328125,2.448377485202336,2.3092838063037653,2.5944760883310285,5.8825520833333655,5.563020833333354,6.22162760416671,128,5000,True
perish_m3_L2_cv1.5_f0,3,2,1.5,0.0,discovery,baseline_capped_base_stock,233.37630208333331,245.30442708333334,4.862580403389081,4.706358852288776,5.01830948570775,11.928125000000023,11.539537760416632,12.316419270833359,128,5000,True
perish_m3_L2_cv1.5_f0,3,2,1.5,0.0,discovery,baseline_constant,233.37630208333331,233.37630208333331,0.0,0.0,0.0,0.0,0.0,0.0,128,5000,False
perish_m3_L2_cv1.5_f0,3,2,1.5,0.0,discovery,best_of_n_r1,233.37630208333331,279.13255208333334,16.392301671193035,16.090127910400934,16.7079423878123,45.75625000000002,44.887441406249934,46.63986328124995,128,5000,True
perish_m3_L2_cv1.5_f0,3,2,1.5,0.0,discovery,best_of_n_r2,233.453125,269.7427083333333,13.45340660274258,13.159902607262936,13.750910998368074,36.289583333333326,35.49833333333333,37.100533854166734,128,5000,True
perish_m3_L2_cv1.5_f0,3,2,1.5,0.0,discovery,best_of_n_r3,233.396875,279.13255208333334,16.38493136754585,16.073849860923886,16.689019581998092,45.73567708333334,44.85815755208335,46.56906249999996,128,5000,True
perish_m3_L2_cv1.5_f0,3,2,1.5,0.0,discovery,evolution_r1,233.37630208333331,262.8421875,11.210485537701858,10.941254713271649,11.474713310889543,29.46588541666671,28.781503906249995,30.13751302083335,128,5000,True
perish_m3_L2_cv1.5_f0,3,2,1.5,0.0,discovery,evolution_r2,233.37630208333331,263.73671875,11.511638125537536,11.23858855157559,11.774985764786912,30.36041666666671,29.681178385416672,31.038339843750013,128,5000,True
perish_m3_L2_cv1.5_f0,3,2,1.5,0.0,discovery,evolution_r3,233.49479166666666,263.73671875,11.46671090270147,11.200965885955187,11.725641476377183,30.241927083333366,29.56561197916665,30.907070312500043,128,5000,True
perish_m3_L2_cv1.5_f0,3,2,1.5,0.0,discovery,one_query_r1,234.43671874999998,281.8403645833333,16.81932462137347,16.47498609614794,17.16134730291756,47.40364583333334,46.43377604166669,48.393509114583345,128,5000,True
perish_m3_L2_cv1.5_f0,3,2,1.5,0.0,discovery,one_query_r2,233.50833333333333,280.35442708333335,16.709596576506122,16.395956420820763,17.035479716266863,46.84609375000002,45.9731705729166,47.755247395833315,128,5000,True
perish_m3_L2_cv1.5_f0,3,2,1.5,0.0,discovery,one_query_r3,233.37630208333331,281.3875,17.06230657604431,16.745761471663467,17.379536704178424,48.011197916666674,47.09634765624999,48.92292968750001,128,5000,True
perish_m3_L2_cv1.5_f0.5,3,2,1.5,0.5,discovery,baseline_age_discount,204.21276041666664,207.0802083333333,1.3847039945270787,1.285075125690369,1.4887212871763087,2.867447916666663,2.651015624999991,3.090377604166687,128,5000,True
perish_m3_L2_cv1.5_f0.5,3,2,1.5,0.5,discovery,baseline_base_stock,222.11276041666667,222.11276041666667,0.0,0.0,0.0,0.0,0.0,0.0,128,5000,False
perish_m3_L2_cv1.5_f0.5,3,2,1.5,0.5,discovery,baseline_bsp_low_ew_mixed_l2,203.95442708333331,205.29114583333336,0.651133172146288,0.5720504727393132,0.7295584197000646,1.3367187500000455,1.172389322916659,1.4992317708333442,128,5000,True
perish_m3_L2_cv1.5_f0.5,3,2,1.5,0.5,discovery,baseline_capped_base_stock,204.03203125,213.49348958333331,4.431731549190973,4.284250409178392,4.581449767384239,9.461458333333326,9.147135416666686,9.788580729166673,128,5000,True
perish_m3_L2_cv1.5_f0.5,3,2,1.5,0.5,discovery,baseline_constant,204.03203125,204.03203125,0.0,0.0,0.0,0.0,0.0,0.0,128,5000,False
perish_m3_L2_cv1.5_f0.5,3,2,1.5,0.5,discovery,best_of_n_r1,203.94791666666669,238.15026041666664,14.36166548386707,14.127206906531102,14.59011202493803,34.202343749999955,33.661451822916646,34.72787109374998,128,5000,True
perish_m3_L2_cv1.5_f0.5,3,2,1.5,0.5,discovery,best_of_n_r2,203.74348958333334,233.8828125,12.886506107269707,12.650158733594417,13.137126292634514,30.139322916666657,29.588528645833325,30.70917317708333,128,5000,True
perish_m3_L2_cv1.5_f0.5,3,2,1.5,0.5,discovery,best_of_n_r3,204.03203125,238.15026041666664,14.326345521089731,14.055533409841102,14.587200613145852,34.11822916666665,33.48435546875,34.72944010416668,128,5000,True
perish_m3_L2_cv1.5_f0.5,3,2,1.5,0.5,discovery,evolution_r1,204.22395833333331,223.9921875,8.825410112424874,8.603268832220506,9.04814311396969,19.768229166666686,19.272363281249987,20.246119791666665,128,5000,True
perish_m3_L2_cv1.5_f0.5,3,2,1.5,0.5,discovery,evolution_r2,204.03203125,224.49973958333334,9.117029877772229,8.83013910654324,9.389198929259718,20.46770833333335,19.847096354166673,21.062890625000023,128,5000,True
perish_m3_L2_cv1.5_f0.5,3,2,1.5,0.5,discovery,evolution_r3,203.72708333333333,224.49973958333334,9.25286429665959,9.01349692857652,9.499437422179339,20.77265625000001,20.236712239583355,21.30887369791669,128,5000,True
perish_m3_L2_cv1.5_f0.5,3,2,1.5,0.5,discovery,one_query_r1,203.8875,239.92552083333334,15.020503324599437,14.77574065217261,15.259312182460615,36.03802083333335,35.452337239583315,36.60364583333336,128,5000,True
perish_m3_L2_cv1.5_f0.5,3,2,1.5,0.5,discovery,one_query_r2,204.05807291666667,239.28125,14.720408340951632,14.479716702789446,14.955245235519808,35.223177083333326,34.652050781250004,35.76149088541664,128,5000,True
perish_m3_L2_cv1.5_f0.5,3,2,1.5,0.5,discovery,one_query_r3,204.03203125,239.73229166666667,14.891719496139363,14.624455035940313,15.160622746388551,35.70026041666668,35.08121744791668,36.33386718750003,128,5000,True
perish_m3_L2_cv2_f0,3,2,2.0,0.0,discovery,baseline_age_discount,263.55208333333337,267.8966145833333,1.6217193549672497,1.526657744920959,1.7155616630932065,4.344531249999932,4.090104166666604,4.590410156249993,128,5000,True
perish_m3_L2_cv2_f0,3,2,2.0,0.0,discovery,baseline_base_stock,277.2484375,286.3341145833333,3.1731032456801542,3.0245151193381297,3.319259219115259,9.08567708333328,8.682552083333347,9.478912760416632,128,5000,True
perish_m3_L2_cv2_f0,3,2,2.0,0.0,discovery,baseline_bsp_low_ew_mixed_l2,265.26640625000005,276.41953125,4.034854176028826,3.893394300388678,4.177013639101316,11.153124999999932,10.800488281250058,11.510416666666687,128,5000,True
perish_m3_L2_cv2_f0,3,2,2.0,0.0,discovery,baseline_capped_base_stock,265.6486979166666,278.20572916666663,4.513577519633823,4.35112309509106,4.673081332580769,12.557031250000023,12.131731770833238,12.980735677083384,128,5000,True
perish_m3_L2_cv2_f0,3,2,2.0,0.0,discovery,baseline_constant,266.128125,266.128125,0.0,0.0,0.0,0.0,0.0,0.0,128,5000,False
perish_m3_L2_cv2_f0,3,2,2.0,0.0,discovery,best_of_n_r1,263.57890625,299.4666666666667,11.983891501558338,11.712768927420525,12.247596483459784,35.88776041666671,35.113535156249995,36.6506575520833,128,5000,True
perish_m3_L2_cv2_f0,3,2,2.0,0.0,discovery,best_of_n_r2,263.56276041666666,299.16640625,11.900950470883076,11.633884691936892,12.163879317642074,35.60364583333336,34.85165364583333,36.35833984374996,128,5000,True
perish_m3_L2_cv2_f0,3,2,2.0,0.0,discovery,best_of_n_r3,263.47395833333337,299.4666666666667,12.018936442564556,11.752586292355824,12.281511603199224,35.992708333333326,35.2395768229167,36.72583984375001,128,5000,True
perish_m3_L2_cv2_f0,3,2,2.0,0.0,discovery,evolution_r1,263.38802083333337,289.98177083333337,9.170835092004705,8.945809960686024,9.393736193858944,26.59375,25.999479166666674,27.177916666666636,128,5000,True
perish_m3_L2_cv2_f0,3,2,2.0,0.0,discovery,evolution_r2,263.75468750000005,289.98177083333337,9.044390362181527,8.796452950065584,9.282844471003738,26.227083333333326,25.575221354166764,26.87324218749997,128,5000,True
perish_m3_L2_cv2_f0,3,2,2.0,0.0,discovery,evolution_r3,263.8140625,289.98177083333337,9.023914937181775,8.77867219482086,9.268043031851251,26.167708333333394,25.513509114583364,26.81354166666665,128,5000,True
perish_m3_L2_cv2_f0,3,2,2.0,0.0,discovery,one_query_r1,263.76458333333335,299.74140624999995,12.002620314211798,11.725006089113904,12.281989698409399,35.976822916666606,35.19557291666666,36.734127604166616,128,5000,True
perish_m3_L2_cv2_f0,3,2,2.0,0.0,discovery,one_query_r2,263.56276041666666,299.74140624999995,12.069952658845677,11.797403292199554,12.336944776879436,36.17864583333329,35.41215494791664,36.922714843749986,128,5000,True
perish_m3_L2_cv2_f0,3,2,2.0,0.0,discovery,one_query_r3,263.41015625,299.74140624999995,12.120864599433352,11.859933547308202,12.376748192655606,36.331249999999955,35.58410807291669,37.03986979166665,128,5000,True
perish_m3_L2_cv2_f0.5,3,2,2.0,0.5,discovery,baseline_age_discount,233.76692708333331,237.03020833333335,1.3767364391845416,1.2909316874444143,1.4655905731284549,3.263281250000034,3.0710807291666837,3.4617252604167104,128,5000,True
perish_m3_L2_cv2_f0.5,3,2,2.0,0.5,discovery,baseline_base_stock,249.015625,254.68489583333331,2.225994130819326,2.1279285443315157,2.324808759730026,5.669270833333314,5.432805989583399,5.902864583333298,128,5000,True
perish_m3_L2_cv2_f0.5,3,2,2.0,0.5,discovery,baseline_bsp_low_ew_mixed_l2,234.22760416666668,238.76901041666667,1.9020082388727748,1.786714505586709,2.0158297165404693,4.541406249999994,4.2786328124999535,4.801080729166663,128,5000,True
perish_m3_L2_cv2_f0.5,3,2,2.0,0.5,discovery,baseline_capped_base_stock,235.11380208333333,245.47786458333334,4.221994727545664,4.092903032262708,4.355671606455544,10.364062500000017,10.065104166666684,10.673183593750037,128,5000,True
perish_m3_L2_cv2_f0.5,3,2,2.0,0.5,discovery,baseline_constant,235.78776041666669,235.78776041666669,0.0,0.0,0.0,0.0,0.0,0.0,128,5000,False
perish_m3_L2_cv2_f0.5,3,2,2.0,0.5,discovery,best_of_n_r1,233.67265625,266.61875,12.357005555685785,12.118198130100053,12.600065646229462,32.94609374999999,32.431764322916635,33.4770833333333,128,5000,True
perish_m3_L2_cv2_f0.5,3,2,2.0,0.5,discovery,best_of_n_r2,233.70364583333333,266.24921874999995,12.223725226110785,11.989429754361716,12.45831433993237,32.54557291666663,32.02546875000002,33.06719401041666,128,5000,True
perish_m3_L2_cv2_f0.5,3,2,2.0,0.5,discovery,best_of_n_r3,233.690625,266.61875,12.35026606343326,12.106182666950213,12.581296021341362,32.928124999999966,32.399186197916656,33.435703124999975,128,5000,True
perish_m3_L2_cv2_f0.5,3,2,2.0,0.5,discovery,evolution_r1,233.6984375,256.33880208333335,8.83220347420254,8.625939457691903,9.039951361806402,22.640364583333337,22.20048828125004,23.087005208333345,128,5000,True
perish_m3_L2_cv2_f0.5,3,2,2.0,0.5,discovery,evolution_r2,233.8484375,256.33880208333335,8.773687167353598,8.576907035472743,8.973466243300702,22.49036458333336,22.063274739583377,22.9119921875,128,5000,True
perish_m3_L2_cv2_f0.5,3,2,2.0,0.5,discovery,evolution_r3,233.68776041666666,256.33880208333335,8.836368697433112,8.627142500965485,9.043269729058725,22.651041666666686,22.204934895833365,23.08906901041668,128,5000,True
perish_m3_L2_cv2_f0.5,3,2,2.0,0.5,discovery,one_query_r1,233.86640624999998,266.90338541666665,12.377879401976177,12.150349793998142,12.601449928789277,33.03697916666667,32.53411458333335,33.551569010416706,128,5000,True
perish_m3_L2_cv2_f0.5,3,2,2.0,0.5,discovery,one_query_r2,233.85260416666665,266.90338541666665,12.383050592784336,12.144338891842262,12.613519050083358,33.05078125,32.51899088541668,33.559928385416676,128,5000,True
perish_m3_L2_cv2_f0.5,3,2,2.0,0.5,discovery,one_query_r3,233.72916666666669,266.90338541666665,12.429298601144088,12.194133278229092,12.673188997973377,33.174218749999966,32.657506510416674,33.710957031250004,128,5000,True
perish_m4_L2_cv1.5_f0,4,2,1.5,0.0,transfer,baseline_age_discount,207.16692708333335,210.13255208333334,1.4113115605353213,1.29021938316945,1.532379602780581,2.9656249999999886,2.7018229166666843,3.234908854166688,128,5000,True
perish_m4_L2_cv1.5_f0,4,2,1.5,0.0,transfer,baseline_base_stock,215.53072916666667,215.74635416666666,0.09994375146354302,0.031199578114092553,0.16760923635469774,0.21562499999998863,0.06718098958332207,0.36250651041670556,128,5000,True
perish_m4_L2_cv1.5_f0,4,2,1.5,0.0,transfer,baseline_bsp_low_ew_mixed_l2,206.52942708333333,207.0486979166667,0.2507964737563153,0.15340386767596426,0.34985981692835005,0.5192708333333655,0.31795572916667253,0.7247395833333321,128,5000,True
perish_m4_L2_cv1.5_f0,4,2,1.5,0.0,transfer,baseline_capped_base_stock,210.32994791666667,213.3796875,1.429254873818915,1.2560890655059578,1.6075622199390782,3.04973958333332,2.676809895833346,3.4323437499999625,128,5000,True
perish_m4_L2_cv1.5_f0,4,2,1.5,0.0,transfer,baseline_constant,210.32994791666667,210.32994791666667,0.0,0.0,0.0,0.0,0.0,0.0,128,5000,False
perish_m4_L2_cv1.5_f0,4,2,1.5,0.0,transfer,best_of_n_r1,203.58541666666667,247.3203125,17.683503385243913,17.31702633141781,18.043616129966814,43.734895833333326,42.83018229166667,44.61410807291666,128,5000,True
perish_m4_L2_cv1.5_f0,4,2,1.5,0.0,transfer,best_of_n_r2,203.16692708333332,226.17421875000002,10.172375876358233,9.83793240240495,10.50900234486111,23.007291666666703,22.26874348958329,23.742233072916694,128,5000,True
perish_m4_L2_cv1.5_f0,4,2,1.5,0.0,transfer,best_of_n_r3,203.05338541666669,247.3203125,17.89862168451421,17.522308519768117,18.283310140435436,44.266927083333314,43.32391276041664,45.19791666666666,128,5000,True
perish_m4_L2_cv1.5_f0,4,2,1.5,0.0,transfer,evolution_r1,208.38671875,230.94661458333334,9.768446216037937,9.45330086977557,10.091803776302639,22.559895833333343,21.84401041666669,23.298990885416693,128,5000,True
perish_m4_L2_cv1.5_f0,4,2,1.5,0.0,transfer,evolution_r2,204.07057291666666,237.00390625,13.895692207956316,13.51994141267475,14.282425455176233,32.93333333333334,32.05276692708333,33.856516927083376,128,5000,True
perish_m4_L2_cv1.5_f0,4,2,1.5,0.0,transfer,evolution_r3,203.93854166666665,235.50937499999998,13.40534037480815,13.00281514844601,13.79947020266544,31.570833333333326,30.64449218749997,32.48211588541667,128,5000,True
perish_m4_L2_cv1.5_f0,4,2,1.5,0.0,transfer,one_query_r1,203.78489583333334,256.0606770833333,20.415388198394535,20.04885144726209,20.80199703746873,52.275781249999966,51.336907552083346,53.272682291666676,128,5000,True
perish_m4_L2_cv1.5_f0,4,2,1.5,0.0,transfer,one_query_r2,204.03723958333333,246.05442708333334,17.076379400306294,16.70740420586977,17.43850176288774,42.017187500000006,41.121608072916715,42.89117187500002,128,5000,True
perish_m4_L2_cv1.5_f0,4,2,1.5,0.0,transfer,one_query_r3,204.53333333333333,252.27500000000003,18.924454134046854,18.56012195981653,19.304892299372163,47.7416666666667,46.82524088541668,48.68182291666664,128,5000,True
perish_m4_L2_cv1.5_f0.5,4,2,1.5,0.5,transfer,baseline_age_discount,175.96276041666667,183.60234375,4.160939984369519,3.9321250065217566,4.381217982664736,7.63958333333332,7.198177083333319,8.067207031250016,128,5000,True
perish_m4_L2_cv1.5_f0.5,4,2,1.5,0.5,transfer,baseline_base_stock,188.2265625,189.54036458333334,0.6931516071637165,0.5657184761904916,0.8250242521208315,1.3138020833333428,1.0697851562500076,1.567708333333315,128,5000,True
perish_m4_L2_cv1.5_f0.5,4,2,1.5,0.5,transfer,baseline_bsp_low_ew_mixed_l2,176.3046875,181.57083333333333,2.9003258599719994,2.7165407092731204,3.0837602476105617,5.266145833333326,4.921347656250008,5.609648437500025,128,5000,True
perish_m4_L2_cv1.5_f0.5,4,2,1.5,0.5,transfer,baseline_capped_base_stock,178.33046874999997,185.24973958333334,3.735104216014719,3.463302011876621,3.989401132088092,6.919270833333371,6.398157552083337,7.4169466145833205,128,5000,True
perish_m4_L2_cv1.5_f0.5,4,2,1.5,0.5,transfer,baseline_constant,179.52265625,179.52265625,0.0,0.0,0.0,0.0,0.0,0.0,128,5000,False
perish_m4_L2_cv1.5_f0.5,4,2,1.5,0.5,transfer,best_of_n_r1,175.68932291666667,205.92578125,14.683182528090242,14.345054670483222,15.003135495253384,30.23645833333333,29.571035156249987,30.88283203125,128,5000,True
perish_m4_L2_cv1.5_f0.5,4,2,1.5,0.5,transfer,best_of_n_r2,175.80833333333334,190.07578124999998,7.506189280317185,7.235539685124969,7.781637176763572,14.26744791666664,13.778639322916677,14.766933593750037,128,5000,True
perish_m4_L2_cv1.5_f0.5,4,2,1.5,0.5,transfer,best_of_n_r3,179.52265625,205.92578125,12.821670428893901,12.390339251561851,13.246103458545754,26.40312499999999,25.526035156250018,27.267207031250006,128,5000,True
perish_m4_L2_cv1.5_f0.5,4,2,1.5,0.5,transfer,evolution_r1,175.68020833333333,188.23203124999998,6.6682715121933605,6.362235792057691,6.968904577926138,12.551822916666652,11.982506510416638,13.104440104166654,128,5000,True
perish_m4_L2_cv1.5_f0.5,4,2,1.5,0.5,transfer,evolution_r2,175.70078124999998,196.01953125,10.365676251967887,10.039910897091731,10.67899394049741,20.318750000000023,19.705970052083348,20.918509114583326,128,5000,True
perish_m4_L2_cv1.5_f0.5,4,2,1.5,0.5,transfer,evolution_r3,175.70703125,194.16666666666669,9.507108369098722,9.17354444370649,9.839800942412838,18.459635416666686,17.834375000000023,19.07975260416667,128,5000,True
perish_m4_L2_cv1.5_f0.5,4,2,1.5,0.5,transfer,one_query_r1,175.81901041666669,214.14140625,17.895836449581225,17.542140713581308,18.24985998104455,38.3223958333333,37.578769531250046,39.06745442708332,128,5000,True
perish_m4_L2_cv1.5_f0.5,4,2,1.5,0.5,transfer,one_query_r2,175.6703125,208.19010416666669,15.62023891425356,15.276323620444488,15.966235231521063,32.51979166666669,31.814023437499976,33.22943359374996,128,5000,True
perish_m4_L2_cv1.5_f0.5,4,2,1.5,0.5,transfer,one_query_r3,175.74973958333334,210.48723958333335,16.50337572423111,16.159046920800673,16.842410147064513,34.73750000000001,34.013248697916644,35.430240885416715,128,5000,True
perish_m4_L2_cv2_f0,4,2,2.0,0.0,transfer,baseline_age_discount,240.4265625,240.50703125,0.033457961533098726,-0.013008891424790439,0.08033577211017581,0.08046875000002274,-0.03124999999997229,0.19323567708336276,128,5000,False
perish_m4_L2_cv2_f0,4,2,2.0,0.0,transfer,baseline_base_stock,247.33776041666667,248.58880208333332,0.5032574501273273,0.44381073951558114,0.5609337601101567,1.2510416666666515,1.10651041666668,1.3906315104166942,128,5000,True
perish_m4_L2_cv2_f0,4,2,2.0,0.0,transfer,baseline_bsp_low_ew_mixed_l2,240.76354166666667,244.44427083333335,1.5057539103365893,1.377807393773936,1.6290165894585282,3.68072916666668,3.3755208333333258,3.977089843749937,128,5000,True
perish_m4_L2_cv2_f0,4,2,2.0,0.0,transfer,baseline_capped_base_stock,242.76171875,245.03489583333334,0.9276952474881357,0.795464647916671,1.067417873877746,2.273177083333337,1.948684895833312,2.616158854166626,128,5000,True
perish_m4_L2_cv2_f0,4,2,2.0,0.0,transfer,baseline_constant,243.63619791666667,243.63619791666667,0.0,0.0,0.0,0.0,0.0,0.0,128,5000,False
perish_m4_L2_cv2_f0,4,2,2.0,0.0,transfer,best_of_n_r1,237.18984375000002,276.5447916666667,14.230948874315871,13.910226214923362,14.552197564712271,39.354947916666674,38.57361328125003,40.121627604166655,128,5000,True
perish_m4_L2_cv2_f0,4,2,2.0,0.0,transfer,best_of_n_r2,237.14453125,265.86119791666664,10.801375639504863,10.508315956084985,11.103103399729095,28.71666666666664,28.020019531249964,29.42373697916667,128,5000,True
perish_m4_L2_cv2_f0,4,2,2.0,0.0,transfer,best_of_n_r3,237.61223958333332,276.5447916666667,14.078208397524525,13.778699053321613,14.388886222389019,38.93255208333338,38.17491536458337,39.6929947916667,128,5000,True
perish_m4_L2_cv2_f0,4,2,2.0,0.0,transfer,evolution_r1,240.521875,266.3361979166667,9.692382454428408,9.436576839228525,9.954821254615352,25.814322916666725,25.201809895833296,26.426328124999966,128,5000,True
perish_m4_L2_cv2_f0,4,2,2.0,0.0,transfer,evolution_r2,237.83671875,268.1171875,11.293743990209508,10.973322916214835,11.609657437226348,30.28046875000001,29.502024739583387,31.042981770833386,128,5000,True
perish_m4_L2_cv2_f0,4,2,2.0,0.0,transfer,evolution_r3,237.44947916666666,268.0890625,11.428882270545202,11.132208420646565,11.734118479587906,30.63958333333335,29.916106770833387,31.391158854166715,128,5000,True
perish_m4_L2_cv2_f0,4,2,2.0,0.0,transfer,one_query_r1,237.49296875,279.8143229166667,15.124799090170484,14.805216462255517,15.44383562919695,42.32135416666671,41.5481510416667,43.09642578124996,128,5000,True
perish_m4_L2_cv2_f0,4,2,2.0,0.0,transfer,one_query_r2,237.33776041666664,277.9375,14.607506933513239,14.290931309880854,14.930199375684994,40.59973958333336,39.83145833333329,41.40008463541665,128,5000,True
perish_m4_L2_cv2_f0,4,2,2.0,0.0,transfer,one_query_r3,237.45390625000002,279.17734375,14.945137359485306,14.631350733088368,15.272563467374978,41.72343749999996,40.92785807291669,42.51979166666666,128,5000,True
perish_m4_L2_cv2_f0.5,4,2,2.0,0.5,transfer,baseline_age_discount,210.28020833333335,211.41744791666667,0.5379118869042377,0.47078279435747633,0.6008071399626893,1.1372395833333258,0.9937304687499499,1.2713541666666124,128,5000,True
perish_m4_L2_cv2_f0.5,4,2,2.0,0.5,transfer,baseline_base_stock,220.52994791666669,220.67578125,0.06608488367289485,0.009144004708793658,0.12337127962478411,0.14583333333331439,0.02029947916665549,0.2729296875000072,128,5000,True
perish_m4_L2_cv2_f0.5,4,2,2.0,0.5,transfer,baseline_bsp_low_ew_mixed_l2,210.36328125,211.60598958333333,0.5872746493519884,0.5164282062607949,0.6600115705826002,1.2427083333333258,1.0963541666666572,1.3984505208333329,128,5000,True
perish_m4_L2_cv2_f0.5,4,2,2.0,0.5,transfer,baseline_capped_base_stock,211.23072916666666,215.56354166666668,2.0099931864637823,1.8478386208836193,2.171684077694167,4.332812500000017,3.979947916666702,4.690664062500011,128,5000,True
perish_m4_L2_cv2_f0.5,4,2,2.0,0.5,transfer,baseline_constant,212.04322916666666,212.04322916666666,0.0,0.0,0.0,0.0,0.0,0.0,128,5000,False
perish_m4_L2_cv2_f0.5,4,2,2.0,0.5,transfer,best_of_n_r1,210.19479166666667,238.7109375,11.945889925271365,11.67231412500895,12.214494262162509,28.516145833333326,27.971861979166675,29.05938151041668,128,5000,True
perish_m4_L2_cv2_f0.5,4,2,2.0,0.5,transfer,best_of_n_r2,209.97265625000003,231.61770833333333,9.34516287165002,9.089274740614933,9.60938094364141,21.645052083333297,21.12835286458334,22.176874999999985,128,5000,True
perish_m4_L2_cv2_f0.5,4,2,2.0,0.5,transfer,best_of_n_r3,210.00234374999997,238.7109375,12.026509572901341,11.748928245189486,12.306282094363702,28.708593750000034,28.148691406250023,29.270872395833315,128,5000,True
perish_m4_L2_cv2_f0.5,4,2,2.0,0.5,transfer,evolution_r1,210.55755208333332,227.20703124999997,7.327889051262208,7.072255807857932,7.599886712589791,16.64947916666665,16.130618489583306,17.192486979166677,128,5000,True
perish_m4_L2_cv2_f0.5,4,2,2.0,0.5,transfer,evolution_r2,212.04322916666666,230.10442708333335,7.849130999172711,7.622829241233537,8.085905991249962,18.061197916666686,17.591380208333337,18.538372395833342,128,5000,True
perish_m4_L2_cv2_f0.5,4,2,2.0,0.5,transfer,evolution_r3,210.04973958333332,230.04947916666669,8.693668708045157,8.443813384094723,8.940501997733096,19.999739583333366,19.511712239583332,20.482565104166664,128,5000,True
perish_m4_L2_cv2_f0.5,4,2,2.0,0.5,transfer,one_query_r1,209.91822916666666,241.54270833333334,13.092707035074028,12.803098152669273,13.372506021389007,31.624479166666674,31.016829427083344,32.223496093749986,128,5000,True
perish_m4_L2_cv2_f0.5,4,2,2.0,0.5,transfer,one_query_r2,210.18411458333333,240.17994791666666,12.488899924210473,12.193992945027896,12.780364214117457,29.995833333333337,29.38226562500001,30.601419270833336,128,5000,True
perish_m4_L2_cv2_f0.5,4,2,2.0,0.5,transfer,one_query_r3,210.05104166666666,241.10442708333335,12.879641320701943,12.602605239811613,13.162473535179885,31.053385416666686,30.48255208333333,31.65186848958331,128,5000,True
perish_m5_L2_cv1.5_f0,5,2,1.5,0.0,discovery,baseline_age_discount,185.42473958333335,194.12421875,4.481398159737172,4.275930210665802,4.690426895357561,8.699479166666663,8.264049479166689,9.143574218750013,128,5000,True
perish_m5_L2_cv1.5_f0,5,2,1.5,0.0,discovery,baseline_base_stock,189.56979166666667,193.6265625,2.0951520188937565,1.977302778518771,2.21691678392541,4.056770833333331,3.8163932291666662,4.3065169270833366,128,5000,True
perish_m5_L2_cv1.5_f0,5,2,1.5,0.0,discovery,baseline_bsp_low_ew_mixed_l2,183.62161458333333,187.7265625,2.1866633373562543,2.0000174648156137,2.3627006688998398,4.104947916666674,3.7416471354166463,4.4502604166666515,128,5000,True
perish_m5_L2_cv1.5_f0,5,2,1.5,0.0,discovery,baseline_capped_base_stock,187.67916666666665,193.33723958333334,2.9265303098671382,2.7666568158030778,3.086746538222852,5.658072916666697,5.330403645833327,5.992975260416684,128,5000,True
perish_m5_L2_cv1.5_f0,5,2,1.5,0.0,discovery,baseline_constant,194.02916666666667,194.02916666666667,0.0,0.0,0.0,0.0,0.0,0.0,128,5000,False
perish_m5_L2_cv1.5_f0,5,2,1.5,0.0,discovery,best_of_n_r1,179.10885416666667,224.875,20.3518158236057,19.910902628538643,20.80294633197875,45.766145833333326,44.76399739583333,46.773997395833355,128,5000,True
perish_m5_L2_cv1.5_f0,5,2,1.5,0.0,discovery,best_of_n_r2,178.75286458333332,193.17942708333334,7.4679600813686635,7.16254953533778,7.7878450350576935,14.426562500000017,13.846582031250016,15.026054687499991,128,5000,True
perish_m5_L2_cv1.5_f0,5,2,1.5,0.0,discovery,best_of_n_r3,178.79583333333335,224.875,20.491013526032976,20.047781494487676,20.93282179766931,46.07916666666665,45.08065755208335,47.06280598958333,128,5000,True
perish_m5_L2_cv1.5_f0,5,2,1.5,0.0,discovery,evolution_r1,183.559375,207.18619791666669,11.403666438326047,11.024199293089161,11.784997818926177,23.626822916666697,22.859876302083354,24.392500000000002,128,5000,True
perish_m5_L2_cv1.5_f0,5,2,1.5,0.0,discovery,evolution_r2,180.70781250000002,217.08489583333335,16.75707708437799,16.28920110593544,17.23455946745414,36.37708333333333,35.363535156249995,37.39871744791666,128,5000,True
perish_m5_L2_cv1.5_f0,5,2,1.5,0.0,discovery,evolution_r3,179.36692708333334,213.25416666666666,15.89054043492702,15.532005004880174,16.262786945482866,33.887239583333326,33.13018229166662,34.68023437499999,128,5000,True
perish_m5_L2_cv1.5_f0,5,2,1.5,0.0,discovery,one_query_r1,179.04062500000003,226.88489583333333,21.087464045415818,20.65851153703615,21.524238510068077,47.8442708333333,46.855709635416694,48.82999348958334,128,5000,True
perish_m5_L2_cv1.5_f0,5,2,1.5,0.0,discovery,one_query_r2,179.33046875,218.50807291666666,17.92959117881562,17.527703048532715,18.326052252276295,39.17760416666667,38.31536458333332,40.039589843749994,128,5000,True
perish_m5_L2_cv1.5_f0,5,2,1.5,0.0,discovery,one_query_r3,181.00859375,230.35078125,21.42045589437306,21.022556650957704,21.841530147864244,49.34218750000002,48.40884765625002,50.32223307291664,128,5000,True
perish_m5_L2_cv1.5_f0.5,5,2,1.5,0.5,discovery,baseline_age_discount,154.24166666666667,170.028125,9.284615903006232,8.971788108512737,9.583615531629512,15.786458333333314,15.20884765625,16.370605468750007,128,5000,True
perish_m5_L2_cv1.5_f0.5,5,2,1.5,0.5,discovery,baseline_base_stock,163.28645833333334,170.91666666666669,4.46428571428572,4.214711641218597,4.705633372458165,7.630208333333343,7.176822916666679,8.075286458333345,128,5000,True
perish_m5_L2_cv1.5_f0.5,5,2,1.5,0.5,discovery,baseline_bsp_low_ew_mixed_l2,154.54973958333332,167.40729166666668,7.680401465985542,7.35784651614646,7.988009532351065,12.85755208333336,12.276041666666657,13.42900390625001,128,5000,True
perish_m5_L2_cv1.5_f0.5,5,2,1.5,0.5,discovery,baseline_capped_base_stock,155.9171875,168.99140625,7.736617524005011,7.459608538219215,8.022167411770686,13.07421875,12.57395182291667,13.609114583333337,128,5000,True
perish_m5_L2_cv1.5_f0.5,5,2,1.5,0.5,discovery,baseline_constant,161.59635416666669,162.57265625,0.6005327746087735,0.13813262433892606,1.0672942451418548,0.9763020833333087,0.22290364583332975,1.747923177083335,128,5000,True
perish_m5_L2_cv1.5_f0.5,5,2,1.5,0.5,discovery,best_of_n_r1,153.79557291666669,177.89817708333334,13.548539148535626,13.115331360021393,13.963743739760961,24.10260416666665,23.33827473958333,24.856783854166675,128,5000,True
perish_m5_L2_cv1.5_f0.5,5,2,1.5,0.5,discovery,best_of_n_r2,153.90026041666667,158.52317708333334,2.916240231695879,2.7276717203738854,3.099175099497598,4.622916666666669,4.332786458333322,4.909635416666647,128,5000,True
perish_m5_L2_cv1.5_f0.5,5,2,1.5,0.5,discovery,best_of_n_r3,153.87864583333334,177.89817708333334,13.501842258197208,13.063532826331862,13.932248248943301,24.01953125,23.245800781249947,24.786236979166652,128,5000,True
perish_m5_L2_cv1.5_f0.5,5,2,1.5,0.5,discovery,evolution_r1,153.98333333333335,159.75625,3.6135779768657854,3.356100182085745,3.8684173399346506,5.772916666666646,5.366927083333337,6.172408854166659,128,5000,True
perish_m5_L2_cv1.5_f0.5,5,2,1.5,0.5,discovery,evolution_r2,153.83385416666667,171.88411458333334,10.501412803866465,10.084699190331172,10.921894735769824,18.050260416666674,17.339570312499976,18.76564453125,128,5000,True
perish_m5_L2_cv1.5_f0.5,5,2,1.5,0.5,discovery,evolution_r3,153.93307291666667,166.22395833333331,7.394172019426587,7.062069135746295,7.7313991391887775,12.29088541666664,11.748684895833351,12.835677083333309,128,5000,True
perish_m5_L2_cv1.5_f0.5,5,2,1.5,0.5,discovery,one_query_r1,154.09739583333334,184.99244791666666,16.70070991073678,16.238330902968592,17.13176554363608,30.895052083333326,30.055449218750017,31.667454427083314,128,5000,True
perish_m5_L2_cv1.5_f0.5,5,2,1.5,0.5,discovery,one_query_r2,153.8109375,183.25390625,16.066761878370603,15.614312553251594,16.511388837482468,29.442968750000006,28.61248697916668,30.26173177083336,128,5000,True
perish_m5_L2_cv1.5_f0.5,5,2,1.5,0.5,discovery,one_query_r3,153.9109375,182.14947916666665,15.502949443423011,15.077492877211501,15.916101212849506,28.238541666666663,27.462994791666667,28.98470052083333,128,5000,True
perish_m5_L2_cv2_f0,5,2,2.0,0.0,discovery,baseline_age_discount,221.77812500000002,222.85104166666665,0.48145014653845,0.38108472854884656,0.5758528442905808,1.0729166666666288,0.8468750000000107,1.2835937499999943,128,5000,True
perish_m5_L2_cv2_f0,5,2,2.0,0.0,discovery,baseline_base_stock,225.12708333333333,225.12708333333333,0.0,0.0,0.0,0.0,0.0,0.0,128,5000,False
perish_m5_L2_cv2_f0,5,2,2.0,0.0,discovery,baseline_bsp_low_ew_mixed_l2,219.96822916666667,220.75572916666664,0.35672913358702346,0.30021100126903905,0.41114649563450956,0.7874999999999659,0.6619661458333084,0.90912760416668,128,5000,True
perish_m5_L2_cv2_f0,5,2,2.0,0.0,discovery,baseline_capped_base_stock,223.39765625,223.98723958333332,0.2632218399718066,0.2097410901946064,0.3180431382517824,0.5895833333333087,0.468229166666729,0.7145963541666687,128,5000,True
perish_m5_L2_cv2_f0,5,2,2.0,0.0,discovery,baseline_constant,226.88567708333335,226.88567708333335,0.0,0.0,0.0,0.0,0.0,0.0,128,5000,False
perish_m5_L2_cv2_f0,5,2,2.0,0.0,discovery,best_of_n_r1,214.9567708333333,259.3432291666667,17.114947814893,16.748500169492708,17.485352801295722,44.386458333333366,43.52206380208332,45.27110677083337,128,5000,True
perish_m5_L2_cv2_f0,5,2,2.0,0.0,discovery,best_of_n_r2,215.12343750000002,236.10651041666665,8.887121697591887,8.610272367999674,9.165082861431761,20.98307291666663,20.37837890624998,21.576575520833302,128,5000,True
perish_m5_L2_cv2_f0,5,2,2.0,0.0,discovery,best_of_n_r3,214.92317708333331,259.3432291666667,17.12790120878261,16.773704592267325,17.506361442529677,44.42005208333336,43.563665364583315,45.29590494791673,128,5000,True
perish_m5_L2_cv2_f0,5,2,2.0,0.0,discovery,evolution_r1,220.19348958333333,247.68359375,11.098879724110379,10.775410414151228,11.424517998889657,27.49010416666667,26.73644531249997,28.24063151041666,128,5000,True
perish_m5_L2_cv2_f0,5,2,2.0,0.0,discovery,evolution_r2,216.28880208333334,252.59114583333331,14.371977937007054,14.017619489907904,14.716821398020578,36.30234374999998,35.495566406250006,37.10668619791665,128,5000,True
perish_m5_L2_cv2_f0,5,2,2.0,0.0,discovery,evolution_r3,215.68072916666665,251.471875,14.232663526819195,13.905119389095912,14.561767589926315,35.79114583333336,35.03591796875002,36.553938802083316,128,5000,True
perish_m5_L2_cv2_f0,5,2,2.0,0.0,discovery,one_query_r1,216.49453125000002,265.8130208333333,18.55382758478801,18.179281105994683,18.938002168179004,49.3184895833333,48.41297526041668,50.25339192708334,128,5000,True
perish_m5_L2_cv2_f0,5,2,2.0,0.0,discovery,one_query_r2,215.94192708333333,260.2065104166667,17.011328141810445,16.638971509371974,17.396764096689314,44.26458333333335,43.39683593749999,45.17764322916664,128,5000,True
perish_m5_L2_cv2_f0,5,2,2.0,0.0,discovery,one_query_r3,217.10781250000002,263.88515625,17.726402051081642,17.349035078677055,18.100307057066054,46.77734375,45.869160156250025,47.65998697916667,128,5000,True
perish_m5_L2_cv2_f0.5,5,2,2.0,0.5,discovery,baseline_age_discount,191.75625,195.24244791666666,1.7855737591216059,1.6596659360707224,1.914255005860352,3.4861979166666686,3.2223893229166705,3.7536783854166704,128,5000,True
perish_m5_L2_cv2_f0.5,5,2,2.0,0.5,discovery,baseline_base_stock,198.91484375,199.72708333333335,0.4066747332297358,0.35675986005529214,0.4560994701364066,0.8122395833333655,0.7106640624999763,0.9151041666667084,128,5000,True
perish_m5_L2_cv2_f0.5,5,2,2.0,0.5,discovery,baseline_bsp_low_ew_mixed_l2,191.66380208333334,194.73020833333334,1.5746946897684295,1.4521575222123286,1.6949052735246137,3.06640625,2.8124739583333622,3.3117317708333713,128,5000,True
perish_m5_L2_cv2_f0.5,5,2,2.0,0.5,discovery,baseline_capped_base_stock,193.61276041666667,196.925,1.6819802378232003,1.5673139711221302,1.7903420517664452,3.312239583333337,3.078385416666663,3.533606770833328,128,5000,True
perish_m5_L2_cv2_f0.5,5,2,2.0,0.5,discovery,baseline_constant,194.53723958333333,194.53723958333333,0.0,0.0,0.0,0.0,0.0,0.0,128,5000,False
perish_m5_L2_cv2_f0.5,5,2,2.0,0.5,discovery,best_of_n_r1,191.42161458333334,218.53645833333331,12.407469196120013,12.056681497771692,12.765608309711999,27.114843749999977,26.48697265624999,27.770618489583345,128,5000,True
perish_m5_L2_cv2_f0.5,5,2,2.0,0.5,discovery,best_of_n_r2,191.33489583333335,202.35026041666669,5.443711592291112,5.205724433338281,5.680955419445838,11.015364583333337,10.594765624999985,11.427122395833342,128,5000,True
perish_m5_L2_cv2_f0.5,5,2,2.0,0.5,discovery,best_of_n_r3,193.5078125,218.53645833333331,11.452846826664116,11.060196836465124,11.846892306319535,25.028645833333314,24.271308593749975,25.78099609375003,128,5000,True
perish_m5_L2_cv2_f0.5,5,2,2.0,0.5,discovery,evolution_r1,191.46015625,204.1921875,6.235317524084989,5.929131701069412,6.535844980821661,12.732031249999977,12.16950520833331,13.27162760416669,128,5000,True
perish_m5_L2_cv2_f0.5,5,2,2.0,0.5,discovery,evolution_r2,191.31979166666667,211.340625,9.473253584507624,9.14639032484561,9.799930009118219,20.020833333333314,19.426542968750017,20.62187499999999,128,5000,True
perish_m5_L2_cv2_f0.5,5,2,2.0,0.5,discovery,evolution_r3,191.2546875,208.75,8.380988023952101,8.074384322187909,8.688787684088194,17.49531250000001,16.935911458333358,18.047408854166658,128,5000,True
perish_m5_L2_cv2_f0.5,5,2,2.0,0.5,discovery,one_query_r1,192.45052083333331,227.76302083333331,15.504053235156242,15.15906157417831,15.876237096279247,35.3125,34.6512239583333,36.011230468750036,128,5000,True
perish_m5_L2_cv2_f0.5,5,2,2.0,0.5,discovery,one_query_r2,191.35312499999998,222.71510416666666,14.08165794772377,13.722571676753372,14.422485872046856,31.361979166666686,30.690865885416674,31.999765625000002,128,5000,True
perish_m5_L2_cv2_f0.5,5,2,2.0,0.5,discovery,one_query_r3,191.6286458333333,223.46666666666667,14.247324358591896,13.883555590377084,14.59740781485339,31.83802083333336,31.16014973958336,32.50680338541665,128,5000,True
