name,m,L,cv,f,split,candidate,reference,candidate_cost,reference_cost,improvement_pct,improvement_ci_low,improvement_ci_high,absolute_improvement,absolute_ci_low,absolute_ci_high,paths,bootstrap_draws,path_ci_excludes_zero
perish_m3_L2_cv1.5_f0,3,2,1.5,0.0,discovery,evolution,baek,233.4157986111111,233.62968749999996,0.09155038949785625,0.006741741340108176,0.18305341422539276,0.21388888888887436,0.015692274305553873,0.4266536458333483,128,5000,True
perish_m3_L2_cv1.5_f0,3,2,1.5,0.0,discovery,evolution,one_query,233.4157986111111,233.77378472222222,0.15313355667166612,0.0852875658398421,0.22509770490000483,0.3579861111111029,0.19878038194445083,0.5262196180555712,128,5000,True
perish_m3_L2_cv1.5_f0,3,2,1.5,0.0,discovery,evolution,best_of_n,233.4157986111111,233.4087673611111,-0.0030124189761495833,-0.04998037001013709,0.04108526509832106,-0.007031249999982947,-0.11590494791668532,0.09609809027774426,128,5000,False
perish_m3_L2_cv1.5_f0,3,2,1.5,0.0,discovery,evolution,baseline_constant,233.4157986111111,233.37630208333331,-0.016923966754643572,-0.0413759048714057,0.0066446410704232165,-0.039496527777799884,-0.09644097222221149,0.015464409722253502,128,5000,False
perish_m3_L2_cv1.5_f0,3,2,1.5,0.0,discovery,evolution,baseline_base_stock,233.4157986111111,250.48828125,6.815681178254277,6.643225811065157,6.9869990539677405,17.072482638888886,16.617964409722184,17.52156032986111,128,5000,True
perish_m3_L2_cv1.5_f0,3,2,1.5,0.0,discovery,evolution,baseline_capped_base_stock,233.4157986111111,233.37630208333331,-0.016923966754643572,-0.041568404935722864,0.006746561066438925,-0.039496527777799884,-0.09687499999998295,0.015716145833359656,128,5000,False
perish_m3_L2_cv1.5_f0,3,2,1.5,0.0,discovery,evolution,baseline_age_discount,233.4157986111111,233.37630208333331,-0.016923966754643572,-0.04102929296700672,0.007406201548730146,-0.039496527777799884,-0.09557508680558584,0.017363281250030095,128,5000,False
perish_m3_L2_cv1.5_f0,3,2,1.5,0.0,discovery,evolution,baseline_bsp_low_ew_mixed_l2,233.4157986111111,234.38072916666664,0.411693640081378,0.34827560594696966,0.4716477711967889,0.9649305555555259,0.8180533854166427,1.1031271701388945,128,5000,True
perish_m3_L2_cv1.5_f0.5,3,2,1.5,0.5,discovery,evolution,baek,203.99435763888889,203.7341145833333,-0.12773661204839676,-0.15447686958435708,-0.10110533687602234,-0.2602430555555486,-0.31476128472221704,-0.20590060763887696,128,5000,True
perish_m3_L2_cv1.5_f0.5,3,2,1.5,0.5,discovery,evolution,one_query,203.99435763888889,203.99253472222222,-0.0008936193028587234,-0.02684808533382385,0.025795676946408632,-0.0018229166666685614,-0.05460286458333456,0.05251736111108727,128,5000,False
perish_m3_L2_cv1.5_f0.5,3,2,1.5,0.5,discovery,evolution,best_of_n,203.99435763888889,203.9078125,-0.04244326778254682,-0.06733490580345272,-0.017104749762472365,-0.08654513888890847,-0.13680772569447086,-0.03489583333336484,128,5000,True
perish_m3_L2_cv1.5_f0.5,3,2,1.5,0.5,discovery,evolution,baseline_constant,203.99435763888889,204.03203125,0.018464557197365502,-0.023997463943041433,0.06190903006027788,0.0376736111111029,-0.04869791666664085,0.12717230902774684,128,5000,False
perish_m3_L2_cv1.5_f0.5,3,2,1.5,0.5,discovery,evolution,baseline_base_stock,203.99435763888889,222.11276041666667,8.157299357222449,7.995666472292276,8.328328584640044,18.11840277777779,17.736243489583305,18.513663194444415,128,5000,True
perish_m3_L2_cv1.5_f0.5,3,2,1.5,0.5,discovery,evolution,baseline_capped_base_stock,203.99435763888889,204.03203125,0.018464557197365502,-0.024242075254042813,0.061254253129958997,0.0376736111111029,-0.049392361111075186,0.12508680555555501,128,5000,False
perish_m3_L2_cv1.5_f0.5,3,2,1.5,0.5,discovery,evolution,baseline_age_discount,203.99435763888889,204.21276041666664,0.1069486438223229,0.0625878210651583,0.15236193192682937,0.2184027777777544,0.1281228298610948,0.3103320312500038,128,5000,True
perish_m3_L2_cv1.5_f0.5,3,2,1.5,0.5,discovery,evolution,baseline_bsp_low_ew_mixed_l2,203.99435763888889,203.95442708333331,-0.019578175441740328,-0.06398122038612826,0.023815784176432306,-0.039930555555571345,-0.1298676215277645,0.04835503472220133,128,5000,False
perish_m3_L2_cv2_f0,3,2,2.0,0.0,discovery,evolution,baek,263.65225694444445,263.6105034722222,-0.0158390776058674,-0.06206586196450441,0.026957555574472995,-0.04175347222218306,-0.16312282986112336,0.07118055555554292,128,5000,False
perish_m3_L2_cv2_f0,3,2,2.0,0.0,discovery,evolution,one_query,263.65225694444445,263.57916666666665,-0.0277299145839653,-0.06983434588447218,0.013111831732569182,-0.0730902777777942,-0.18351128472222342,0.03455078125000878,128,5000,False
perish_m3_L2_cv2_f0,3,2,2.0,0.0,discovery,evolution,best_of_n,263.65225694444445,263.5385416666667,-0.04314939175826615,-0.11123487293461376,0.023237784501772215,-0.11371527777777146,-0.29305772569444316,0.06120008680557444,128,5000,False
perish_m3_L2_cv2_f0,3,2,2.0,0.0,discovery,evolution,baseline_constant,263.65225694444445,266.128125,0.9303293500285118,0.8301545846904865,1.0275454561787893,2.4758680555555657,2.2143229166666742,2.728860677083356,128,5000,True
perish_m3_L2_cv2_f0,3,2,2.0,0.0,discovery,evolution,baseline_base_stock,263.65225694444445,277.2484375,4.903970128075321,4.7338770435078805,5.078945173377375,13.596180555555577,13.103806423611136,14.096894531249953,128,5000,True
perish_m3_L2_cv2_f0,3,2,2.0,0.0,discovery,evolution,baseline_capped_base_stock,263.65225694444445,265.6486979166666,0.7515342585448844,0.6555419038735573,0.8495262938963428,1.9964409722221603,1.742771267361101,2.257146267361122,128,5000,True
perish_m3_L2_cv2_f0,3,2,2.0,0.0,discovery,evolution,baseline_age_discount,263.65225694444445,263.55208333333337,-0.03800903785092743,-0.11411196274460428,0.042503211259872394,-0.10017361111107448,-0.30044270833333825,0.11157335069446889,128,5000,False
perish_m3_L2_cv2_f0,3,2,2.0,0.0,discovery,evolution,baseline_bsp_low_ew_mixed_l2,263.65225694444445,265.26640625000005,0.6085012152026316,0.5128467196691319,0.7036707206810522,1.6141493055555998,1.360323350694432,1.8675390624999948,128,5000,True
perish_m3_L2_cv2_f0.5,3,2,2.0,0.5,discovery,evolution,baek,233.7448784722222,233.74184027777778,-0.0012998077027401255,-0.020752077356119822,0.01762770772751453,-0.0030381944444570763,-0.04852430555555998,0.04123263888891415,128,5000,False
perish_m3_L2_cv2_f0.5,3,2,2.0,0.5,discovery,evolution,one_query,233.7448784722222,233.81605902777778,0.030442971219147512,0.0055850617569472615,0.05588376149791984,0.07118055555557135,0.013190104166672968,0.13021484375000858,128,5000,True
perish_m3_L2_cv2_f0.5,3,2,2.0,0.5,discovery,evolution,best_of_n,233.7448784722222,233.68897569444445,-0.023921872057351436,-0.04164370424574246,-0.006583633533748407,-0.05590277777776009,-0.09730902777775512,-0.015364583333336412,128,5000,True
perish_m3_L2_cv2_f0.5,3,2,2.0,0.5,discovery,evolution,baseline_constant,233.7448784722222,235.78776041666669,0.8664071200449269,0.7875320263244303,0.9461487671940293,2.042881944444474,1.8621506076388492,2.2261414930555614,128,5000,True
perish_m3_L2_cv2_f0.5,3,2,2.0,0.5,discovery,evolution,baseline_base_stock,233.7448784722222,249.015625,6.132445113746492,5.975797808868405,6.283847713775283,15.270746527777789,14.91559461805559,15.62258680555559,128,5000,True
perish_m3_L2_cv2_f0.5,3,2,2.0,0.5,discovery,evolution,baseline_capped_base_stock,233.7448784722222,235.11380208333333,0.5822387282163535,0.5186787353264264,0.6445542609798915,1.3689236111111143,1.2214366319444623,1.5109375000000114,128,5000,True
perish_m3_L2_cv2_f0.5,3,2,2.0,0.5,discovery,evolution,baseline_age_discount,233.7448784722222,233.76692708333331,0.009431877890597845,-0.023860059742735404,0.04171301835362093,0.0220486111111029,-0.055731336805512656,0.0975694444444187,128,5000,False
perish_m3_L2_cv2_f0.5,3,2,2.0,0.5,discovery,evolution,baseline_bsp_low_ew_mixed_l2,233.7448784722222,234.22760416666668,0.20609257229177003,0.1581787995625939,0.25049758731148136,0.48272569444446844,0.37091796875003025,0.5867317708333223,128,5000,True
perish_m4_L2_cv1.5_f0,4,2,1.5,0.0,transfer,evolution,baek,205.46527777777774,202.73177083333334,-1.3483367373590676,-1.4881377805822809,-1.206728857479141,-2.7335069444444287,-3.0128580729166794,-2.451558159722189,128,5000,True
perish_m4_L2_cv1.5_f0,4,2,1.5,0.0,transfer,evolution,one_query,205.46527777777774,204.11848958333334,-0.6598070548109701,-0.7614551280558185,-0.5612829799050368,-1.3467881944444287,-1.5492252604166339,-1.1464388020833334,128,5000,True
perish_m4_L2_cv1.5_f0,4,2,1.5,0.0,transfer,evolution,best_of_n,205.46527777777774,203.26857638888887,-1.0806891197418476,-1.1772486087958383,-0.9811423080247269,-2.1967013888888687,-2.39073784722222,-1.9968576388888781,128,5000,True
perish_m4_L2_cv1.5_f0,4,2,1.5,0.0,transfer,evolution,baseline_constant,205.46527777777774,210.32994791666667,2.3128756447067125,2.1962997590025353,2.4331876709378832,4.864670138888897,4.6160525173611555,5.126835937500029,128,5000,True
perish_m4_L2_cv1.5_f0,4,2,1.5,0.0,transfer,evolution,baseline_base_stock,205.46527777777774,215.53072916666667,4.670077175447887,4.454118355127608,4.877852188473067,10.065451388888903,9.585182291666676,10.53134982638886,128,5000,True
perish_m4_L2_cv1.5_f0,4,2,1.5,0.0,transfer,evolution,baseline_capped_base_stock,205.46527777777774,210.32994791666667,2.3128756447067125,2.1982657704389217,2.4312016845481637,4.864670138888897,4.614839409722228,5.11997395833335,128,5000,True
perish_m4_L2_cv1.5_f0,4,2,1.5,0.0,transfer,evolution,baseline_age_discount,205.46527777777774,207.16692708333335,0.8213904263160137,0.6973854237326779,0.9446181808960025,1.701649305555577,1.444667968750008,1.9554709201388825,128,5000,True
perish_m4_L2_cv1.5_f0,4,2,1.5,0.0,transfer,evolution,baseline_bsp_low_ew_mixed_l2,205.46527777777774,206.52942708333333,0.5152531145724732,0.36456829016222886,0.6596136535836382,1.06414930555556,0.7530208333332901,1.3630230034722537,128,5000,True
perish_m4_L2_cv1.5_f0.5,4,2,1.5,0.5,transfer,evolution,baek,175.69600694444443,175.6595486111111,-0.020755110451768668,-0.050835837237556726,0.007987145650481014,-0.036458333333314386,-0.08923611111109224,0.01406467013888314,128,5000,False
perish_m4_L2_cv1.5_f0.5,4,2,1.5,0.5,transfer,evolution,one_query,175.69600694444443,175.7463541666667,0.028647662400144266,-0.007603159745072375,0.06522309530776496,0.05034722222222854,-0.01337890625000426,0.11467230902778593,128,5000,False
perish_m4_L2_cv1.5_f0.5,4,2,1.5,0.5,transfer,evolution,best_of_n,175.69600694444443,177.00677083333335,0.7405162428069533,0.6873532528779907,0.7932857736651049,1.3107638888889142,1.2155338541666296,1.4060828993055294,128,5000,True
perish_m4_L2_cv1.5_f0.5,4,2,1.5,0.5,transfer,evolution,baseline_constant,175.69600694444443,179.52265625,2.1315690094439415,1.9735462485636706,2.286041135271584,3.826649305555577,3.5317621527777705,4.121460503472218,128,5000,True
perish_m4_L2_cv1.5_f0.5,4,2,1.5,0.5,transfer,evolution,baseline_base_stock,175.69600694444443,188.2265625,6.657166442996357,6.4609890019842,6.848332319362051,12.530555555555566,12.148088107638864,12.904079861111088,128,5000,True
perish_m4_L2_cv1.5_f0.5,4,2,1.5,0.5,transfer,evolution,baseline_capped_base_stock,175.69600694444443,178.33046874999997,1.4772920320468412,1.351250552843355,1.60333511353965,2.6344618055555316,2.413878038194447,2.8559960937499924,128,5000,True
perish_m4_L2_cv1.5_f0.5,4,2,1.5,0.5,transfer,evolution,baseline_age_discount,175.69600694444443,175.96276041666667,0.1515965489462554,0.09465323785084545,0.20675557182305437,0.2667534722222342,0.16648003472218847,0.3639800347222134,128,5000,True
perish_m4_L2_cv1.5_f0.5,4,2,1.5,0.5,transfer,evolution,baseline_bsp_low_ew_mixed_l2,175.69600694444443,176.3046875,0.3452435463779519,0.29027077066836315,0.40025989201951884,0.6086805555555657,0.5109288194444283,0.7065993923611159,128,5000,True
perish_m4_L2_cv2_f0,4,2,2.0,0.0,transfer,evolution,baek,238.60269097222218,236.7473090277778,-0.7836971630485363,-0.8935509317229887,-0.6750180945964451,-1.8553819444444457,-2.1111566840277805,-1.597712673611083,128,5000,True
perish_m4_L2_cv2_f0,4,2,2.0,0.0,transfer,evolution,one_query,238.60269097222218,237.42821180555555,-0.49466706493518187,-0.5564168739816994,-0.43546542471182215,-1.1744791666666288,-1.3197113715277304,-1.0371462673610836,128,5000,True
perish_m4_L2_cv2_f0,4,2,2.0,0.0,transfer,evolution,best_of_n,238.60269097222218,237.31553819444446,-0.5423803209729656,-0.6408257527564553,-0.44380355168821417,-1.2871527777777487,-1.5182356770832954,-1.052934027777746,128,5000,True
perish_m4_L2_cv2_f0,4,2,2.0,0.0,transfer,evolution,baseline_constant,238.60269097222218,243.63619791666667,2.0659930615754107,1.925787345913855,2.203648951445989,5.0335069444444684,4.7002387152777905,5.368157552083347,128,5000,True
perish_m4_L2_cv2_f0,4,2,2.0,0.0,transfer,evolution,baseline_base_stock,238.60269097222218,247.33776041666667,3.5316360226312846,3.385217368850002,3.6752028453768224,8.735069444444463,8.383417968749963,9.08290364583335,128,5000,True
perish_m4_L2_cv2_f0,4,2,2.0,0.0,transfer,evolution,baseline_capped_base_stock,238.60269097222218,242.76171875,1.71321401050914,1.593233115154057,1.8318203165401055,4.159027777777794,3.866644965277758,4.441085069444421,128,5000,True
perish_m4_L2_cv2_f0,4,2,2.0,0.0,transfer,evolution,baseline_age_discount,238.60269097222218,240.4265625,0.7585981801731175,0.6679207671137022,0.8498473745437705,1.8238715277777828,1.6078949652777994,2.0406401909722005,128,5000,True
perish_m4_L2_cv2_f0,4,2,2.0,0.0,transfer,evolution,baseline_bsp_low_ew_mixed_l2,238.60269097222218,240.76354166666667,0.8974991310919186,0.7940550894493155,1.000122158136384,2.1608506944444628,1.9143098958333298,2.4031271701389336,128,5000,True
perish_m4_L2_cv2_f0.5,4,2,2.0,0.5,transfer,evolution,baek,210.88350694444443,209.90729166666665,-0.4650697315117372,-0.5070992004128424,-0.4238390099576569,-0.976215277777726,-1.0623263888888352,-0.8916644965277634,128,5000,True
perish_m4_L2_cv2_f0.5,4,2,2.0,0.5,transfer,evolution,one_query,210.88350694444443,210.05112847222222,-0.39627422060352957,-0.4364441219170165,-0.35580290858977115,-0.8323784722222172,-0.9137174479166716,-0.7486067708333523,128,5000,True
perish_m4_L2_cv2_f0.5,4,2,2.0,0.5,transfer,evolution,best_of_n,210.88350694444443,210.05659722222222,-0.39366043873758416,-0.44859706051836856,-0.33839087493164743,-0.8269097222222399,-0.9416688368055794,-0.7108463541666687,128,5000,True
perish_m4_L2_cv2_f0.5,4,2,2.0,0.5,transfer,evolution,baseline_constant,210.88350694444443,212.04322916666666,0.5469272594932437,0.4892259503272307,0.6053449687641405,1.1597222222222285,1.040362413194454,1.2795160590278023,128,5000,True
perish_m4_L2_cv2_f0.5,4,2,2.0,0.5,transfer,evolution,baseline_base_stock,210.88350694444443,220.52994791666669,4.374209064733206,4.203790794805474,4.544643618501704,9.646440972222251,9.245288628472206,10.038036024305542,128,5000,True
perish_m4_L2_cv2_f0.5,4,2,2.0,0.5,transfer,evolution,baseline_capped_base_stock,210.88350694444443,211.23072916666666,0.16438054424754694,0.11475622779683421,0.21433844849481043,0.34722222222222854,0.24226996527774886,0.4534722222222456,128,5000,True
perish_m4_L2_cv2_f0.5,4,2,2.0,0.5,transfer,evolution,baseline_age_discount,210.88350694444443,210.28020833333335,-0.28690223197551007,-0.336472336073013,-0.23528067144601136,-0.6032986111110858,-0.7055598958333533,-0.4935763888888687,128,5000,True
perish_m4_L2_cv2_f0.5,4,2,2.0,0.5,transfer,evolution,baseline_bsp_low_ew_mixed_l2,210.88350694444443,210.36328125,-0.24729871646477483,-0.31328986841437884,-0.1770607355319018,-0.5202256944444343,-0.6579861111111143,-0.3727365451388942,128,5000,True
perish_m5_L2_cv1.5_f0,5,2,1.5,0.0,discovery,evolution,baek,181.21137152777774,177.90720486111113,-1.857241627311371,-1.995079460104514,-1.7236587938777397,-3.3041666666666742,-3.5500889756944547,-3.069001736111129,128,5000,True
perish_m5_L2_cv1.5_f0,5,2,1.5,0.0,discovery,evolution,one_query,181.21137152777774,179.7932291666667,-0.7887629404533937,-0.8716065593966232,-0.704990970332947,-1.4181423611111086,-1.5675455729166514,-1.26865668402779,128,5000,True
perish_m5_L2_cv1.5_f0,5,2,1.5,0.0,discovery,evolution,best_of_n,181.21137152777774,178.88585069444446,-1.3000026689118092,-1.4062372077165046,-1.1892607275614817,-2.3255208333333712,-2.5119878472222466,-2.128634982638921,128,5000,True
perish_m5_L2_cv1.5_f0,5,2,1.5,0.0,discovery,evolution,baseline_constant,181.21137152777774,194.02916666666667,6.60611770853466,6.398911021933576,6.805679957201283,12.817795138888897,12.373081597222223,13.244450954861135,128,5000,True
perish_m5_L2_cv1.5_f0,5,2,1.5,0.0,discovery,evolution,baseline_base_stock,181.21137152777774,189.56979166666667,4.4091519357609865,4.2243496008142465,4.587847034464715,8.358420138888903,7.9842816840277795,8.716414930555562,128,5000,True
perish_m5_L2_cv1.5_f0,5,2,1.5,0.0,discovery,evolution,baseline_capped_base_stock,181.21137152777774,187.67916666666665,3.4461977073759074,3.2827583304181274,3.6108573933111177,6.467795138888874,6.15650173611108,6.788895399305557,128,5000,True
perish_m5_L2_cv1.5_f0,5,2,1.5,0.0,discovery,evolution,baseline_age_discount,181.21137152777774,185.42473958333335,2.272279343642821,2.136939894165208,2.405065686107054,4.213368055555577,3.9623242187499796,4.459210069444442,128,5000,True
perish_m5_L2_cv1.5_f0,5,2,1.5,0.0,discovery,evolution,baseline_bsp_low_ew_mixed_l2,181.21137152777774,183.62161458333333,1.3126140193379627,1.1908667195691882,1.4323411638243924,2.4102430555555543,2.1885329861110683,2.627471788194409,128,5000,True
perish_m5_L2_cv1.5_f0.5,5,2,1.5,0.5,discovery,evolution,baek,153.91675347222224,153.78177083333333,-0.08777544838859876,-0.13048981395680306,-0.047742388562459055,-0.13498263888888573,-0.20139105902780158,-0.07326388888890208,128,5000,True
perish_m5_L2_cv1.5_f0.5,5,2,1.5,0.5,discovery,evolution,one_query,153.91675347222224,153.93975694444444,0.014943165221770407,-0.027577329092216742,0.05557016910077883,0.023003472222200116,-0.042536892361116685,0.08533203125000878,128,5000,False
perish_m5_L2_cv1.5_f0.5,5,2,1.5,0.5,discovery,evolution,best_of_n,153.91675347222224,153.8581597222222,-0.0380829655741275,-0.08605364081398718,0.00974684855499899,-0.05859375,-0.13255208333333712,0.014939236111120965,128,5000,False
perish_m5_L2_cv1.5_f0.5,5,2,1.5,0.5,discovery,evolution,baseline_constant,153.91675347222224,161.59635416666669,4.7523353692273815,4.473608279626614,5.02414200667864,7.679600694444446,7.2343554687499445,8.105993923611104,128,5000,True
perish_m5_L2_cv1.5_f0.5,5,2,1.5,0.5,discovery,evolution,baseline_base_stock,153.91675347222224,163.28645833333334,5.738200801675646,5.521553341226994,5.9504075544712425,9.369704861111103,9.016456163194432,9.721703559027791,128,5000,True
perish_m5_L2_cv1.5_f0.5,5,2,1.5,0.5,discovery,evolution,baseline_capped_base_stock,153.91675347222224,155.9171875,1.2830105903351876,1.1592298516016124,1.4076264446081481,2.0004340277777715,1.8052864583332968,2.195143229166669,128,5000,True
perish_m5_L2_cv1.5_f0.5,5,2,1.5,0.5,discovery,evolution,baseline_age_discount,153.91675347222224,154.24166666666667,0.21065202514091588,0.14306473024271008,0.2821409208975289,0.32491319444443434,0.22057291666666784,0.4348177083333438,128,5000,True
perish_m5_L2_cv1.5_f0.5,5,2,1.5,0.5,discovery,evolution,baseline_bsp_low_ew_mixed_l2,153.91675347222224,154.54973958333332,0.40956789239348645,0.3089572377417194,0.509099965216958,0.6329861111110802,0.4776909722222335,0.7857703993055473,128,5000,True
perish_m5_L2_cv2_f0,5,2,2.0,0.0,discovery,evolution,baek,217.38767361111113,214.83480902777777,-1.188291876389185,-1.2866487914665234,-1.093882834644299,-2.552864583333303,-2.7619965277777743,-2.3506835937499844,128,5000,True
perish_m5_L2_cv2_f0,5,2,2.0,0.0,discovery,evolution,one_query,217.38767361111113,216.51475694444446,-0.40316728475493724,-0.48143323662639215,-0.3215234848165,-0.8729166666666686,-1.0440104166666522,-0.6964192708333168,128,5000,True
perish_m5_L2_cv2_f0,5,2,2.0,0.0,discovery,evolution,best_of_n,217.38767361111113,215.00112847222218,-1.1100151686865218,-1.2042885512636998,-1.0124423829804814,-2.386545138888863,-2.5904687500000185,-2.176291232638854,128,5000,True
perish_m5_L2_cv2_f0,5,2,2.0,0.0,discovery,evolution,baseline_constant,217.38767361111113,226.88567708333335,4.186250800103926,4.044552460348185,4.331634430705211,9.498003472222251,9.16736111111112,9.838196614583302,128,5000,True
perish_m5_L2_cv2_f0,5,2,2.0,0.0,discovery,evolution,baseline_base_stock,217.38767361111113,225.12708333333333,3.437795936245891,3.299317987632131,3.5750113335512284,7.739409722222234,7.4249978298611214,8.043320312500022,128,5000,True
perish_m5_L2_cv2_f0,5,2,2.0,0.0,discovery,evolution,baseline_capped_base_stock,217.38767361111113,223.39765625,2.6902621718480604,2.5574352653799335,2.8280039321804114,6.009982638888914,5.713409288194437,6.314435763888916,128,5000,True
perish_m5_L2_cv2_f0,5,2,2.0,0.0,discovery,evolution,baseline_age_discount,217.38767361111113,221.77812500000002,1.9796593504832452,1.874041860179777,2.080227485678425,4.39045138888892,4.153969184027782,4.609481336805526,128,5000,True
perish_m5_L2_cv2_f0,5,2,2.0,0.0,discovery,evolution,baseline_bsp_low_ew_mixed_l2,217.38767361111113,219.96822916666667,1.1731492158353143,1.0734294242129383,1.268268405276458,2.580555555555577,2.362389322916708,2.7933181423611066,128,5000,True
perish_m5_L2_cv2_f0.5,5,2,2.0,0.5,discovery,evolution,baek,191.34487847222223,191.29461805555556,-0.026273826821436898,-0.05511279548779466,0.0020429116736403663,-0.050260416666645824,-0.10555555555555429,0.003914930555554592,128,5000,False
perish_m5_L2_cv2_f0.5,5,2,2.0,0.5,discovery,evolution,one_query,191.34487847222223,191.81076388888889,0.24288804612476486,0.20877853232537627,0.2773848269290136,0.46588541666670835,0.40008246527775454,0.5326410590277583,128,5000,True
perish_m5_L2_cv2_f0.5,5,2,2.0,0.5,discovery,evolution,best_of_n,191.34487847222223,192.0881076388889,0.3869209686129674,0.3512120179451558,0.42301425759077776,0.7432291666667084,0.6723068576389387,0.8143229166666686,128,5000,True
perish_m5_L2_cv2_f0.5,5,2,2.0,0.5,discovery,evolution,baseline_constant,191.34487847222223,194.53723958333333,1.6410025751103678,1.4979589756097214,1.777892751354166,3.1923611111111256,2.9137890624999754,3.460939670138944,128,5000,True
perish_m5_L2_cv2_f0.5,5,2,2.0,0.5,discovery,evolution,baseline_base_stock,191.34487847222223,198.91484375,3.805631161087134,3.6565330300744545,3.964587625995729,7.569965277777783,7.274811197916675,7.887504340277767,128,5000,True
perish_m5_L2_cv2_f0.5,5,2,2.0,0.5,discovery,evolution,baseline_capped_base_stock,191.34487847222223,193.61276041666667,1.1713494191001903,1.0844948922838364,1.261057854374723,2.2678819444444684,2.099470486111085,2.442016059027769,128,5000,True
perish_m5_L2_cv2_f0.5,5,2,2.0,0.5,discovery,evolution,baseline_age_discount,191.34487847222223,191.75625,0.2145283545009816,0.16137602452798072,0.2681996002585628,0.4113715277777885,0.30919487847221416,0.5139778645833558,128,5000,True
perish_m5_L2_cv2_f0.5,5,2,2.0,0.5,discovery,evolution,baseline_bsp_low_ew_mixed_l2,191.34487847222223,191.66380208333334,0.16639741445412148,0.12010394002131163,0.21352514198891648,0.3189236111111313,0.23028862847222484,0.4093836805555667,128,5000,True
