name,m,L,cv,f,split,mean_improvement_pct,evolution_worst_cost,baek_best_cost,all_repeat_costs_separated,robust_screen_candidate,paired_ci_low,paired_ci_high
perish_m3_L2_cv1.5_f0,3,2,1.5,0.0,discovery,0.09155038949785625,233.49479166666666,233.43671875,False,False,0.006741741340108176,0.18305341422539276
perish_m3_L2_cv1.5_f0.5,3,2,1.5,0.5,discovery,-0.12773661204839676,204.22395833333331,203.63671875,False,False,-0.15447686958435708,-0.10110533687602234
perish_m3_L2_cv2_f0,3,2,2.0,0.0,discovery,-0.0158390776058674,263.8140625,263.41015625,False,False,-0.06206586196450441,0.026957555574472995
perish_m3_L2_cv2_f0.5,3,2,2.0,0.5,discovery,-0.0012998077027401255,233.8484375,233.67890625,False,False,-0.020752077356119822,0.01762770772751453
perish_m4_L2_cv1.5_f0,4,2,1.5,0.0,transfer,-1.3483367373590676,208.38671875,202.546875,False,False,-1.4881377805822809,-1.206728857479141
perish_m4_L2_cv1.5_f0.5,4,2,1.5,0.5,transfer,-0.020755110451768668,175.70703125,175.61015625,False,False,-0.050835837237556726,0.007987145650481014
perish_m4_L2_cv2_f0,4,2,2.0,0.0,transfer,-0.7836971630485363,240.521875,236.53958333333335,False,False,-0.8935509317229887,-0.6750180945964451
perish_m4_L2_cv2_f0.5,4,2,2.0,0.5,transfer,-0.4650697315117372,212.04322916666666,209.88619791666667,False,False,-0.5070992004128424,-0.4238390099576569
perish_m5_L2_cv1.5_f0,5,2,1.5,0.0,discovery,-1.857241627311371,183.559375,177.51067708333332,False,False,-1.995079460104514,-1.7236587938777397
perish_m5_L2_cv1.5_f0.5,5,2,1.5,0.5,discovery,-0.08777544838859876,153.98333333333335,153.73203125000003,False,False,-0.13048981395680306,-0.047742388562459055
perish_m5_L2_cv2_f0,5,2,2.0,0.0,discovery,-1.188291876389185,220.19348958333333,214.43229166666669,False,False,-1.2866487914665234,-1.093882834644299
perish_m5_L2_cv2_f0.5,5,2,2.0,0.5,discovery,-0.026273826821436898,191.46015625,191.16822916666666,False,False,-0.05511279548779466,0.0020429116736403663
