profile,name,m,L,mean,cv,f,h,p,w,inventory_position_cap,numeric_structure_feedback
primary,perish_m3_L2_cv1.5_f0,3,2,4.0,1.5,0.0,0.0,100.0,100.0,17,True
primary,perish_m3_L2_cv1.5_f0.5,3,2,4.0,1.5,0.5,0.0,100.0,100.0,16,True
primary,perish_m3_L2_cv2_f0,3,2,4.0,2.0,0.0,0.0,100.0,100.0,14,True
primary,perish_m3_L2_cv2_f0.5,3,2,4.0,2.0,0.5,0.0,100.0,100.0,14,True
primary,perish_m4_L2_cv1.5_f0,4,2,4.0,1.5,0.0,0.0,100.0,100.0,21,False
primary,perish_m4_L2_cv1.5_f0.5,4,2,4.0,1.5,0.5,0.0,100.0,100.0,20,False
primary,perish_m4_L2_cv2_f0,4,2,4.0,2.0,0.0,0.0,100.0,100.0,18,False
primary,perish_m4_L2_cv2_f0.5,4,2,4.0,2.0,0.5,0.0,100.0,100.0,17,False
primary,perish_m5_L2_cv1.5_f0,5,2,4.0,1.5,0.0,0.0,100.0,100.0,25,True
primary,perish_m5_L2_cv1.5_f0.5,5,2,4.0,1.5,0.5,0.0,100.0,100.0,24,True
primary,perish_m5_L2_cv2_f0,5,2,4.0,2.0,0.0,0.0,100.0,100.0,22,True
primary,perish_m5_L2_cv2_f0.5,5,2,4.0,2.0,0.5,0.0,100.0,100.0,21,True
extended,perish_m7_L2_cv1.5_f0,7,2,4.0,1.5,0.0,0.0,100.0,100.0,32,True
extended,perish_m7_L2_cv1.5_f0.5,7,2,4.0,1.5,0.5,0.0,100.0,100.0,32,True
extended,perish_m7_L2_cv2_f0,7,2,4.0,2.0,0.0,0.0,100.0,100.0,29,True
extended,perish_m7_L2_cv2_f0.5,7,2,4.0,2.0,0.5,0.0,100.0,100.0,28,True
extended,perish_m8_L2_cv1.5_f0,8,2,4.0,1.5,0.0,0.0,100.0,100.0,36,False
extended,perish_m8_L2_cv1.5_f0.5,8,2,4.0,1.5,0.5,0.0,100.0,100.0,36,False
extended,perish_m8_L2_cv2_f0,8,2,4.0,2.0,0.0,0.0,100.0,100.0,33,False
extended,perish_m8_L2_cv2_f0.5,8,2,4.0,2.0,0.5,0.0,100.0,100.0,32,False
